source_id	VFB_id	label	parent_classes	name_in_banc	name_in_flywire_fafb	name_in_hemibrain	name_in_male-cns	name_in_manc	name_in_neuprint_optic_lobe
10872426	VFB_00102ewq	VB: DPMm1 4_left (L1EM:10872426)	['DPMm1 lineage neuron']						
17990556	VFB_00102fj4	DPLam ASB Mackerel right (L1EM:17990556)	['DPLam lineage neuron']						
16952648	VFB_00102fbu	DALd midloop 1 left; DALd_l  9 (L1EM:16952648)	['DALd lineage neuron']						
17560205	VFB_001001v9	DPLc5 s 1 Right (L1EM:17560205)	['DPLc5 lineage neuron']						
10014485	VFB_001001ge	CM4 s loSM 5 Left (L1EM:10014485)	['CM4 lineage neuron']						
14266491	VFB_001001m5	CM4 s ppFB 3 Left (L1EM:14266491)	['CM4 lineage neuron']						
17544330	VFB_001001um	BLAvm ant s 5 Right (L1EM:17544330)	['BLAvm lineage neuron']						
12343219	VFB_001001id	DPMpm2 ppFB 5 - Right (L1EM:12343219)	['DPMpm2 lineage neuron']						
14266481	VFB_001001m3	CM4 s ppFB 5 Left (L1EM:14266481)	['CM4 lineage neuron']						
15669682	VFB_00102f64	BLVp1 hook 3 left (L1EM:15669682)	['BLVp1 lineage neuron']						
14266565	VFB_001001m8	CM4 s GC 4 Left (L1EM:14266565)	['CM4 lineage neuron']						
6154200	VFB_00102eny	DALd midloop 2 right; DALd_r 2 neuron 6154202 (L1EM:6154200)	['DALd lineage neuron']						
12367466	VFB_001001im	CM4 s dor pos MEF 1 Right (L1EM:12367466)	['CM4 lineage neuron']						
17731961	VFB_001001yj	DALl1 s 1 Left (L1EM:17731961)	['DALl1 lineage neuron']						
14546749	VFB_001001ni	CM4 s ven 4 Right (L1EM:14546749)	['CM4 lineage neuron']						
3945756	VFB_00102ek0	DPMm1 3 (Output of Munin)_left (L1EM:3945756)	['DPMm1 lineage neuron']						
15078687	VFB_001001r6	BAmd1 v s 4 Left (L1EM:15078687)	['BAmd1 lineage neuron']						
3755622	VFB_001001dv	DPMpm1 s left (L1EM:3755622)	['DPMpm1 lineage neuron']						
10888799	VFB_001001h6	CM4 s loSM 3 Left (L1EM:10888799)	['CM4 lineage neuron']						
15028907	VFB_00102f47	DPMpl3 contralateral left TODO (L1EM:15028907)	['DPMpl3 lineage neuron']						
17545744	VFB_001001uv	BAlc post s 6 Right (L1EM:17545744)	['BAlc lineage neuron']						
7373095	VFB_001001f0	BAmd1 d s 3 Right (L1EM:7373095)	['BAmd1 lineage neuron']						
19101351	VFB_00102fky	BLVp1 bilateral descending left (L1EM:19101351)	['BLVp1 lineage neuron']						
17430685	VFB_00102ffd	BLVp1 bilateral 5 left (L1EM:17430685)	['BLVp1 lineage neuron']						
14655602	VFB_00102f3e	DPML1_l (L1EM:14655602)	['DPMl1 lineage neuron']						
16950404	VFB_001001sb	DALd s 4 Right (L1EM:16950404)	['DALd lineage neuron']						
13341456	VFB_001001ki	DPMm1 s right (L1EM:13341456)	['DPMm1 lineage neuron']						
6046598	VFB_001001ep	DPMpm2 s loSM 3 Right (L1EM:6046598)	['DPMpm2 lineage neuron']						
14546734	VFB_001001nh	CM4 s MEFcom 5 Right (L1EM:14546734)	['CM4 lineage neuron']						
16327998	VFB_00102f7x	DALv3 ring2_left (LAL neuron) (L1EM:16327998)	['DALv3 lineage neuron']						
17376806	VFB_001001tj	TR BAlv s 3 Right (L1EM:17376806)	['BAlv lineage neuron']						
16629886	VFB_00102fa5	BLAvm bilateral neuron 3 right; VLP LAL (L1EM:16629886)	['BLAvm lineage neuron']						
12208050	VFB_001001i6	DPMpm1 ppFB 4 - Right (L1EM:12208050)	['DPMpm1 lineage neuron']						
16450562	VFB_00102f90	DPMpm2 small arc right (L1EM:16450562)	['DPMpm2 lineage neuron']						
14651659	VFB_00102f3d	BAmd2_v descending left (L1EM:14651659)	['BAmd2 lineage neuron']						
14267091	VFB_001001mc	DPMm1 ant comm s 2 Left (L1EM:14267091)	['DPMm1 lineage neuron']						
17733182	VFB_001001z4	TR Balv s 2 Left (L1EM:17733182)	['BAlv lineage neuron']						
14267037	VFB_001001mb	DAMd1 s 1 Left (L1EM:14267037)	['DAMd1 lineage neuron']						
6011278	VFB_00102eg9	DPLm1 contralateral 1 left (L1EM:6011278)	['DPLm1 lineage neuron']						
12204694	VFB_001001i1	DPMpm1 ppFB 1 - Right (L1EM:12204694)	['DPMpm1 lineage neuron']						
12618333	VFB_001001j6	BLAl s 3 Right (L1EM:12618333)	['BLAl1 lineage neuron']						
17360266	VFB_00102fem	DALv1 contralateral 4 left (L1EM:17360266)	['DALv1 lineage neuron']						
16742642	VFB_00102faq	DPLam hook left (L1EM:16742642)	['DPLam lineage neuron']						
16950736	VFB_001001sc	DALd s 1 Right (L1EM:16950736)	['DALd lineage neuron']						
14547001	VFB_001001o0	CM4 s GC 2 Right (L1EM:14547001)	['CM4 lineage neuron']						
13556524	VFB_001001ku	DPMm1 desc s lat 1 Right (L1EM:13556524)	['DPMm1 lineage neuron']						
11876076	VFB_00102ez6	BAlp4 ascending 2 left (L1EM:11876076)	['BAlp4 lineage neuron']						
12530013	VFB_001001ix	CM4 s ppFB 1 Left (L1EM:12530013)	['CM4 lineage neuron']						
5734134	VFB_00102emn	BAmd1 bilateral right (L1EM:5734134)	['BAmd1 lineage neuron']						
9954547	VFB_001001gc	CM4 s dor pos com 1 Left (L1EM:9954547)	['CM4 lineage neuron']						
7422253	VFB_00102ep3	DPLam Talon 1 right; DALl1 4 (L1EM:7422253)	['DPLam lineage neuron']						
11081239	VFB_00102exp	AF: DPLal BPL-to-medial_right (L1EM:11081239)	['DPLal1 lineage neuron']						
15607335	VFB_00102f5k	DALl1 bilateral 1 right (L1EM:15607335)	['DALl1 lineage neuron']						
19701236	VFB_0010021o	BLAl s 3 Left (L1EM:19701236)	['BLAl1 lineage neuron']						
2964760	VFB_00102eif	DPLd C neuron left (L1EM:2964760)	['DPLd lineage neuron']						
17729110	VFB_00102fha	BLAvm bilateral neuron 5 left (L1EM:17729110)	['BLAvm lineage neuron']						
14762026	VFB_00102f3u	DALl1 11 right (L1EM:14762026)	['DALl1 lineage neuron']						
19389324	VFB_0010020h	DPLd s 3 Left (L1EM:19389324)	['DPLd lineage neuron']						
16399845	VFB_00102f8i	BLAvm bilateral neuron 5 right (L1EM:16399845)	['BLAvm lineage neuron']						
17358864	VFB_00102fe4	BAmd2 contralateral descending 2 left (L1EM:17358864)	['BAmd2 lineage neuron']						
17193070	VFB_001001su	CP1v a s 1 Left (L1EM:17193070)	['CP1 lineage neuron']						
19359257	VFB_001001zq	BAlv s 1 Left (L1EM:19359257)	['BAlv lineage neuron']						
16851496	VFB_00102fax	DALd LAL output neuron 1 left (L1EM:16851496)	['DALd lineage neuron']						
17223643	VFB_00102fcz	BLVp1 hook left (L1EM:17223643)	['BLVp1 lineage neuron']						
20106468	VFB_00102flo	BLVp1 bilateral 5 right (L1EM:20106468)	['BLVp1 lineage neuron']						
17731956	VFB_001001yi	DALl1 s 4 Left (L1EM:17731956)	['DALl1 lineage neuron']						
19375188	VFB_001001zz	DPMpm2 ppFB 2 - Right (L1EM:19375188)	['DPMpm2 lineage neuron']						
12982435	VFB_001001jr	DPLd s 2 Right (L1EM:12982435)	['DPLd lineage neuron']						
10728323	VFB_00102ewc	DPMm1 ipsilateral descending left (L1EM:10728323)	['DPMm1 lineage neuron']						
19806028	VFB_0010021q	BLAl s 2 Left (L1EM:19806028)	['BLAl1 lineage neuron']						
14547157	VFB_001001ob	CM4 s GC 4 Right (L1EM:14547157)	['CM4 lineage neuron']						
13758977	VFB_001001l9	BAmd2 v s 5 Right (L1EM:13758977)	['BAmd2 lineage neuron']						
17360282	VFB_00102fen	DALv1_PB1_left (L1EM:17360282)	['DALv1 lineage neuron']						
16952665	VFB_00102fbv	DALd sparse descending left; DALd_l  12 (L1EM:16952665)	['DALd lineage neuron']						
19375193	VFB_0010020a	DPMpm2 ppFB 4 - Right (L1EM:19375193)	['DPMpm2 lineage neuron']						
16098538	VFB_00102f7d	DPLm2 gnarled left (L1EM:16098538)	['DPLm2 lineage neuron']						
17733478	VFB_001001z6	TR Balv s 3 Left (L1EM:17733478)	['BAlv lineage neuron']						
12346676	VFB_001001ig	CM4 s ppFB 2 Right  (L1EM:12346676)	['CM4 lineage neuron']						
10993782	VFB_001001hg	DPMm1 upp comm s 3 Left (L1EM:10993782)	['DPMm1 lineage neuron']						
5757817	VFB_001001ej	BLVp2 s 7 Right ; telegoro-like (L1EM:5757817)	['BLVp2 lineage neuron']						
17545878	VFB_001001v2	BAlc post s NB 1 Right  (L1EM:17545878)	['BAlc lineage neuron']						
17380013	VFB_001001tw	BLVp2 s 1 Right (L1EM:17380013)	['BLVp2 lineage neuron']						
14630189	VFB_001001p5	CM4 s dor pos MEF 2 Right (L1EM:14630189)	['CM4 lineage neuron']						
16950391	VFB_001001sa	DALd s 3 Right (L1EM:16950391)	['DALd lineage neuron']						
19352379	VFB_001001zk	BLAl s 5 Left (L1EM:19352379)	['BLAl1 lineage neuron']						
15541956	VFB_001001rl	BAmd1 d s 1 Left (L1EM:15541956)	['BAmd1 lineage neuron']						
17658672	VFB_00102fgm	BLVp1 hook 3 right (L1EM:17658672)	['BLVp1 lineage neuron']						
9103710	VFB_00102est	BLVp1 bilateral 1 right; Tel-like 1 BPL bilateral; BLVp1 6 (L1EM:9103710)	['BLVp1 lineage neuron']						
17036132	VFB_00102fc8	BAmd1 PN 1 right (L1EM:17036132)	['BAmd1 lineage neuron']						
8167696	VFB_00102eq4	DPLam Talon 2 left (L1EM:8167696)	['DPLam lineage neuron']						
14266559	VFB_001001m7	DPMpm2 s loSM 3 Left (L1EM:14266559)	['DPMpm2 lineage neuron']						
17728637	VFB_001001w6	BAlc post s 3 Left (L1EM:17728637)	['BAlc lineage neuron']						
11190781	VFB_001001hs	BLVp2 s 1 Left (L1EM:11190781)	['BLVp2 lineage neuron']						
13842372	VFB_00102f2i	BAmd2 contralateral descending 2 right (L1EM:13842372)	['BAmd2 lineage neuron']						
11030926	VFB_001001hl	DPMpm2 s 3 Left (L1EM:11030926)	['DPMpm2 lineage neuron']						
17475177	VFB_001001uc	DPMm1 s Left (L1EM:17475177)	['DPMm1 lineage neuron']						
15605301	VFB_00102f5h	DALl1 bilateral 1 left (L1EM:15605301)	['DALl1 lineage neuron']						
11313556	VFB_001001hw	DPMm1 desc s lat 1 Left (L1EM:11313556)	['DPMm1 lineage neuron']						
10995187	VFB_001001hj	DPMm1 Left (L1EM:10995187)	['DPMm1 lineage neuron']						
17728991	VFB_001001x6	BLAvm ant s 1 Left (L1EM:17728991)	['BLAvm lineage neuron']						
7422595	VFB_00102ep4	DALl1 5 right (L1EM:7422595)	['DALl1 lineage neuron']						
14547234	VFB_001001oi	CM4 s dor pos MEF 4 Right (L1EM:14547234)	['CM4 lineage neuron']						
3251140	VFB_00102ej4	BLVp1 hook right (L1EM:3251140)	['BLVp1 lineage neuron']						
14546936	VFB_001001nw	CM4 s loSM 4 Right (L1EM:14546936)	['CM4 lineage neuron']						
19376569	VFB_0010020e	DPMpm1 ppFB 3 - Left (L1EM:19376569)	['DPMpm1 lineage neuron']						
2667980	VFB_00102ehv	DPMm1 horseshoe 2 right (L1EM:2667980)	['DPMm1 lineage neuron']						
14761692	VFB_001001pj	DALl1 10 d SU  (L1EM:14761692)	['DALl1 lineage neuron']						
11050498	VFB_00102exm	BLVp1 bilateral 6 right (L1EM:11050498)	['BLVp1 lineage neuron']						
10961772	VFB_001001he	DPMm2 ppFB ant dor s 1 Left (L1EM:10961772)	['DPMm2 lineage neuron']						
16709072	VFB_00102fam	BAmd1 contralateral 1 right (L1EM:16709072)	['BAmd1 lineage neuron']						
10583715	VFB_00102ew0	DPMm1 FB1_left (L1EM:10583715)	['DPMm1 lineage neuron']						
10903519	VFB_001001h8	DPMpm2 s 1 Left (L1EM:10903519)	['DPMpm2 lineage neuron']						
14547173	VFB_001001od	CM4 s loSM 9 Right (L1EM:14547173)	['CM4 lineage neuron']						
11362589	VFB_00102eyf	DPMpl3 contralateral right; DPMpl3 4 MEF ant and comm subGC (L1EM:11362589)	['DPMpl3 lineage neuron']						
19375118	VFB_001001zx	DPMm1 ppFB s 2 Right (L1EM:19375118)	['DPMm1 lineage neuron']						
14547178	VFB_001001oe	CM4 s dor pos com 4 Right (L1EM:14547178)	['CM4 lineage neuron']						
13411525	VFB_00102f1p	DPMm1 ipsilateral sheet right (L1EM:13411525)	['DPMm1 lineage neuron']						
9948629	VFB_001001fz	DPMm1 ppFB s 1 Left (L1EM:9948629)	['DPMm1 lineage neuron']						
14547189	VFB_001001of	CM4 s loSM 10 Right (L1EM:14547189)	['CM4 lineage neuron']						
7429933	VFB_00102ep5	DPLam Talon 2 right; DALl1 6 STBA (L1EM:7429933)	['DPLam lineage neuron']						
16950443	VFB_00102fbp	DALd descending 4 right; DALd_r 9 (L1EM:16950443)	['DALd lineage neuron']						
17733190	VFB_001001z5	TR Balv s 8 Left (L1EM:17733190)	['BAlv lineage neuron']						
16950550	VFB_00102fbq	DALd descending 2 right; DALd_r 8 (L1EM:16950550)	['DALd lineage neuron']						
19375183	VFB_001001zy	DPMpm2 ppFB 3 - Right (L1EM:19375183)	['DPMpm2 lineage neuron']						
10792617	VFB_00102ewk	DPMpm1  2_left (L1EM:10792617)	['DPMpm1 lineage neuron']						
7371869	VFB_001001ey	BAmd1 d s 2 Right (L1EM:7371869)	['BAmd1 lineage neuron']						
12345792	VFB_001001if	CM4 s ppFB 3 Right (L1EM:12345792)	['CM4 lineage neuron']						
17733148	VFB_001001z1	TR BAlv s 5 Left (L1EM:17733148)	['BAlv lineage neuron']						
11838242	VFB_00102ez3	BAlc_post I2 right (L1EM:11838242)	['BAlc lineage neuron']						
14266512	VFB_001001m6	DPMpl3 s 2 Left (L1EM:14266512)	['DPMpl3 lineage neuron']						
14546704	VFB_001001ne	DPMpm2 s NB 2 Right (L1EM:14546704)	['DPMpm2 lineage neuron']						
12345237	VFB_001001ie	DPMpm2 s 1 Right (L1EM:12345237)	['DPMpm2 lineage neuron']						
9950404	VFB_001001g3	DPMm1 Left (L1EM:9950404)	['DPMm1 lineage neuron']						
19389343	VFB_0010020k	DPLd s 1 Left (L1EM:19389343)	['DPLd lineage neuron']						
19376548	VFB_0010020b	DPMpm1 ppFB 2 - Left (L1EM:19376548)	['DPMpm1 lineage neuron']						
6700147	VFB_00102eoo	BAmd2 descending 2 right; BAmd2 ven desc lat 4  ipsi VMC neuron 6700148 (L1EM:6700147)	['BAmd2 lineage neuron']						
13364562	VFB_001001kl	DPMpm1 s 3 Right (L1EM:13364562)	['DPMpm1 lineage neuron']						
15048530	VFB_00102f48	BLAl F neuron 1 right (L1EM:15048530)	['BLAl1 lineage neuron']						
15608355	VFB_00102f5l	BAlc post lat lat 6 AL left (L1EM:15608355)	['BAlc lineage neuron']						
14547219	VFB_001001oh	DPLc5 s 2 Right (L1EM:14547219)	['DPLc5 lineage neuron']						
10766722	VFB_00102ewg	DPMpm2 small arc left (L1EM:10766722)	['DPMpm2 lineage neuron']						
12283795	VFB_001001ia	CM4 s ppFB 6 Right (L1EM:12283795)	['CM4 lineage neuron']						
11192283	VFB_00102exw	BAlc post lat lat #4 ALT neuron left (L1EM:11192283)	['BAlc lineage neuron']						
15587533	VFB_00102f59	BLVp1 bilateral 2 left (L1EM:15587533)	['BLVp1 lineage neuron']						
14266446	VFB_001001m0	CM4 s ven 4 Left (L1EM:14266446)	['CM4 lineage neuron']						
8471817	VFB_00102eqx	BLAl F neuron 2 right (L1EM:8471817)	['BLAl1 lineage neuron']						
6152239	VFB_001001er	CM4 s MEFcom 1 Right (L1EM:6152239)	['CM4 lineage neuron']						
14749848	VFB_001001pg	DALl1 s 4 Right (L1EM:14749848)	['DALl1 lineage neuron']						
12532127	VFB_001001iy	DPMm1 ppFB s 4 Right (L1EM:12532127)	['DPMm1 lineage neuron']						
8426335	VFB_001001f6	BAlp4 s 2 Left  (L1EM:8426335)	['BAlp4 lineage neuron']						
19393720	VFB_0010020n	BAmd2 v s 7 Left (L1EM:19393720)	['BAmd2 lineage neuron']						
17728632	VFB_00102fh0	BAlc post ascending 1 left (L1EM:17728632)	['BAlc lineage neuron']						
17192980	VFB_001001st	CP1v a s 2 Left (L1EM:17192980)	['CP1 lineage neuron']						
11362334	VFB_00102eye	DPMpl3 a 2 right (L1EM:11362334)	['DPMpl3 lineage neuron']						
14266430	VFB_001001lz	CM4 s ppFB 4 Left (L1EM:14266430)	['CM4 lineage neuron']						
5865628	VFB_00102enc	DALv1 contralateral 3 left (L1EM:5865628)	['DALv1 lineage neuron']						
19393740	VFB_0010020p	BAmd2 v s 2 Left (L1EM:19393740)	['BAmd2 lineage neuron']						
6252764	VFB_00102eob	BAlc post lat lat 6 AL right (L1EM:6252764)	['BAlc lineage neuron']						
13841014	VFB_001001lg	BAmd2 v s 7 Right (L1EM:13841014)	['BAmd2 lineage neuron']						
11788830	VFB_00102ez1	BAlc_post I right (L1EM:11788830)	['BAlc lineage neuron']						
17728776	VFB_001001wo	BAlp4 s 1 Left   (L1EM:17728776)	['BAlp4 lineage neuron']						
17560221	VFB_001001va	DPLc5 s 3 Right (L1EM:17560221)	['DPLc5 lineage neuron']						
14547101	VFB_001001o8	CM4 s dor pos com 2 Right (L1EM:14547101)	['CM4 lineage neuron']						
17729105	VFB_001001xd	BLAvm ant s 2 Left (L1EM:17729105)	['BLAvm lineage neuron']						
17327188	VFB_00102fdg	BAlc post ascending 1 right (L1EM:17327188)	['BAlc lineage neuron']						
13838330	VFB_001001le	BAmd2 v s 3 Right (L1EM:13838330)	['BAmd2 lineage neuron']						
17733134	VFB_001001z0	TR Balv s 1 Left (L1EM:17733134)	['BAlv lineage neuron']						
12089601	VFB_00102ezh	BAlc_post I2 left (L1EM:12089601)	['BAlc lineage neuron']						
14546879	VFB_001001nr	CM4 s ven 1 Right (L1EM:14546879)	['CM4 lineage neuron']						
13341065	VFB_001001kh	DPMm1 ant comm s 1 Right (L1EM:13341065)	['DPMm1 lineage neuron']						
16937815	VFB_00102fbi	DPMm1 ipsilateral sheet left (L1EM:16937815)	['DPMm1 lineage neuron']						
10794801	VFB_001001h5	DPMpm1 ppFB 5 - Right (L1EM:10794801)	['DPMpm1 lineage neuron']						
12615701	VFB_001001j5	BLAl s 2 Right (L1EM:12615701)	['BLAl1 lineage neuron']						
14162492	VFB_00102egl	DPLam neuron left (L1EM:14162492)	['DPLam lineage neuron']						
19389329	VFB_0010020i	DPLd s 6 Left (L1EM:19389329)	['DPLd lineage neuron']						
5999941	VFB_001001eo	DPMpm2 s loSM 1 Right (L1EM:5999941)	['DPMpm2 lineage neuron']						
6156152	VFB_00102eo1	DALd bushy right; DALd_r 5 Review (L1EM:6156152)	['DALd lineage neuron']						
9864387	VFB_001001ft	CM4 s dor pos com 3 Left (L1EM:9864387)	['CM4 lineage neuron']						
14547081	VFB_001001o5	CM4 s loSM 5 Right (L1EM:14547081)	['CM4 lineage neuron']						
16667592	VFB_00102fad	DALd descending 2 left; DALd_l  6 (L1EM:16667592)	['DALd lineage neuron']						
14727248	VFB_001001pf	DALl1 s 1 Right (L1EM:14727248)	['DALl1 lineage neuron']						
15139341	VFB_001001re	BAmd1 d s 2 Left (L1EM:15139341)	['BAmd1 lineage neuron']						
10403609	VFB_00102evq	DALv1 contralateral 2 right; Tel-like 11?  (L1EM:10403609)	['DALv1 lineage neuron']						
17729005	VFB_001001x8	BLAvm ant s 4 Left (L1EM:17729005)	['BLAvm lineage neuron']						
16491111	VFB_001001rz	DPLc5 s 4 Left (L1EM:16491111)	['DPLc5 lineage neuron']						
5770448	VFB_001001el	BLVp2 s 5 Left (L1EM:5770448)	['BLVp2 lineage neuron']						
14546910	VFB_001001nu	CM4 s MEFcom 4 Right (L1EM:14546910)	['CM4 lineage neuron']						
17634436	VFB_001001vp	TR BAlv s 7 Right (L1EM:17634436)	['BAlv lineage neuron']						
11278919	VFB_00102egg	DPMpm1 2_right (L1EM:11278919)	['DPMpm1 lineage neuron']						
14759661	VFB_00102f3t	DALl1 6 right (L1EM:14759661)	['DALl1 lineage neuron']						
16952691	VFB_00102fbx	DALd descending 1 left; DALd_l X? (L1EM:16952691)	['DALd lineage neuron']						
8573240	VFB_001001f8	DPMm1 ppFB s 6 Right (L1EM:8573240)	['DPMm1 lineage neuron']						
8880781	VFB_00102es1	DPMpm1 1 DN right (L1EM:8880781)	['DPMpm1 lineage neuron']						
19376664	VFB_0010020g	DPMpm2 ppFB 1 - Right (L1EM:19376664)	['DPMpm2 lineage neuron']						
14266451	VFB_001001m1	CM4 s dor pos MEF 1 Left (L1EM:14266451)	['CM4 lineage neuron']						
15078639	VFB_001001r0	BAmd1 d s 3 Left (L1EM:15078639)	['BAmd1 lineage neuron']						
14723506	VFB_00102f3h	BAlp4 ascending 4 left (L1EM:14723506)	['BAlp4 lineage neuron']						
10282203	VFB_001001gl	DPMm1 s Left (L1EM:10282203)	['DPMm1 lineage neuron']						
14547066	VFB_001001o4	CM4 s ven 7 Right (L1EM:14547066)	['CM4 lineage neuron']						
17360225	VFB_00102fej	DALv1 contralateral 1 right (L1EM:17360225)	['DALv1 lineage neuron']						
14754777	VFB_00102f3l	DALv1_PB1_right (L1EM:14754777)	['DALv1 lineage neuron']						
17173852	VFB_00102fcx	DALv3 ring2_right (LAL neuron) (L1EM:17173852)	['DALv3 lineage neuron']						
16474159	VFB_00102f96	DPMpm2 2 left (L1EM:16474159)	['DPMpm2 lineage neuron']						
13235454	VFB_001001kb	DPMm1 upp comm s 3 Right (L1EM:13235454)	['DPMm1 lineage neuron']						
15586949	VFB_00102f58	BLVp1 local a left (L1EM:15586949)	['BLVp1 lineage neuron']						
11306294	VFB_00102ey9	DPMm1 FB1_right (L1EM:11306294)	['DPMm1 lineage neuron']						
8546775	VFB_00102ege	DPLam hook right (L1EM:8546775)	['DPLam lineage neuron']						
17850822	VFB_00102fim	BAlp4 ascending 4 right (L1EM:17850822)	['BAlp4 lineage neuron']						
18929470	VFB_00102fkl	BAmd2 descending 2 left (L1EM:18929470)	['BAmd2 lineage neuron']						
13239550	VFB_001001ke	DPMm1 upp comm s 4 Right (L1EM:13239550)	['DPMm1 lineage neuron']						
5708994	VFB_00102emk	BLAvm potential PN left (L1EM:5708994)	['BLAvm lineage neuron']						
8574334	VFB_001001f9	DPMm1 upp comm s 2 Right (L1EM:8574334)	['DPMm1 lineage neuron']						
14448545	VFB_001001mu	BLVp2 s 2 Left (L1EM:14448545)	['BLVp2 lineage neuron']						
14644884	VFB_001001p9	CM4 s dor pos com 1 Right (L1EM:14644884)	['CM4 lineage neuron']						
19359287	VFB_001001zr	BAlv s 2 Left (L1EM:19359287)	['BAlv lineage neuron']						
15672269	VFB_00102f66	DPML1_r (L1EM:15672269)	['DPMl1 lineage neuron']						
13237321	VFB_001001kc	DPMm1 upp comm s 1 Right (L1EM:13237321)	['DPMm1 lineage neuron']						
9714476	VFB_00102eu6	BAmd1 contralateral 1 left (L1EM:9714476)	['BAmd1 lineage neuron']						
9947921	VFB_001001fy	CM4 s ppFB 6 Left (L1EM:9947921)	['CM4 lineage neuron']						
12494383	VFB_001001iv	CM4 s ppFB 7 Left (L1EM:12494383)	['CM4 lineage neuron']						
9947805	VFB_001001fx	CM4 s dor pos MEF 3 Left (L1EM:9947805)	['CM4 lineage neuron']						
3848843	VFB_00102ejr	BLVp1 bilateral descending right; DP1 of GPhN right (ipsilateral PN to bilateral LH); BLVp1 4 (L1EM:3848843)	['BLVp1 lineage neuron']						
15674294	VFB_001001ro	BAlp4 s 1 Right (L1EM:15674294)	['BAlp4 lineage neuron']						
12452356	VFB_00102f09	BAlc post ascending 2 left (L1EM:12452356)	['BAlc lineage neuron']						
16851577	VFB_00102fay	DALd descending 5 left; DALd_l  7 (L1EM:16851577)	['DALd lineage neuron']						
17545905	VFB_001001v3	BAlc post s 1 Right (L1EM:17545905)	['BAlc lineage neuron']						
12367292	VFB_001001il	CM4 s ppFB 8 Right - ends before 601  (L1EM:12367292)	['CM4 lineage neuron']						
17360296	VFB_00102fep	DALv1_PB4_left (L1EM:17360296)	['DALv1 lineage neuron']						
6154921	VFB_00102enz	DALd sparse descending right; DALd_r 3 neuron 6154922 (L1EM:6154921)	['DALd lineage neuron']						
15119833	VFB_001001rb	DALd s 4 Left (L1EM:15119833)	['DALd lineage neuron']						
6250655	VFB_00102eoa	BAlc post ascending 2 right (L1EM:6250655)	['BAlc lineage neuron']						
12279909	VFB_00102ezm	BLAl F neuron 2 left (L1EM:12279909)	['BLAl1 lineage neuron']						
11126336	VFB_001001hp	DPMm1 ppFB s 3 Right (L1EM:11126336)	['DPMm1 lineage neuron']						
13345002	VFB_001001kj	DPMpm1 s 5 Right (L1EM:13345002)	['DPMpm1 lineage neuron']						
14995061	VFB_00102f41	BLAvm bilateral neuron 3 left (L1EM:14995061)	['BLAvm lineage neuron']						
17728642	VFB_001001w7	BAlc post s 4 Left (L1EM:17728642)	['BAlc lineage neuron']						
10011972	VFB_001001gd	CM4 s loSM 4 Left (L1EM:10011972)	['CM4 lineage neuron']						
17470004	VFB_001001u9	DPMpm1 s 1 Left (L1EM:17470004)	['DPMpm1 lineage neuron']						
14628429	VFB_001001p4	CM4 s ppFB 9 Right (L1EM:14628429)	['CM4 lineage neuron']						
17545755	VFB_001001uw	BAlc post s 8 Right (L1EM:17545755)	['BAlc lineage neuron']						
10994942	VFB_001001hi	DPMm1 upp comm s 2 Left (L1EM:10994942)	['DPMm1 lineage neuron']						
15078682	VFB_001001r5	BAmd1 v s 2 Left (L1EM:15078682)	['BAmd1 lineage neuron']						
16952671	VFB_00102fbw	DALd midloop 2 left; DALd_l  13 (L1EM:16952671)	['DALd lineage neuron']						
9822593	VFB_00102euj	BLAvm bilateral neuron 2 left (L1EM:9822593)	['BLAvm lineage neuron']						
17654645	VFB_00102fgf	BLAvm bilateral neuron 6 right (L1EM:17654645)	['BLAvm lineage neuron']						
13840191	VFB_001001lf	BAmd2 v s 8 Right (L1EM:13840191)	['BAmd2 lineage neuron']						
9954421	VFB_001001gb	CM4 s MEFcom 1 Left (L1EM:9954421)	['CM4 lineage neuron']						
14630424	VFB_001001p6	CM4 s MEFcom 6 Right (L1EM:14630424)	['CM4 lineage neuron']						
5759393	VFB_001001ek	BLVp2 s 3 Left (L1EM:5759393)	['BLVp2 lineage neuron']						
12290287	VFB_001001ic	CM4 s ppFB 7 Right (L1EM:12290287)	['CM4 lineage neuron']						
14546854	VFB_001001no	CM4 s short pos 2 Right (L1EM:14546854)	['CM4 lineage neuron']						
15078585	VFB_001001qt	DALd s 6 Left (L1EM:15078585)	['DALd lineage neuron']						
10100020	VFB_00102euy	CP4 8 left (L1EM:10100020)	['CP4 lineage neuron']						
9288827	VFB_00102et7	DPLm1 contralateral 1 right; Bilateral DS Smash (L1EM:9288827)	['DPLm1 lineage neuron']						
9844278	VFB_001001fr	CM4 s MEFcom 3 Left  (L1EM:9844278)	['CM4 lineage neuron']						
12361947	VFB_001001ii	DPMm1 ppFB s 6 Left (L1EM:12361947)	['DPMm1 lineage neuron']						
14266400	VFB_001001lw	DPLc5 s 1 Left (L1EM:14266400)	['DPLc5 lineage neuron']						
14266415	VFB_001001ly	CM4 s GC 5 Left (L1EM:14266415)	['CM4 lineage neuron']						
17360262	VFB_00102fel	DALv1_PB2_left (L1EM:17360262)	['DALv1 lineage neuron']						
18149325	VFB_00102fjj	DALv1 5 left (L1EM:18149325)	['DALv1 lineage neuron']						
12474164	VFB_00102f0a	DPMm2 descending right (L1EM:12474164)	['DPMm2 lineage neuron']						
16433696	VFB_00102f8p	BLAl_I-X 2 left (L1EM:16433696)	['BLAl1 lineage neuron']						
14266471	VFB_001001m2	CM4 s short pos 4 Left (L1EM:14266471)	['CM4 lineage neuron']						
17545868	VFB_001001v1	BAlc post s 7 Right (sp) (L1EM:17545868)	['BAlc lineage neuron']						
6702943	VFB_00102eop	BAmd2 contralateral descending 1 right (L1EM:6702943)	['BAmd2 lineage neuron']						
17557234	VFB_001001v8	DPLd s 6 Right (L1EM:17557234)	['DPLd lineage neuron']						
9949264	VFB_001001g2	DPMm1 ppFB s 3 Left (L1EM:9949264)	['DPMm1 lineage neuron']						
14423438	VFB_001001mo	DPMpl3 s 1 Left (L1EM:14423438)	['DPMpl3 lineage neuron']						
14267175	VFB_001001mg	BAmd1 d s 4 Left (L1EM:14267175)	['BAmd1 lineage neuron']						
9949223	VFB_001001g1	DPMm1 ppFB s 2 Left (L1EM:9949223)	['DPMm1 lineage neuron']						
10017669	VFB_001001gg	CM4 s short pos 2 Left (L1EM:10017669)	['CM4 lineage neuron']						
12279941	VFB_00102ezn	BLAl_I-X 3 left (L1EM:12279941)	['BLAl1 lineage neuron']						
9864536	VFB_001001fv	CM4 s dor pos MEF 2 Left  (L1EM:9864536)	['CM4 lineage neuron']						
8571259	VFB_00102er3	DPMm1 4_right  (L1EM:8571259)	['DPMm1 lineage neuron']						
1868538	VFB_00102ehc	CP4 8 right (L1EM:1868538)	['CP4 lineage neuron']						
10945119	VFB_001001hd	BLVp2 s 5 Right (L1EM:10945119)	['BLVp2 lineage neuron']						
10269309	VFB_001001gk	DPMm1 ppFB s 4 Left (L1EM:10269309)	['DPMm1 lineage neuron']						
12570095	VFB_001001j3	DPLam s 1 Right (L1EM:12570095)	['DPLam lineage neuron']						
11085317	VFB_001001hn	CM4 s GC 1 Left (L1EM:11085317)	['CM4 lineage neuron']						
17728998	VFB_001001x7	BLAvm ant s 5 Left (L1EM:17728998)	['BLAvm lineage neuron']						
9351843	VFB_00102etb	DPLam ASB Mackerel left (L1EM:9351843)	['DPLam lineage neuron']						
13760269	VFB_001001lb	BAmd2 v s 4 Right (L1EM:13760269)	['BAmd2 lineage neuron']						
9951753	VFB_001001g7	DPMpm1 s 3 Left (L1EM:9951753)	['DPMpm1 lineage neuron']						
12703528	VFB_001001ja	DPLd s 1 Right (L1EM:12703528)	['DPLd lineage neuron']						
19361427	VFB_00102fl8	DALd descending 3 left; LAL output neuorn_l 2?; DALd_l 5 (L1EM:19361427)	['DALd lineage neuron']						
19395562	VFB_0010020s	BAmd2 d s 1 Left (L1EM:19395562)	['BAmd2 lineage neuron']						
14751048	VFB_001001ph	DALl1 s 2 Right (L1EM:14751048)	['DALl1 lineage neuron']						
14546809	VFB_001001nl	CM4 s loSM 1 Right (L1EM:14546809)	['CM4 lineage neuron']						
9864461	VFB_001001fu	CM4 s dor pos com 4 Left (L1EM:9864461)	['CM4 lineage neuron']						
14546885	VFB_001001ns	DPMpl3 s 2 Right (L1EM:14546885)	['DPMpl3 lineage neuron']						
13759971	VFB_001001la	BAmd2 v s 2 Right (L1EM:13759971)	['BAmd2 lineage neuron']						
19132527	VFB_00102fl0	BLAl_I-X 2 right (L1EM:19132527)	['BLAl1 lineage neuron']						
13974142	VFB_001001ln	TR BAlv s 4 Right (L1EM:13974142)	['BAlv lineage neuron']						
16461910	VFB_001001ry	BAlc post s 6 Left (L1EM:16461910)	['BAlc lineage neuron']						
17472365	VFB_001001ub	BAmd1 v s 1 Left (L1EM:17472365)	['BAmd1 lineage neuron']						
15547235	VFB_00102f4z	BAmd1 PN 2 left (L1EM:15547235)	['BAmd1 lineage neuron']						
17733164	VFB_001001z2	TR BAlv s 7 Left (L1EM:17733164)	['BAlv lineage neuron']						
13411388	VFB_001001kq	DPMm1 s longit 2 (L1EM:13411388)	['DPMm1 lineage neuron']						
9696888	VFB_001001fo	CM4 s MEFcom 6 Left (L1EM:9696888)	['CM4 lineage neuron']						
11157622	VFB_00102exu	BAmd1 PN 1 left (L1EM:11157622)	['BAmd1 lineage neuron']						
13202894	VFB_001001k1	DPLam s 1 Left (L1EM:13202894)	['DPLam lineage neuron']						
17360286	VFB_00102feo	DALv1 contralateral 1 left (L1EM:17360286)	['DALv1 lineage neuron']						
10466429	VFB_001001gx	DPMpm2 s loSM 1 Left (L1EM:10466429)	['DPMpm2 lineage neuron']						
13410891	VFB_001001kp	DPMm1 desc s med 2 Right (L1EM:13410891)	['DPMm1 lineage neuron']						
19139824	VFB_001001zi	DPMpm1 ppFB 4 - Left (L1EM:19139824)	['DPMpm1 lineage neuron']						
14546864	VFB_001001np	DPMpl3 s 1 Right (L1EM:14546864)	['DPMpl3 lineage neuron']						
10760217	VFB_00102ewf	DPMpm1 horseshoe left (L1EM:10760217)	['DPMpm1 lineage neuron']						
17545766	VFB_001001ux	BAlc post s 5 Right (L1EM:17545766)	['BAlc lineage neuron']						
12299805	VFB_00102ezq	DALl1 5 left (L1EM:12299805)	['DALl1 lineage neuron']						
13241784	VFB_001001kf	DPMm1 s 1 (L1EM:13241784)	['DPMm1 lineage neuron']						
15153709	VFB_001001rj	DALd s 8 Right (L1EM:15153709)	['DALd lineage neuron']						
8566140	VFB_00102er2	DPMm1 3 (Output of Munin)_right (L1EM:8566140)	['DPMm1 lineage neuron']						
15589591	VFB_00102f5c	BAlp4 ascending 3 right (L1EM:15589591)	['BAlp4 lineage neuron']						
12488233	VFB_001001iu	DPMm1 ppFB s 7 Left (L1EM:12488233)	['DPMm1 lineage neuron']						
17728781	VFB_00102fh4	BAlp4 ascending 5 left (L1EM:17728781)	['BAlp4 lineage neuron']						
12445523	VFB_001001ip	CM4 s ppFB 2 Left (L1EM:12445523)	['CM4 lineage neuron']						
10345590	VFB_00102evi	BLAl F neuron 1 left (L1EM:10345590)	['BLAl1 lineage neuron']						
14546956	VFB_001001ny	CM4 s ven 5 Right (L1EM:14546956)	['CM4 lineage neuron']						
14755393	VFB_00102f3m	DALv1 contralateral 4 right (L1EM:14755393)	['DALv1 lineage neuron']						
3944626	VFB_00102eg1	DPMpm1 bushy descending left (L1EM:3944626)	['DPMpm1 lineage neuron']						
13644685	VFB_00102f1t	BAlp4 ascending 5 right (L1EM:13644685)	['BAlp4 lineage neuron']						
15606239	VFB_00102f5j	BLAl_l-X right (L1EM:15606239)	['BLAl1 lineage neuron']						
15586914	VFB_00102f57	BLVp1 hook 2 left (L1EM:15586914)	['BLVp1 lineage neuron']						
16952642	VFB_00102fbt	DALd descending thin left; DALd_l  8 continues after gap (L1EM:16952642)	['DALd lineage neuron']						
14547046	VFB_001001o3	CM4 s short pos 4 Right (L1EM:14547046)	['CM4 lineage neuron']						
3180681	VFB_00102eiy	BLVp1 local a right (L1EM:3180681)	['BLVp1 lineage neuron']						
18538744	VFB_00102fk4	DPMpl3 a 2 left (L1EM:18538744)	['DPMpl3 lineage neuron']						
12702656	VFB_001001j9	DPLd s 4 Right (L1EM:12702656)	['DPLd lineage neuron']						
16670540	VFB_00102fae	DALd descending 4 left; DALd_l  1 (L1EM:16670540)	['DALd lineage neuron']						
16339338	VFB_00102f7z	DALd LAL output neuron 1 right (L1EM:16339338)	['DALd lineage neuron']						
17379283	VFB_001001tv	CM4-dm Tiny a right; CM4 dor med_r; CM4 dor ant 5 (L1EM:17379283)	['CM4 lineage neuron']						
10891371	VFB_001001h7	CM4 s dor pos MEF 5 Left (L1EM:10891371)	['CM4 lineage neuron']						
19395698	VFB_0010020v	BAmd2 s left (L1EM:19395698)	['BAmd2 lineage neuron']						
17380245	VFB_001001tz	BLVp2 s 2 Right (L1EM:17380245)	['BLVp2 lineage neuron']						
17545782	VFB_001001uy	BAlc post s 2 Right (L1EM:17545782)	['BAlc lineage neuron']						
7372611	VFB_001001ez	BAmd1 d s 1 Right (L1EM:7372611)	['BAmd1 lineage neuron']						
17557183	VFB_001001v7	DPLd s 7 Right (L1EM:17557183)	['DPLd lineage neuron']						
10300139	VFB_001001go	DPMm1 s NB 1 Left (L1EM:10300139)	['DPMm1 lineage neuron']						
17634407	VFB_001001vo	BAlv s 2 Right (L1EM:17634407)	['BAlv lineage neuron']						
12704599	VFB_001001jb	DPLd s 5 Right (L1EM:12704599)	['DPLd lineage neuron']						
16176721	VFB_00102f7m	BLVp1 hook 2 right (L1EM:16176721)	['BLVp1 lineage neuron']						
14547147	VFB_001001o9	CM4 s loSM 8 Right (L1EM:14547147)	['CM4 lineage neuron']						
19389333	VFB_0010020j	DPLd s 5 Left (L1EM:19389333)	['DPLd lineage neuron']						
16422744	VFB_00102f8k	BAlp4 ascending 3 left (L1EM:16422744)	['BAlp4 lineage neuron']						
17380214	VFB_001001ty	BLVp2 s 4 Right (L1EM:17380214)	['BLVp2 lineage neuron']						
14546895	VFB_001001nt	CM4 s ven 6 Right (L1EM:14546895)	['CM4 lineage neuron']						
18568094	VFB_00102fk9	DALv1 small left (L1EM:18568094)	['DALv1 lineage neuron']						
9481869	VFB_00102etj	DALl1 11 left (L1EM:9481869)	['DALl1 lineage neuron']						
11022929	VFB_001001hk	DPMpm2 s loSM 2 Left (L1EM:11022929)	['DPMpm2 lineage neuron']						
13760579	VFB_001001lc	BAmd2 v s 6 Right (L1EM:13760579)	['BAmd2 lineage neuron']						
8575183	VFB_001001fa	DPMm1 s 4 (L1EM:8575183)	['DPMm1 lineage neuron']						
10017968	VFB_001001gi	CM4 s ven 2 Left (L1EM:10017968)	['CM4 lineage neuron']						
5052370	VFB_00102elh	DALd descending 1 right; DALd_r 1 (L1EM:5052370)	['DALd lineage neuron']						
19395704	VFB_0010020w	BAmd2 v s 6 Left (L1EM:19395704)	['BAmd2 lineage neuron']						
14547006	VFB_001001o1	DPMpl3 s 3 Right (L1EM:14547006)	['DPMpl3 lineage neuron']						
16950354	VFB_00102fbo	DALd descending 3 right; DALd_r 12 (L1EM:16950354)	['DALd lineage neuron']						
13234578	VFB_001001k8	DPMm1 s Right (L1EM:13234578)	['DPMm1 lineage neuron']						
10381874	VFB_001001gr	CM4 s GC 3 Left (L1EM:10381874)	['CM4 lineage neuron']						
8572353	VFB_00102er4	VB: DPMm1 4_right (L1EM:8572353)	['DPMm1 lineage neuron']						
10017683	VFB_001001gh	CM4 s dor pos MEF 6 Left (L1EM:10017683)	['CM4 lineage neuron']						
12477165	VFB_001001it	BAlc post s 5 Left (L1EM:12477165)	['BAlc lineage neuron']						
15078580	VFB_001001qs	DALd s 5 Left (L1EM:15078580)	['DALd lineage neuron']						
10949030	VFB_00102ex5	A08j2_a1r (L1EM:10949030)	['NB3-3 lineage primary neuron']						
14546714	VFB_001001nf	DPMpm2 s 3 Right (L1EM:14546714)	['DPMpm2 lineage neuron']						
9954298	VFB_001001ga	CM4 s ven 1 Left (L1EM:9954298)	['CM4 lineage neuron']						
13451589	VFB_001001ks	DPMm1 ant comm s 2 Right (L1EM:13451589)	['DPMm1 lineage neuron']						
17732031	VFB_00102fhl	AF: DPLal BPL-to-medial_left (L1EM:17732031)	['DPLal1 lineage neuron']						
10993787	VFB_001001hh	DPMm1 upp comm s 1 Left (L1EM:10993787)	['DPMm1 lineage neuron']						
16366055	VFB_00102f8c	BLAvm bilateral neuron 6 left (L1EM:16366055)	['BLAvm lineage neuron']						
17036160	VFB_00102fc9	BAmd1 PN 2 right (L1EM:17036160)	['BAmd1 lineage neuron']						
17545795	VFB_001001uz	BAlc post s 4 Right (L1EM:17545795)	['BAlc lineage neuron']						
8670503	VFB_00102erb	DPLm2 gnarled right (L1EM:8670503)	['DPLm2 lineage neuron']						
12207291	VFB_001001i4	DPMpm1 ppFB 3 - Right (L1EM:12207291)	['DPMpm1 lineage neuron']						
17545806	VFB_001001v0	BAlc post s 3 Right (L1EM:17545806)	['BAlc lineage neuron']						
16950798	VFB_00102fbs	DALd descending 5 right; DALd_r 9 right (L1EM:16950798)	['DALd lineage neuron']						
14849956	VFB_001001pv	BAmd1 v s 1 Right (L1EM:14849956)	['BAmd1 lineage neuron']						
2655798	VFB_00102ehr	DPMm1 ipsilateral descending right (L1EM:2655798)	['DPMm1 lineage neuron']						
7005184	VFB_001015b1	CP1 d 1 left (L1EM:7005184)	['CP1 lineage neuron']						
14758420	VFB_00102f3s	DALv1_PB2_right (L1EM:14758420)	['DALv1 lineage neuron']						
9237370	VFB_00102et2	DPLm1 contralateral 2 left (L1EM:9237370)	['DPLm1 lineage neuron']						
13340343	VFB_001001kg	DPMm1 upp comm s 5 Right (L1EM:13340343)	['DPMm1 lineage neuron']						
12208798	VFB_001001i7	DPMpm1 ppFB 6 - Right (L1EM:12208798)	['DPMpm1 lineage neuron']						
10414455	VFB_001001gs	CM4 s loSM 1 Left (L1EM:10414455)	['CM4 lineage neuron']						
2979675	VFB_00102eih	DPLam Talon 1 left (L1EM:2979675)	['DPLam lineage neuron']						
10287315	VFB_00102eva	DALv1 contralateral 3 right; Tel-like 9? (L1EM:10287315)	['DALv1 lineage neuron']						
10711658	VFB_001001h0	DPMpm2 s 2 Left (L1EM:10711658)	['DPMpm2 lineage neuron']						
16195633	VFB_00102egp	DPMpm1 bushy descending right (L1EM:16195633)	['DPMpm1 lineage neuron']						
17634397	VFB_001001vn	BAlv s 1 Right (L1EM:17634397)	['BAlv lineage neuron']						
9289231	VFB_001001fj	DPLm1 s 1 Right (L1EM:9289231)	['DPLm1 lineage neuron']						
6047538	VFB_001001eq	DPMpm2 s loSM 2 Right (L1EM:6047538)	['DPMpm2 lineage neuron']						
19361208	VFB_001001zs	DPLc5 s 2 Left (L1EM:19361208)	['DPLc5 lineage neuron']						
16961482	VFB_00102fbz	DALv1 contralateral 2 left (L1EM:16961482)	['DALv1 lineage neuron']						
10284042	VFB_001001gm	DPMm1 desc s med 2 Left (L1EM:10284042)	['DPMm1 lineage neuron']						
10974309	VFB_001001hf	DPMpm1 s 4 Left (L1EM:10974309)	['DPMpm1 lineage neuron']						
14630736	VFB_001001p7	CM4 s dor pos MEF 6 Right (L1EM:14630736)	['CM4 lineage neuron']						
10714438	VFB_001001h2	DPMpm2 ppFB 2 - Left (L1EM:10714438)	['DPMpm2 lineage neuron']						
11348509	VFB_00102eyb	BLAl horseshoe neuron left (L1EM:11348509)	['BLAl1 lineage neuron']						
17376835	VFB_001001tl	TR BAlv s 6 Right (L1EM:17376835)	['BAlv lineage neuron']						
19404939	VFB_0010021e	BAmd1 v s 3 Left (L1EM:19404939)	['BAmd1 lineage neuron']						
14522404	VFB_00101566	NB5-2 lineage 6 (HMD X?)_a1l (L1EM:14522404)	['NB5-2 lineage primary neuron']						
14547167	VFB_001001oc	DPLc5 s 4 Right (L1EM:14547167)	['DPLc5 lineage neuron']						
7388340	VFB_00102ep2	BLAl_l-X left (L1EM:7388340)	['BLAl1 lineage neuron']						
12570525	VFB_001001j4	DALl1 s 6 Right (L1EM:12570525)	['DALl1 lineage neuron']						
14751624	VFB_001001pi	DALl1 s 3 Right (L1EM:14751624)	['DALl1 lineage neuron']						
17941609	VFB_00102fix	DALv1 small right (L1EM:17941609)	['DALv1 lineage neuron']						
11311591	VFB_001001hv	DPMm1 Left (L1EM:11311591)	['DPMm1 lineage neuron']						
19375019	VFB_001001zv	CM4 s ppFB 1 Right (L1EM:19375019)	['CM4 lineage neuron']						
13760954	VFB_00102f25	BAmd2_v descending right (L1EM:13760954)	['BAmd2 lineage neuron']						
15674282	VFB_00102f68	BAlp4 ascending 2 right (L1EM:15674282)	['BAlp4 lineage neuron']						
18656202	VFB_00102fkg	BLVp1 bilateral 3 left; down seahorse left (L1EM:18656202)	['BLVp1 lineage neuron']						
14547086	VFB_001001o6	CM4 s loSM 6 Right (L1EM:14547086)	['CM4 lineage neuron']						
8970595	VFB_00102es9	BLVp1 local right (L1EM:8970595)	['BLVp1 lineage neuron']						
18570360	VFB_00102fka	DAMd1 bilateral right (L1EM:18570360)	['DAMd1 lineage neuron']						
17731941	VFB_001001yg	DALl1 s 5 Left; NB? (L1EM:17731941)	['DALl1 lineage neuron']						
18655517	VFB_00102fkf	BLVp1 bilateral 3 right; down seahorse right (L1EM:18655517)	['BLVp1 lineage neuron']						
13411400	VFB_001001kr	DPMm1 s desc med 1 (L1EM:13411400)	['DPMm1 lineage neuron']						
10764796	VFB_001001h4	DPMm1 s Left (L1EM:10764796)	['DPMm1 lineage neuron']						
12498192	VFB_001001iw	DPMm2 ppFB ant dor s 2 Left  (L1EM:12498192)	['DPMm2 lineage neuron']						
19538646	VFB_0010021k	BLAl s 4 Left (L1EM:19538646)	['BLAl1 lineage neuron']						
14848137	VFB_001001pu	BAmd1 v s 3 Right (L1EM:14848137)	['BAmd1 lineage neuron']						
19375103	VFB_001001zw	DPMm1 ppFB s 1 Right (L1EM:19375103)	['DPMm1 lineage neuron']						
17804729	VFB_00102fie	BLVp1 bilateral 6 left (L1EM:17804729)	['BLVp1 lineage neuron']						
10015661	VFB_001001gf	CM4 s MEFcom 5 Left (L1EM:10015661)	['CM4 lineage neuron']						
12256567	VFB_001001i8	DPMm1 ppFB s 7 Right (L1EM:12256567)	['DPMm1 lineage neuron']						
14403560	VFB_001001mi	DPMpm2 ppFB 1 - Left (L1EM:14403560)	['DPMpm2 lineage neuron']						
12474032	VFB_001001is	DPMpm1 ppFB 7 - Right (L1EM:12474032)	['DPMpm1 lineage neuron']						
12289177	VFB_001001ib	CM4 s ven 3 Right (L1EM:12289177)	['CM4 lineage neuron']						
14546829	VFB_001001nm	CM4 s loSM 2 Right (L1EM:14546829)	['CM4 lineage neuron']						
17729116	VFB_001001xe	BLAvm ant s 3 Left (L1EM:17729116)	['BLAvm lineage neuron']						
14546834	VFB_001001nn	CM4 s MEFcom 3 Right (L1EM:14546834)	['CM4 lineage neuron']						
10920017	VFB_001001ha	DPMpm2 s NB 1 Left (L1EM:10920017)	['DPMpm2 lineage neuron']						
19437152	VFB_0010021i	DPLm2 s 1 Left (L1EM:19437152)	['DPLm2 lineage neuron']						
13756873	VFB_001001l8	BAmd2 d s 1 Right (L1EM:13756873)	['BAmd2 lineage neuron']						
9950816	VFB_001001g4	DPMm1 upp comm s 4 Left (L1EM:9950816)	['DPMm1 lineage neuron']						
18853138	VFB_001001zg	CM4 s short pos 3 Right (L1EM:18853138)	['CM4 lineage neuron']						
5606265	VFB_00102em8	A09 (ASB SOG-LH Dense Core)_a1l (L1EM:5606265)	['NB3-5 lineage primary neuron']						
16278312	VFB_00102f7r	A09 Contra Brain Projection_a1r (L1EM:16278312)	['NB3-5 lineage primary neuron']						
3220616	VFB_00102ej0	A09 Contra Brain Projection_a1l (L1EM:3220616)	['NB3-5 lineage primary neuron']						
14547214	VFB_001001og	CM4 s MEFcom 2 Right (L1EM:14547214)	['CM4 lineage neuron']						
13234841	VFB_001001k9	DPMm1 s Right (L1EM:13234841)	['DPMm1 lineage neuron']						
3726990	VFB_00102ejd	DPLm1 contralateral 2 right; potential RG neuron (L1EM:3726990)	['DPLm1 lineage neuron']						
17937986	VFB_00102fiv	BLVp1 bilateral 4 right (L1EM:17937986)	['BLVp1 lineage neuron']						
14270761	VFB_00102f2u	BLVp1 bilateral 1 left; LH bilateral axon 7_mediates ascend (L1EM:14270761)	['BLVp1 lineage neuron']						
17733172	VFB_001001z3	TR BAlv s 6 Left (L1EM:17733172)	['BAlv lineage neuron']						
14266964	VFB_001001ma	DPMm1 ant comm s 1 Left (L1EM:14266964)	['DPMm1 lineage neuron']						
10577349	VFB_001001gz	DPMm1 upp comm s 5 Left (L1EM:10577349)	['DPMm1 lineage neuron']						
17022787	VFB_001001se	DALd s 2 Right (L1EM:17022787)	['DALd lineage neuron']						
14266405	VFB_001001lx	DPLc5 s 5 Left (L1EM:14266405)	['DPLc5 lineage neuron']						
9954202	VFB_001001g9	CM4 s short pos 1 Left (L1EM:9954202)	['CM4 lineage neuron']						
10600188	VFB_00102ew2	DPMm1 4_left (L1EM:10600188)	['DPMm1 lineage neuron']						
17360254	VFB_00102fek	AB left; DALv1 L Lineage - Downstream A00c (L1EM:17360254)	['DALv1 lineage neuron']						
12205963	VFB_001001i2	DPMpm1 ppFB 2 - Right (L1EM:12205963)	['DPMpm1 lineage neuron']						
12984739	VFB_001001js	DPLd s 3 Right (L1EM:12984739)	['DPLd lineage neuron']						
10924217	VFB_001001hb	DPMm1 s Left (L1EM:10924217)	['DPMm1 lineage neuron']						
12449484	VFB_001001ir	DPMpm2 ppFB 3 - Left (L1EM:12449484)	['DPMpm2 lineage neuron']						
17583465	VFB_001001vi	BLAl s 4 Right (L1EM:17583465)	['BLAl1 lineage neuron']						
13362478	VFB_001001kk	DPMm1 s longit 1 (L1EM:13362478)	['DPMm1 lineage neuron']						
14267170	VFB_001001mf	BAmd2 v s 1 Left (L1EM:14267170)	['BAmd2 lineage neuron']						
6254216	VFB_00102eoc	BAlc post lat lat #4 ALT neuron 6254217 right (L1EM:6254216)	['BAlc lineage neuron']						
17380192	VFB_001001tx	BLVp2 s 3 Right (L1EM:17380192)	['BLVp2 lineage neuron']						
14546986	VFB_001001nz	CM4 s GC 1 Right (L1EM:14546986)	['CM4 lineage neuron']						
9947504	VFB_001001fw	CM4 s short pos 3 Left (L1EM:9947504)	['CM4 lineage neuron']						
17882830	VFB_001001zc	DALl1 s 2 Left (L1EM:17882830)	['DALl1 lineage neuron']						
14547152	VFB_001001oa	CM4 s dor pos com 3 Right (L1EM:14547152)	['CM4 lineage neuron']						
12262871	VFB_001001i9	CM4 s ppFB 5 Right (L1EM:12262871)	['CM4 lineage neuron']						
11463379	VFB_001001hx	CM4 s ven 2 Right (L1EM:11463379)	['CM4 lineage neuron']						
1622901	VFB_00102eh6	DALd bushy left; DALd_l  2 (L1EM:1622901)	['DALd lineage neuron']						
13407007	VFB_001001kn	DPMm1 s longit med 2 (L1EM:13407007)	['DPMm1 lineage neuron']						
13238159	VFB_001001kd	DPMm1 s 3 (L1EM:13238159)	['DPMm1 lineage neuron']						
14546624	VFB_001001nb	DPMpm1 s 1 Right (L1EM:14546624)	['DPMpm1 lineage neuron']						
17224013	VFB_00102fd1	DALl1 6 left (L1EM:17224013)	['DALl1 lineage neuron']						
2669331	VFB_00102ehw	DPMpm1 horseshoe right (L1EM:2669331)	['DPMpm1 lineage neuron']						
17105977	VFB_00102fck	BLVp1 local left (L1EM:17105977)	['BLVp1 lineage neuron']						
17544280	VFB_001001uk	BLAvm ant s 3 Right (L1EM:17544280)	['BLAvm lineage neuron']						
9951607	VFB_001001g6	DPMpm2 s NB 2 Left  (L1EM:9951607)	['DPMpm2 lineage neuron']						
9698215	VFB_001001fp	CM4 s MEFcom 2 Left  (L1EM:9698215)	['CM4 lineage neuron']						
17376857	VFB_001001tn	TR BAlv s 5 Right (L1EM:17376857)	['BAlv lineage neuron']						
17733126	VFB_001001yz	TR BAlv s 4 Left (L1EM:17733126)	['BAlv lineage neuron']						
17376829	VFB_001001tk	TR BAlv s 1 Right (L1EM:17376829)	['BAlv lineage neuron']						
19393744	VFB_0010020q	BAmd2 v s 8 Left (L1EM:19393744)	['BAmd2 lineage neuron']						
14632529	VFB_001001p8	CM4 s GC 3 Right (L1EM:14632529)	['CM4 lineage neuron']						
17728622	VFB_001001w4	BAlc post s 2 Left (L1EM:17728622)	['BAlc lineage neuron']						
12532152	VFB_001001iz	DPMm1 ppFB s 5 Right (L1EM:12532152)	['DPMm1 lineage neuron']						
17544312	VFB_001001ul	BLAvm ant s 4 Right (L1EM:17544312)	['BLAvm lineage neuron']						
10297957	VFB_001001gn	DPMm1 ppFB s 5 Left (L1EM:10297957)	['DPMm1 lineage neuron']						
6156597	VFB_001001es	DALd s 6 Right (L1EM:6156597)	['DALd lineage neuron']						
13454509	VFB_001001kt	DPMm1 s 2 (L1EM:13454509)	['DPMm1 lineage neuron']						
17376845	VFB_001001tm	TR BAlv s 2 Right (L1EM:17376845)	['BAlv lineage neuron']						
14546874	VFB_001001nq	CM4 s loSM 3 Right (L1EM:14546874)	['CM4 lineage neuron']						
12927136	VFB_001001jn	BAmd2 v s 3 Left (L1EM:12927136)	['BAmd2 lineage neuron']						
16561224	VFB_00102f9s	BAmd2 contralateral descending 1 left (L1EM:16561224)	['BAmd2 lineage neuron']						
18080008	VFB_00102fja	BAlp4 ascending 1 right (L1EM:18080008)	['BAlp4 lineage neuron']						
8805521	VFB_001001fc	BLAl s 1 Right (L1EM:8805521)	['BLAl1 lineage neuron']						
13235092	VFB_001001ka	DPMm1 s Right (L1EM:13235092)	['DPMm1 lineage neuron']						
14546774	VFB_001001nj	CM4 s short pos 1 Right (L1EM:14546774)	['CM4 lineage neuron']						
17736748	VFB_00102fi0	DALl2 descending left (L1EM:17736748)	['DALl2 lineage neuron']						
19718010	VFB_00102flc	A09 (ASB SOG-LH Dense Core)_a1r (L1EM:19718010)	['NB3-5 lineage primary neuron']						
19393736	VFB_0010020o	BAmd2 v s 4 Left (L1EM:19393736)	['BAmd2 lineage neuron']						
17728627	VFB_001001w5	BAlc post s 1 Left (L1EM:17728627)	['BAlc lineage neuron']						
3765735	VFB_00102ejh	BLAl horseshoe neuron right (L1EM:3765735)	['BLAl1 lineage neuron']						
10763235	VFB_001001h3	DPMm1 s NB Left (L1EM:10763235)	['DPMm1 lineage neuron']						
17012001	VFB_00102fc3	BLAvm bilateral neuron 1 right (L1EM:17012001)	['BLAvm lineage neuron']						
17658643	VFB_001001vv	BLVp2 s 8 Right (L1EM:17658643)	['BLVp2 lineage neuron']						
16952654	VFB_001001sd	DALd s 3 Left (L1EM:16952654)	['DALd lineage neuron']						
17639824	VFB_00102fg7	DALl2 descending right - where's the axon? (L1EM:17639824)	['DALl2 lineage neuron']						
15541971	VFB_00102f4y	BAmd1 bilateral left (L1EM:15541971)	['BAmd1 lineage neuron']						
13774384	VFB_00102f28	NB5-2 lineage 6 (HMD X?)_a1r (L1EM:13774384)	['NB5-2 lineage primary neuron']						
19437159	VFB_0010021j	DPLm1 s 1 Left (L1EM:19437159)	['DPLm1 lineage neuron']						
11509597	VFB_001001hy	DPMpm1 s 4 Right (L1EM:11509597)	['DPMpm1 lineage neuron']						
12207495	VFB_001001i5	DPMm2 ppFB ant dor s 2 Right  (L1EM:12207495)	['DPMm2 lineage neuron']						
3595837	VFB_00100772	DPMm1 Brain descending into VNC right (L1EM:3595837)	['DPMm1 lineage neuron']						
13410103	VFB_001001ko	DPMm1 s longit med 1 (L1EM:13410103)	['DPMm1 lineage neuron']						
5900426	VFB_00102eng	DALd midloop 1 right; DALd_r 13 (L1EM:5900426)	['DALd lineage neuron']						
18035063	VFB_00102fj6	BLVp1 bilateral 4 left (L1EM:18035063)	['BLVp1 lineage neuron']						
15023987	VFB_00102f46	BLAvm bilateral neuron 2 right (L1EM:15023987)	['BLAvm lineage neuron']						
6229682	VFB_00102eo9	BAlc_post young neuron (L1EM:6229682)	['BAlc lineage neuron']						
17731951	VFB_001001yh	DALl1 s 3 Left (L1EM:17731951)	['DALl1 lineage neuron']						
14546724	VFB_001001ng	DPMpm2 s 2 Right (L1EM:14546724)	['DPMpm2 lineage neuron']						
19361212	VFB_001001zt	DPLc5 s 3 Left (L1EM:19361212)	['DPLc5 lineage neuron']						
17223685	VFB_00102fd0	DPMpm1 1 DN? left (L1EM:17223685)	['DPMpm1 lineage neuron']						
10919351	VFB_001001h9	DPMpm2 s loSM 4 Left (L1EM:10919351)	['DPMpm2 lineage neuron']						
10716080	VFB_00100852	DPMm1 Brain descending into VNC left (L1EM:10716080)	['DPMm1 lineage neuron']						
14756440	VFB_00102f3p	DALv1 bilateral 1 right (L1EM:14756440)	['DALv1 lineage neuron']						
19806024	VFB_0010021p	BLAl s 1 Left (L1EM:19806024)	['BLAl1 lineage neuron']						
19376564	VFB_0010020d	DPMpm1 ppFB 7 - Left (L1EM:19376564)	['DPMpm1 lineage neuron']						
19376581	VFB_0010020f	DPMpm1 ppFB 1 - Left (L1EM:19376581)	['DPMpm1 lineage neuron']						
17654617	VFB_00102fgb	BLAvm potential PN right; ASB TODO from gPN 7 right (L1EM:17654617)	['BLAvm lineage neuron']						
11029851	VFB_00102exk	BLVp1 bilateral 2 right (L1EM:11029851)	['BLVp1 lineage neuron']						
19389353	VFB_0010020m	DPLd s 2 Left (L1EM:19389353)	['DPLd lineage neuron']						
10728318	VFB_00100853	DPMm1 Brain descending into VNC 2 left (L1EM:10728318)	['DPMm1 lineage neuron']						
17544220	VFB_001001ui	BLAvm ant s 1 Right (L1EM:17544220)	['BLAvm lineage neuron']						
15995958	VFB_00102f72	BAlp4 ascending 1 left (L1EM:15995958)	['BAlp4 lineage neuron']						
19268007	VFB_00102fl5	DPMm1 horseshoe 1 left (L1EM:19268007)	['DPMm1 lineage neuron']						
17658634	VFB_001001vu	BLVp2 s 6 Right (L1EM:17658634)	['BLVp2 lineage neuron']						
17377722	VFB_001001to	DALl1 s 7 Right (L1EM:17377722)	['DALl1 lineage neuron']						
9951197	VFB_001001g5	DPMm1 Left (L1EM:9951197)	['DPMm1 lineage neuron']						
11095260	VFB_001001ho	CM4 s loSM 6 Left (L1EM:11095260)	['CM4 lineage neuron']						
11509767	VFB_001001hz	DPMpm1 s 2 Right (L1EM:11509767)	['DPMpm1 lineage neuron']						
17328632	VFB_00102fdi	BLAl_I-X 3 right (L1EM:17328632)	['BLAl1 lineage neuron']						
3598000	VFB_00100773	DPMm1 Brain descending into VNC 2 right (L1EM:3598000)	['DPMm1 lineage neuron']						
15152956	VFB_001001ri	DALd s 7 Right (L1EM:15152956)	['DALd lineage neuron']						
19376559	VFB_0010020c	DPMpm1 ppFB 6 - Left (L1EM:19376559)	['DPMpm1 lineage neuron']						
14266486	VFB_001001m4	CM4 s ven 3 Left (L1EM:14266486)	['CM4 lineage neuron']						
13411394	VFB_00102f1n	DPMm1 horseshoe 1 right; DPMm1 FB2_right (L1EM:13411394)	['DPMm1 lineage neuron']						
14547041	VFB_001001o2	CM4 s dor pos MEF 3 Right (L1EM:14547041)	['CM4 lineage neuron']						
12206139	VFB_001001i3	DPMm2 ppFB ant dor s 1 Right (L1EM:12206139)	['DPMm2 lineage neuron']						
10568310	VFB_00102evz	DPMm1 horseshoe 2 left (L1EM:10568310)	['DPMm1 lineage neuron']						
14546926	VFB_001001nv	CM4 s dor pos MEF 5 Right (L1EM:14546926)	['CM4 lineage neuron']						
6155577	VFB_00102eo0	DALd descending thin right; DALd_r 4 neuron 6155578 small (L1EM:6155577)	['DALd lineage neuron']						
12347886	VFB_001001ih	CM4 s ppFB 4 Right (L1EM:12347886)	['CM4 lineage neuron']						
17544238	VFB_001001uj	BLAvm ant s 2 Right (L1EM:17544238)	['BLAvm lineage neuron']						
14504075	VFB_001001n3	BLVp2 s 4 Left (L1EM:14504075)	['BLVp2 lineage neuron']						
7569260	VFB_001015b7	CP1 d 1 right (L1EM:7569260)	['CP1 lineage neuron']						
10712085	VFB_001001h1	DPMpm2 ppFB 4 - Left (L1EM:10712085)	['DPMpm2 lineage neuron']						
19389347	VFB_0010020l	DPLd s 4 Left (L1EM:19389347)	['DPLd lineage neuron']						
16554856	VFB_00102f9q	DAMd1 bilateral left (L1EM:16554856)	['DAMd1 lineage neuron']						
9291437	VFB_00102et8	DPMpm2 2 right (L1EM:9291437)	['DPMpm2 lineage neuron']						
13370624	VFB_00102f1k	DALv1 bilateral 1 left (L1EM:13370624)	['DALv1 lineage neuron']						
14757992	VFB_00102f3r	DALv1_PB4_right (L1EM:14757992)	['DALv1 lineage neuron']						
19393756	VFB_0010020r	BAmd2 v s 5 Left (L1EM:19393756)	['BAmd2 lineage neuron']						
10855798	VFB_00102ewo	DPLd C neuron right (L1EM:10855798)	['DPLd lineage neuron']						
14757050	VFB_00102f3q	DALv1 5 right (L1EM:14757050)	['DALv1 lineage neuron']						
14851773	VFB_001001pw	BAmd1 v s 2 Right (L1EM:14851773)	['BAmd1 lineage neuron']						
13736919	VFB_00102f23	BAmd2 descending 1 left (L1EM:13736919)	['BAmd2 lineage neuron']						
17877682	VFB_00102fin	BAmd2 descending 1 right (L1EM:17877682)	['BAmd2 lineage neuron']						
13836912	VFB_001001ld	BAmd2 v s 1 Right  (L1EM:13836912)	['BAmd2 lineage neuron']						
14877179	VFB_001001px	DAMd1 s 1 Right (L1EM:14877179)	['DAMd1 lineage neuron']						
14547091	VFB_001001o7	CM4 s loSM 7 Right (L1EM:14547091)	['CM4 lineage neuron']						
9856467	VFB_001001fs	CM4 s MEFcom 4 Left  (L1EM:9856467)	['CM4 lineage neuron']						
16938723	VFB_001001s9	CM4 s ppFB 8 Left (L1EM:16938723)	['CM4 lineage neuron']						
16630479	VFB_00102fa6	BLAvm bilateral neuron 1 left (L1EM:16630479)	['BLAvm lineage neuron']						
17022668	VFB_00102fc5	DPMm2 descending left (L1EM:17022668)	['DPMm2 lineage neuron']						
9951917	VFB_001001g8	DPMpm1 s 6 Left (L1EM:9951917)	['DPMpm1 lineage neuron']						
2854715	VFB_00102ei5	DPLam neuron right (L1EM:2854715)	['DPLam lineage neuron']						
12121795	VFB_00102ezi	BAlc_post I left (L1EM:12121795)	['BAlc lineage neuron']						
