Template	Painted_domain	Instances	Anatomy
Adult T1 Leg (Kuan2020)_c	R-T1 leg neuropil	1	['adult T1 leg neuropil']
Adult T1 Leg (Kuan2020)_c	prothoracic femur	1	['prothoracic femur']
Adult T1 Leg (Kuan2020)_c	L-T1 leg neuropil	1	['adult T1 leg neuropil']
Adult T1 Leg (Kuan2020)_c	prothoracic tibia	1	['prothoracic tibia']
BrainName standard - Ito half brain c	bulb on adult brain template Ito2014	1	['bulb']
BrainName standard - Ito half brain c	inferior posterior slope on adult brain template Ito2014	1	['inferior posterior slope']
BrainName standard - Ito half brain c	wedge commissure on adult brain template Ito2014	1	['wedge commissure']
BrainName standard - Ito half brain c	superior posterior slope on adult brain template Ito2014	1	['superior posterior slope']
BrainName standard - Ito half brain c	medial equatorial fascicle on adult brain template Ito2014	1	['adult medial equatorial fascicle']
BrainName standard - Ito half brain c	posterior ventrolateral protocerebrum on adult brain template Ito2014	1	['posterior ventrolateral protocerebrum']
BrainName standard - Ito half brain c	pedunculus of adult mushroom body on adult brain template Ito2014	1	['pedunculus of adult mushroom body']
BrainName standard - Ito half brain c	superior AMMC commissure on adult brain template Ito2014	1	['superior AMMC commissure']
BrainName standard - Ito half brain c	pyriform fascicle on adult brain template Ito2014	1	['pyriform fascicle']
BrainName standard - Ito half brain c	medial cerebro-cervical fascicle on adult brain template Ito2014	1	['medial cerebro-cervical fascicle']
BrainName standard - Ito half brain c	lateral antennal lobe tract on adult brain template Ito2014	1	['adult lateral antennal lobe tract']
BrainName standard - Ito half brain c	accessory medulla on adult brain template Ito2014	1	['accessory medulla']
BrainName standard - Ito half brain c	anterior optic tract on adult brain template Ito2014	1	['adult anterior optic tract']
BrainName standard - Ito half brain c	superior clamp on adult brain template Ito2014	1	['superior clamp']
BrainName standard - Ito half brain c	protocerebral bridge on adult brain template Ito2014	1	['protocerebral bridge']
BrainName standard - Ito half brain c	adult maxillary nerve on adult brain template Ito2014	1	['adult maxillary nerve']
BrainName standard - Ito half brain c	superior medial protocerebrum on adult brain template Ito2014	1	['superior medial protocerebrum']
BrainName standard - Ito half brain c	prow on adult brain template Ito2014	1	['prow']
BrainName standard - Ito half brain c	adult antennal lobe on adult brain template Ito2014	1	['adult antennal lobe']
BrainName standard - Ito half brain c	posterior optic commissure on adult brain template Ito2014	1	['posterior optic commissure']
BrainName standard - Ito half brain c	great commissure on adult brain template Ito2014	1	['adult great commissure']
BrainName standard - Ito half brain c	superior posterior lateral protocerebrum commissure on adult brain template Ito2014	1	['adult superior posterior lateral protocerebrum commissure']
BrainName standard - Ito half brain c	lateral cerebro-cervical fascicle on adult brain template Ito2014	1	['lateral cerebro-cervical fascicle']
BrainName standard - Ito half brain c	lateral horn on adult brain template Ito2014	1	['adult lateral horn']
BrainName standard - Ito half brain c	giant fiber neuron on adult brain template Ito2014	1	['giant fiber neuron']
BrainName standard - Ito half brain c	superior intermediate protocerebrum on adult brain template Ito2014	1	['superior intermediate protocerebrum']
BrainName standard - Ito half brain c	vertical lobe of adult mushroom body on adult brain template Ito2014	1	['vertical lobe of adult mushroom body']
BrainName standard - Ito half brain c	medial antennal lobe tract on adult brain template Ito2014	1	['adult medial antennal lobe tract']
BrainName standard - Ito half brain c	inferior fiber system on adult brain template Ito2014	1	['adult inferior fiber system']
BrainName standard - Ito half brain c	medial lobe of adult mushroom body on adult brain template Ito2014	1	['medial lobe of adult mushroom body']
BrainName standard - Ito half brain c	crepine on adult brain template Ito2014	1	['adult crepine']
BrainName standard - Ito half brain c	posterior cerebro-cervical fascicle on adult brain template Ito2014	1	['posterior cerebro-cervical fascicle']
BrainName standard - Ito half brain c	nodulus on adult brain template Ito2014	1	['nodulus']
BrainName standard - Ito half brain c	wedge on adult brain template Ito2014	1	['wedge']
BrainName standard - Ito half brain c	calyx of adult mushroom body on adult brain template Ito2014	1	['calyx of adult mushroom body']
BrainName standard - Ito half brain c	flange on adult brain template Ito2014	1	['flange']
BrainName standard - Ito half brain c	cantle on adult brain template Ito2014	1	['cantle']
BrainName standard - Ito half brain c	posterior posteriolateral protocerebral commissure on adult brain template Ito2014	1	['adult posterior posterior lateral protocerebrum commissure']
BrainName standard - Ito half brain c	superior antennal lobe commissure on adult brain template Ito2014	1	['adult superior antennal lobe commissure']
BrainName standard - Ito half brain c	mediolateral antennal lobe tract on adult brain template Ito2014	1	['adult mediolateral antennal lobe tract']
BrainName standard - Ito half brain c	antennal mechanosensory and motor center on adult brain template Ito2014	1	['antennal mechanosensory and motor center']
BrainName standard - Ito half brain c	antenno-subesophageal tract on adult brain template Ito2014	1	['adult antenno-subesophageal tract']
BrainName standard - Ito half brain c	antler on adult brain template Ito2014	1	['antler']
BrainName standard - Ito half brain c	anterior optic tubercle on adult brain template Ito2014	1	['anterior optic tubercle']
BrainName standard - Ito half brain c	labro_frontal_nerve - painted domain, BrainName pu	1	['adult labro-frontal nerve']
BrainName standard - Ito half brain c	lateral accessory lobe commissure on adult brain template Ito2014	1	['adult lateral accessory lobe commissure']
BrainName standard - Ito half brain c	saddle on adult brain template Ito2014	1	['saddle']
BrainName standard - Ito half brain c	mushroom body accessory calyx on adult brain template Ito2014	1	['adult mushroom body dorsal accessory calyx']
BrainName standard - Ito half brain c	medulla on adult brain template Ito2014	1	['medulla']
BrainName standard - Ito half brain c	lobula on adult brain template Ito2014	1	['lobula']
BrainName standard - Ito half brain c	superior ellipsoid commissure on adult brain template Ito2014	1	['superior ellipsoid commissure']
BrainName standard - Ito half brain c	gorget on adult brain template Ito2014	1	['gorget']
BrainName standard - Ito half brain c	epaulette on adult brain template Ito2014	1	['epaulette']
BrainName standard - Ito half brain c	inferior bridge on adult brain template Ito2014	1	['inferior bridge']
BrainName standard - Ito half brain c	lateral equatorial fascicle on adult brain template Ito2014	1	['adult lateral equatorial fascicle']
BrainName standard - Ito half brain c	adult gnathal ganglion on adult brain template Ito2014	1	['adult gnathal ganglion']
BrainName standard - Ito half brain c	inferior antennal lobe commissure on adult brain template Ito2014	1	['adult inferior antennal lobe commissure']
BrainName standard - Ito half brain c	superior fiber system on adult brain template Ito2014	1	['adult superior fiber system']
BrainName standard - Ito half brain c	lobula plate on adult brain template Ito2014	1	['lobula plate']
BrainName standard - Ito half brain c	ellipsoid body on adult brain template Ito2014	1	['ellipsoid body']
BrainName standard - Ito half brain c	fan-shaped body on adult brain template Ito2014	1	['fan-shaped body']
BrainName standard - Ito half brain c	median bundle on adult brain template Ito2014	1	['adult median bundle']
BrainName standard - Ito half brain c	anterior ventrolateral protocerebrum on adult brain template Ito2014	1	['anterior ventrolateral protocerebrum']
BrainName standard - Ito half brain c	lateral accessory lobe on adult brain template Ito2014	1	['adult lateral accessory lobe']
BrainName standard - Ito half brain c	anterior dorsal commissure on adult brain template Ito2014	1	['adult anterior dorsal commissure']
BrainName standard - Ito half brain c	superior lateral protocerebrum on adult brain template Ito2014	1	['superior lateral protocerebrum']
BrainName standard - Ito half brain c	vertical ventrolateral protocerebral fascicle on adult brain template Ito2014	1	['vertical ventrolateral protocerebral fascicle']
BrainName standard - Ito half brain c	horizontal ventrolateral protocerebral fascicle on adult brain template Ito2014	2	['horizontal ventrolateral protocerebral fascicle', 'horizontal ventrolateral protocerebral fascicle']
BrainName standard - Ito half brain c	anterior cerebro-cervical fascicle on adult brain template Ito2014	1	['anterior cerebro-cervical fascicle']
BrainName standard - Ito half brain c	vest on adult brain template Ito2014	1	['vest']
BrainName standard - Ito half brain c	inferior clamp on adult brain template Ito2014	1	['inferior clamp']
BrainName standard - Ito half brain c	posterior lateral protocerebrum on adult brain template Ito2014	1	['posterior lateral protocerebrum']
BrainName standard - Ito half brain c	posterior lateral fascicle on adult brain template Ito2014	1	['adult posterior lateral fascicle']
BrainName standard - Ito half brain c	anterior superior lateral protocerebrum fascicle on adult brain template Ito2014	1	['adult anterior superior lateral protocerebrum fascicle']
JFRC2_template_c	superior posterior slope on adult brain template JFRC2	1	['superior posterior slope']
JFRC2_template_c	superior clamp on adult brain template JFRC2	1	['superior clamp']
JFRC2_template_c	inferior bridge on adult brain template JFRC2	1	['inferior bridge']
JFRC2_template_c	ventrolateral neuropils on adult brain template JFRC2	1	['ventrolateral neuropils']
JFRC2_template_c	gorget on adult brain template JFRC2	1	['gorget']
JFRC2_template_c	fan-shaped body on adult brain template JFRC2	1	['fan-shaped body']
JFRC2_template_c	clamp on adult brain template JFRC2	1	['clamp']
JFRC2_template_c	lobula on adult brain template JFRC2	1	['lobula']
JFRC2_template_c	adult mushroom body on adult brain template JFRC2	1	['adult mushroom body']
JFRC2_template_c	wedge on adult brain template JFRC2	1	['wedge']
JFRC2_template_c	epaulette on adult brain template JFRC2	1	['epaulette']
JFRC2_template_c	optic lobe on adult brain template JFRC2	1	['adult optic lobe']
JFRC2_template_c	adult central complex on adult brain template JFRC2	1	['adult central complex']
JFRC2_template_c	bulb on adult brain template JFRC2	1	['bulb']
JFRC2_template_c	adult gnathal ganglion on adult brain template JFRC2	1	['adult gnathal ganglion']
JFRC2_template_c	nodulus on adult brain template JFRC2	1	['nodulus']
JFRC2_template_c	medulla on adult brain template JFRC2	1	['medulla']
JFRC2_template_c	ventromedial neuropils on adult brain template JFRC2	1	['ventromedial neuropils']
JFRC2_template_c	gall on adult brain template JFRC2	1	['gall']
JFRC2_template_c	superior lateral protocerebrum on adult brain template JFRC2	1	['superior lateral protocerebrum']
JFRC2_template_c	lateral accessory lobe on adult brain template JFRC2	1	['adult lateral accessory lobe']
JFRC2_template_c	posterior ventrolateral protocerebrum on adult brain template JFRC2	1	['posterior ventrolateral protocerebrum']
JFRC2_template_c	prow on adult brain template JFRC2	1	['prow']
JFRC2_template_c	anterior ventrolateral protocerebrum on adult brain template JFRC2	1	['anterior ventrolateral protocerebrum']
JFRC2_template_c	ventral complex on adult brain template JFRC2	1	['ventral complex']
JFRC2_template_c	SIP on adult brain template JFRC2	1	['superior intermediate protocerebrum']
JFRC2_template_c	cantle on adult brain template JFRC2	1	['cantle']
JFRC2_template_c	inferior clamp on adult brain template JFRC2	1	['inferior clamp']
JFRC2_template_c	lobe system of adult mushroom body on adult brain template JFRC2	1	['lobe system of adult mushroom body']
JFRC2_template_c	accessory medulla on adult brain template JFRC2	1	['accessory medulla']
JFRC2_template_c	lateral complex on adult brain template JFRC2	1	['lateral complex']
JFRC2_template_c	calyx of adult mushroom body on adult brain template JFRC2	1	['calyx of adult mushroom body']
JFRC2_template_c	crepine on adult brain template JFRC2	1	['adult crepine']
JFRC2_template_c	lobula complex on adult brain template JFRC2	1	['lobula complex']
JFRC2_template_c	pedunculus of adult mushroom body on adult brain template JFRC2	1	['pedunculus of adult mushroom body']
JFRC2_template_c	adult cerebral ganglion on adult brain template JFRC2	1	['adult cerebral ganglion']
JFRC2_template_c	PB on adult brain template JFRC2	1	['protocerebral bridge']
JFRC2_template_c	superior neuropils on adult brain template JFRC2	1	['superior neuropils']
JFRC2_template_c	ventrolateral protocerebrum on adult brain template JFRC2	1	['ventrolateral protocerebrum']
JFRC2_template_c	superior medial protocerebrum on adult brain template JFRC2	1	['superior medial protocerebrum']
JFRC2_template_c	antler on adult brain template JFRC2	1	['antler']
JFRC2_template_c	posterior slope on adult brain template JFRC2	1	['posterior slope']
JFRC2_template_c	flange on adult brain template JFRC2	1	['flange']
JFRC2_template_c	ellipsoid body on adult brain template JFRC2	1	['ellipsoid body']
JFRC2_template_c	vest on adult brain template JFRC2	1	['vest']
JFRC2_template_c	adult antennal lobe on adult brain template JFRC2	1	['adult antennal lobe']
JFRC2_template_c	adult subesophageal zone on adult brain template JFRC2	1	['adult subesophageal zone']
JFRC2_template_c	posterior lateral protocerebrum on adult brain template JFRC2	1	['posterior lateral protocerebrum']
JFRC2_template_c	lobula plate on adult brain template JFRC2	1	['lobula plate']
JFRC2_template_c	vertical lobe of adult mushroom body on adult brain template JFRC2	1	['vertical lobe of adult mushroom body']
JFRC2_template_c	central body on adult brain template JFRC2	1	['central body']
JFRC2_template_c	inferior neuropils on adult brain template JFRC2	1	['inferior neuropils']
JFRC2_template_c	antennal mechanosensory and motor center on adult brain template JFRC2	1	['antennal mechanosensory and motor center']
JFRC2_template_c	saddle on adult brain template JFRC2	1	['saddle']
JFRC2_template_c	lateral horn on adult brain template JFRC2	1	['adult lateral horn']
JFRC2_template_c	anterior optic tubercle on adult brain template JFRC2	1	['anterior optic tubercle']
JFRC2_template_c	inferior posterior slope on adult brain template JFRC2	1	['inferior posterior slope']
JFRC2_template_c	medial lobe of adult mushroom body on adult brain template JFRC2	1	['medial lobe of adult mushroom body']
JRC2018UnisexVNC_c	adult abdominal neuromere on adult VNC, JRC2018VU	1	['adult abdominal neuromere']
JRC2018UnisexVNC_c	ITD haltere chiasma on adult VNC, JRC2018VU	1	['adult metathoracic anterior intermediate commissure']
JRC2018UnisexVNC_c	neck tectulum on adult VNC, JRC2018VU	1	['synaptic neuropil domain']
JRC2018UnisexVNC_c	dorsal lateral tract of ventral cervical fasciculus on adult VNC, JRC2018VU	1	['dorsal lateral tract of ventral cervical fasciculus']
JRC2018UnisexVNC_c	dorsal lateral tract on adult VNC, JRC2018VU	1	['dorsal lateral tract of dorsal cervical fasciculus']
JRC2018UnisexVNC_c	wing tectulum on adult VNC, JRC2018VU	1	['wing neuropil']
JRC2018UnisexVNC_c	lower tectulum on adult VNC, JRC2018VU	1	['lower tectulum']
JRC2018UnisexVNC_c	adult mesothoracic neuromere on adult VNC, JRC2018VU	1	['adult mesothoracic neuromere']
JRC2018UnisexVNC_c	adult accessory mesothoracic neuromere on adult VNC, JRC2018VU	1	['adult accessory mesothoracic neuropil']
JRC2018UnisexVNC_c	median dorsal abdominal tract on adult VNC, JRC2018VU	1	['median dorsal abdominal tract']
JRC2018UnisexVNC_c	medial ventral association center on adult VNC, JRC2018VU	1	['medial ventral association center']
JRC2018UnisexVNC_c	adult prothoracic neuromere on adult VNC, JRC2018VU	1	['adult prothoracic neuromere']
JRC2018UnisexVNC_c	ITD haltere tract on adult VNC, JRC2018VU	1	['intermediate tract of dorsal cervical fasciculus']
JRC2018UnisexVNC_c	adult metathoracic neuromere on adult VNC, JRC2018VU	1	['adult metathoracic neuromere']
JRC2018UnisexVNC_c	ventral median tract of ventral cervical fasciculus on adult VNC, JRC2018VU	1	['ventral median tract of ventral cervical fasciculus']
JRC2018UnisexVNC_c	intermediate tract of dorsal cervical fasciculus on adult VNC, JRC2018VU	1	['intermediate tract of dorsal cervical fasciculus']
JRC2018UnisexVNC_c	commissure of Fine Fibers of the ITD on adult VNC, JRC2018VU	1	['commissure of fine fibers of the ITD']
JRC2018UnisexVNC_c	dorsal median tract on adult VNC, JRC2018VU	1	['adult dorsal median tract']
JRC2018UnisexVNC_c	intermediate tectulum on adult VNC, JRC2018VU	1	['intermediate tectulum']
JRC2018UnisexVNC_c	ventral lateral tract on adult VNC, JRC2018VU	1	['ventral lateral tract of ventral cervical fasciculus']
JRC2018UnisexVNC_c	haltere tectulum on adult VNC, JRC2018VU	1	['haltere neuropil']
JRC2018Unisex_c	ROB on JRC2018Unisex adult brain	1	['adult round body']
JRC2018Unisex_c	EPA on JRC2018Unisex adult brain	1	['epaulette']
JRC2018Unisex_c	ICL on JRC2018Unisex adult brain	1	['inferior clamp']
JRC2018Unisex_c	BU on JRC2018Unisex adult brain	1	['bulb']
JRC2018Unisex_c	GOR on JRC2018Unisex adult brain	1	['gorget']
JRC2018Unisex_c	FB on JRC2018Unisex adult brain	1	['fan-shaped body']
JRC2018Unisex_c	EB on JRC2018Unisex adult brain	1	['ellipsoid body']
JRC2018Unisex_c	LAL on JRC2018Unisex adult brain	1	['adult lateral accessory lobe']
JRC2018Unisex_c	gL on JRC2018Unisex adult brain	1	['adult mushroom body gamma-lobe']
JRC2018Unisex_c	FLA on JRC2018Unisex adult brain	1	['flange']
JRC2018Unisex_c	AOTU on JRC2018Unisex adult brain	1	['anterior optic tubercle']
JRC2018Unisex_c	LOP on JRC2018Unisex adult brain	1	['lobula plate']
JRC2018Unisex_c	LO on JRC2018Unisex adult brain	1	['lobula']
JRC2018Unisex_c	WED on JRC2018Unisex adult brain	1	['wedge']
JRC2018Unisex_c	PRW on JRC2018Unisex adult brain	1	['prow']
JRC2018Unisex_c	bL on JRC2018Unisex adult brain	1	['adult mushroom body beta-lobe']
JRC2018Unisex_c	CA on JRC2018Unisex adult brain	1	['calyx of adult mushroom body']
JRC2018Unisex_c	SIP on JRC2018Unisex adult brain	1	['superior intermediate protocerebrum']
JRC2018Unisex_c	ME on JRC2018Unisex adult brain	1	['medulla']
JRC2018Unisex_c	SAD on JRC2018Unisex adult brain	1	['saddle']
JRC2018Unisex_c	PVLP on JRC2018Unisex adult brain	1	['posterior ventrolateral protocerebrum']
JRC2018Unisex_c	PED on JRC2018Unisex adult brain	1	['pedunculus of adult mushroom body']
JRC2018Unisex_c	RUB on JRC2018Unisex adult brain	1	['rubus']
JRC2018Unisex_c	SPS on JRC2018Unisex adult brain	1	['superior posterior slope']
JRC2018Unisex_c	a\'L on JRC2018Unisex adult brain	1	"[""adult mushroom body alpha'-lobe""]"
JRC2018Unisex_c	SCL on JRC2018Unisex adult brain	1	['superior clamp']
JRC2018Unisex_c	CRE on JRC2018Unisex adult brain	1	['adult crepine']
JRC2018Unisex_c	PB on JRC2018Unisex adult brain	1	['protocerebral bridge']
JRC2018Unisex_c	SMP on JRC2018Unisex adult brain	1	['superior medial protocerebrum']
JRC2018Unisex_c	IPS on JRC2018Unisex adult brain	1	['inferior posterior slope']
JRC2018Unisex_c	AMMC on JRC2018Unisex adult brain	1	['antennal mechanosensory and motor center']
JRC2018Unisex_c	PLP on JRC2018Unisex adult brain	1	['posterior lateral protocerebrum']
JRC2018Unisex_c	SLP on JRC2018Unisex adult brain	1	['superior lateral protocerebrum']
JRC2018Unisex_c	NO on JRC2018Unisex adult brain	1	['nodulus']
JRC2018Unisex_c	AVLP on JRC2018Unisex adult brain	1	['anterior ventrolateral protocerebrum']
JRC2018Unisex_c	CAN on JRC2018Unisex adult brain	1	['cantle']
JRC2018Unisex_c	aL on JRC2018Unisex adult brain	1	['adult mushroom body alpha-lobe']
JRC2018Unisex_c	ATL on JRC2018Unisex adult brain	1	['antler']
JRC2018Unisex_c	VES on JRC2018Unisex adult brain	1	['vest']
JRC2018Unisex_c	IB on JRC2018Unisex adult brain	1	['inferior bridge']
JRC2018Unisex_c	b\'L on JRC2018Unisex adult brain	1	"[""adult mushroom body beta'-lobe""]"
JRC2018Unisex_c	AME on JRC2018Unisex adult brain	1	['accessory medulla']
JRC2018Unisex_c	GNG on JRC2018Unisex adult brain	1	['adult gnathal ganglion']
JRC2018Unisex_c	LH on JRC2018Unisex adult brain	1	['adult lateral horn']
JRC2018Unisex_c	GA on JRC2018Unisex adult brain	1	['gall']
JRC2018Unisex_c	AL on JRC2018Unisex adult brain	1	['adult antennal lobe']
JRC_FlyEM_Hemibrain_c	AB(R) on JRC_FlyEM_Hemibrain	1	['asymmetrical body']
JRC_FlyEM_Hemibrain_c	SIP(L) on JRC_FlyEM_Hemibrain	1	['superior intermediate protocerebrum']
JRC_FlyEM_Hemibrain_c	PB(L9) on JRC_FlyEM_Hemibrain	1	['protocerebral bridge glomerulus 9']
JRC_FlyEM_Hemibrain_c	SPS(R) on JRC_FlyEM_Hemibrain	1	['superior posterior slope']
JRC_FlyEM_Hemibrain_c	SMP(R) on JRC_FlyEM_Hemibrain	1	['superior medial protocerebrum']
JRC_FlyEM_Hemibrain_c	PB(R5) on JRC_FlyEM_Hemibrain	1	['protocerebral bridge glomerulus 5']
JRC_FlyEM_Hemibrain_c	NO on JRC_FlyEM_Hemibrain	1	['nodulus']
JRC_FlyEM_Hemibrain_c	BU(L) on JRC_FlyEM_Hemibrain	1	['bulb']
JRC_FlyEM_Hemibrain_c	CAN(R) on JRC_FlyEM_Hemibrain	1	['cantle']
JRC_FlyEM_Hemibrain_c	BU(R) on JRC_FlyEM_Hemibrain	1	['bulb']
JRC_FlyEM_Hemibrain_c	PB(R7) on JRC_FlyEM_Hemibrain	1	['protocerebral bridge glomerulus 7']
JRC_FlyEM_Hemibrain_c	IPS(R) on JRC_FlyEM_Hemibrain	1	['inferior posterior slope']
JRC_FlyEM_Hemibrain_c	EBr3d on JRC_FlyEM_Hemibrain	1	['ellipsoid body inner central domain']
JRC_FlyEM_Hemibrain_c	FBl4 on JRC_FlyEM_Hemibrain	1	['fan-shaped body layer 4']
JRC_FlyEM_Hemibrain_c	POC on JRC_FlyEM_Hemibrain	1	['posterior optic commissure']
JRC_FlyEM_Hemibrain_c	SIP(R) on JRC_FlyEM_Hemibrain	1	['superior intermediate protocerebrum']
JRC_FlyEM_Hemibrain_c	FLA(R) on JRC_FlyEM_Hemibrain	1	['flange']
JRC_FlyEM_Hemibrain_c	FBl5 on JRC_FlyEM_Hemibrain	1	['fan-shaped body layer 5']
JRC_FlyEM_Hemibrain_c	a\'L(R) on JRC_FlyEM_Hemibrain	1	"[""adult mushroom body alpha'-lobe""]"
JRC_FlyEM_Hemibrain_c	CRE(L) on JRC_FlyEM_Hemibrain	1	['adult crepine']
JRC_FlyEM_Hemibrain_c	NO1(L) on JRC_FlyEM_Hemibrain	1	['nodulus 1']
JRC_FlyEM_Hemibrain_c	FBl1 on JRC_FlyEM_Hemibrain	1	['fan-shaped body layer 1']
JRC_FlyEM_Hemibrain_c	VES(R) on JRC_FlyEM_Hemibrain	1	['vest']
JRC_FlyEM_Hemibrain_c	WED(R) on JRC_FlyEM_Hemibrain	1	['wedge']
JRC_FlyEM_Hemibrain_c	PB(R4) on JRC_FlyEM_Hemibrain	1	['protocerebral bridge glomerulus 4']
JRC_FlyEM_Hemibrain_c	AOT(R) on JRC_FlyEM_Hemibrain	1	['adult anterior optic tract']
JRC_FlyEM_Hemibrain_c	LAL(R) on JRC_FlyEM_Hemibrain	1	['adult lateral accessory lobe']
JRC_FlyEM_Hemibrain_c	PB(R2) on JRC_FlyEM_Hemibrain	1	['protocerebral bridge glomerulus 2']
JRC_FlyEM_Hemibrain_c	ATL(R) on JRC_FlyEM_Hemibrain	1	['antler']
JRC_FlyEM_Hemibrain_c	GNG on JRC_FlyEM_Hemibrain	1	['adult gnathal ganglion']
JRC_FlyEM_Hemibrain_c	FBl9 on JRC_FlyEM_Hemibrain	1	['fan-shaped body layer 9']
JRC_FlyEM_Hemibrain_c	EBr1 on JRC_FlyEM_Hemibrain	1	['ellipsoid body inner posterior domain']
JRC_FlyEM_Hemibrain_c	SCL(L) on JRC_FlyEM_Hemibrain	1	['superior clamp']
JRC_FlyEM_Hemibrain_c	LO(R) on JRC_FlyEM_Hemibrain	1	['lobula']
JRC_FlyEM_Hemibrain_c	AMMC on JRC_FlyEM_Hemibrain	1	['antennal mechanosensory and motor center']
JRC_FlyEM_Hemibrain_c	CA(L) on JRC_FlyEM_Hemibrain	1	['calyx of adult mushroom body']
JRC_FlyEM_Hemibrain_c	PB(L2) on JRC_FlyEM_Hemibrain	1	['protocerebral bridge glomerulus 2']
JRC_FlyEM_Hemibrain_c	GA(R) on JRC_FlyEM_Hemibrain	1	['gall']
JRC_FlyEM_Hemibrain_c	PB(L6) on JRC_FlyEM_Hemibrain	1	['protocerebral bridge glomerulus 6']
JRC_FlyEM_Hemibrain_c	SMP(L) on JRC_FlyEM_Hemibrain	1	['superior medial protocerebrum']
JRC_FlyEM_Hemibrain_c	LH(R) on JRC_FlyEM_Hemibrain	1	['adult lateral horn']
JRC_FlyEM_Hemibrain_c	aL(R) on JRC_FlyEM_Hemibrain	1	['adult mushroom body alpha-lobe']
JRC_FlyEM_Hemibrain_c	NO1(R) on JRC_FlyEM_Hemibrain	1	['nodulus 1']
JRC_FlyEM_Hemibrain_c	RUB(R) on JRC_FlyEM_Hemibrain	1	['rubus']
JRC_FlyEM_Hemibrain_c	PB(L1) on JRC_FlyEM_Hemibrain	1	['protocerebral bridge glomerulus 1']
JRC_FlyEM_Hemibrain_c	PB(L8) on JRC_FlyEM_Hemibrain	1	['protocerebral bridge glomerulus 8']
JRC_FlyEM_Hemibrain_c	EBr3pw on JRC_FlyEM_Hemibrain	1	['ellipsoid body inner posterior domain']
JRC_FlyEM_Hemibrain_c	AOTU(R) on JRC_FlyEM_Hemibrain	1	['anterior optic tubercle']
JRC_FlyEM_Hemibrain_c	NO2(R) on JRC_FlyEM_Hemibrain	1	['nodulus 2']
JRC_FlyEM_Hemibrain_c	PB(R8) on JRC_FlyEM_Hemibrain	1	['protocerebral bridge glomerulus 8']
JRC_FlyEM_Hemibrain_c	mALT(R) on JRC_FlyEM_Hemibrain	1	['adult medial antennal lobe tract']
JRC_FlyEM_Hemibrain_c	ICL(L) on JRC_FlyEM_Hemibrain	1	['inferior clamp']
JRC_FlyEM_Hemibrain_c	AME(R) on JRC_FlyEM_Hemibrain	1	['accessory medulla']
JRC_FlyEM_Hemibrain_c	PED(R) on JRC_FlyEM_Hemibrain	1	['pedunculus of adult mushroom body']
JRC_FlyEM_Hemibrain_c	FBl8 on JRC_FlyEM_Hemibrain	1	['fan-shaped body layer 8']
JRC_FlyEM_Hemibrain_c	CRE(R) on JRC_FlyEM_Hemibrain	1	['adult crepine']
JRC_FlyEM_Hemibrain_c	IB on JRC_FlyEM_Hemibrain	1	['inferior bridge']
JRC_FlyEM_Hemibrain_c	SPS(L) on JRC_FlyEM_Hemibrain	1	['superior posterior slope']
JRC_FlyEM_Hemibrain_c	bL(R) on JRC_FlyEM_Hemibrain	1	['adult mushroom body beta-lobe']
JRC_FlyEM_Hemibrain_c	EPA(L) on JRC_FlyEM_Hemibrain	1	['epaulette']
JRC_FlyEM_Hemibrain_c	b\'L(L) on JRC_FlyEM_Hemibrain	1	"[""adult mushroom body beta'-lobe""]"
JRC_FlyEM_Hemibrain_c	PB(L7) on JRC_FlyEM_Hemibrain	1	['protocerebral bridge glomerulus 7']
JRC_FlyEM_Hemibrain_c	gL(R) on JRC_FlyEM_Hemibrain	1	['adult mushroom body gamma-lobe']
JRC_FlyEM_Hemibrain_c	EBr3am on JRC_FlyEM_Hemibrain	1	['ellipsoid body inner central domain']
JRC_FlyEM_Hemibrain_c	GC on JRC_FlyEM_Hemibrain	1	['adult great commissure']
JRC_FlyEM_Hemibrain_c	b\'L(R) on JRC_FlyEM_Hemibrain	1	"[""adult mushroom body beta'-lobe""]"
JRC_FlyEM_Hemibrain_c	ATL(L) on JRC_FlyEM_Hemibrain	1	['antler']
JRC_FlyEM_Hemibrain_c	FBl3 on JRC_FlyEM_Hemibrain	1	['fan-shaped body layer 3']
JRC_FlyEM_Hemibrain_c	mALT(L) on JRC_FlyEM_Hemibrain	1	['adult medial antennal lobe tract']
JRC_FlyEM_Hemibrain_c	AL(L) on JRC_FlyEM_Hemibrain	1	['adult antennal lobe']
JRC_FlyEM_Hemibrain_c	PB(L5) on JRC_FlyEM_Hemibrain	1	['protocerebral bridge glomerulus 5']
JRC_FlyEM_Hemibrain_c	EPA(R) on JRC_FlyEM_Hemibrain	1	['epaulette']
JRC_FlyEM_Hemibrain_c	GF(R) on JRC_FlyEM_Hemibrain	1	['giant fiber neuron']
JRC_FlyEM_Hemibrain_c	PB(R3) on JRC_FlyEM_Hemibrain	1	['protocerebral bridge glomerulus 3']
JRC_FlyEM_Hemibrain_c	PB(R1) on JRC_FlyEM_Hemibrain	1	['protocerebral bridge glomerulus 1']
JRC_FlyEM_Hemibrain_c	NO3(R) on JRC_FlyEM_Hemibrain	1	['nodulus 3']
JRC_FlyEM_Hemibrain_c	CA(R) on JRC_FlyEM_Hemibrain	1	['calyx of adult mushroom body']
JRC_FlyEM_Hemibrain_c	GOR(L) on JRC_FlyEM_Hemibrain	1	['gorget']
JRC_FlyEM_Hemibrain_c	EB on JRC_FlyEM_Hemibrain	1	['ellipsoid body']
JRC_FlyEM_Hemibrain_c	PRW on JRC_FlyEM_Hemibrain	1	['prow']
JRC_FlyEM_Hemibrain_c	ICL(R) on JRC_FlyEM_Hemibrain	1	['inferior clamp']
JRC_FlyEM_Hemibrain_c	FBl6 on JRC_FlyEM_Hemibrain	1	['fan-shaped body layer 6']
JRC_FlyEM_Hemibrain_c	LAL(L) on JRC_FlyEM_Hemibrain	1	['adult lateral accessory lobe']
JRC_FlyEM_Hemibrain_c	gL(L) on JRC_FlyEM_Hemibrain	1	['adult mushroom body gamma-lobe']
JRC_FlyEM_Hemibrain_c	SLP(R) on JRC_FlyEM_Hemibrain	1	['superior lateral protocerebrum']
JRC_FlyEM_Hemibrain_c	FBl7 on JRC_FlyEM_Hemibrain	1	['fan-shaped body layer 7']
JRC_FlyEM_Hemibrain_c	PVLP(R) on JRC_FlyEM_Hemibrain	1	['posterior ventrolateral protocerebrum']
JRC_FlyEM_Hemibrain_c	GOR(R) on JRC_FlyEM_Hemibrain	1	['gorget']
JRC_FlyEM_Hemibrain_c	VES(L) on JRC_FlyEM_Hemibrain	1	['vest']
JRC_FlyEM_Hemibrain_c	RUB(L) on JRC_FlyEM_Hemibrain	1	['rubus']
JRC_FlyEM_Hemibrain_c	ROB(R) on JRC_FlyEM_Hemibrain	1	['adult round body']
JRC_FlyEM_Hemibrain_c	NO3(L) on JRC_FlyEM_Hemibrain	1	['nodulus 3']
JRC_FlyEM_Hemibrain_c	EBr6 on JRC_FlyEM_Hemibrain	1	['ellipsoid body outer posterior domain']
JRC_FlyEM_Hemibrain_c	PLP(R) on JRC_FlyEM_Hemibrain	1	['posterior lateral protocerebrum']
JRC_FlyEM_Hemibrain_c	PB(R6) on JRC_FlyEM_Hemibrain	1	['protocerebral bridge glomerulus 6']
JRC_FlyEM_Hemibrain_c	PB on JRC_FlyEM_Hemibrain	1	['protocerebral bridge']
JRC_FlyEM_Hemibrain_c	NO2(L) on JRC_FlyEM_Hemibrain	1	['nodulus 2']
JRC_FlyEM_Hemibrain_c	a\'L(L) on JRC_FlyEM_Hemibrain	1	"[""adult mushroom body alpha'-lobe""]"
JRC_FlyEM_Hemibrain_c	ME(R) on JRC_FlyEM_Hemibrain	1	['medulla']
JRC_FlyEM_Hemibrain_c	PB(R9) on JRC_FlyEM_Hemibrain	1	['protocerebral bridge glomerulus 9']
JRC_FlyEM_Hemibrain_c	SCL(R) on JRC_FlyEM_Hemibrain	1	['superior clamp']
JRC_FlyEM_Hemibrain_c	AL(R) on JRC_FlyEM_Hemibrain	1	['adult antennal lobe']
JRC_FlyEM_Hemibrain_c	bL(L) on JRC_FlyEM_Hemibrain	1	['adult mushroom body beta-lobe']
JRC_FlyEM_Hemibrain_c	aL(L) on JRC_FlyEM_Hemibrain	1	['adult mushroom body alpha-lobe']
JRC_FlyEM_Hemibrain_c	PB(L3) on JRC_FlyEM_Hemibrain	1	['protocerebral bridge glomerulus 3']
JRC_FlyEM_Hemibrain_c	AVLP(R) on JRC_FlyEM_Hemibrain	1	['anterior ventrolateral protocerebrum']
JRC_FlyEM_Hemibrain_c	EBr5 on JRC_FlyEM_Hemibrain	1	['ellipsoid body anterior domain']
JRC_FlyEM_Hemibrain_c	FB on JRC_FlyEM_Hemibrain	1	['fan-shaped body']
JRC_FlyEM_Hemibrain_c	AB(L) on JRC_FlyEM_Hemibrain	1	['asymmetrical body']
JRC_FlyEM_Hemibrain_c	LOP(R) on JRC_FlyEM_Hemibrain	1	['lobula plate']
JRC_FlyEM_Hemibrain_c	SAD on JRC_FlyEM_Hemibrain	1	['saddle']
JRC_FlyEM_Hemibrain_c	EBr2r4 on JRC_FlyEM_Hemibrain	1	['ellipsoid body outer central domain']
JRC_FlyEM_Hemibrain_c	FBl2 on JRC_FlyEM_Hemibrain	1	['fan-shaped body layer 2']
JRC_FlyEM_Hemibrain_c	PB(L4) on JRC_FlyEM_Hemibrain	1	['protocerebral bridge glomerulus 4']
L3 CNS template - Wood2018_c	right central neuropil of T3 on L3 CNS template, Wood2018	1	['central domain of larval T3 neuromere']
L3 CNS template - Wood2018_c	right centromedial neuropil of labial segment on L3 CNS template, Wood2018	1	['centromedial domain of larval labial neuromere']
L3 CNS template - Wood2018_c	right dorsolateral neuropil of T2 on L3 CNS template, Wood2018	1	['dorsolateral domain of larval T2 neuromere']
L3 CNS template - Wood2018_c	left centromedial neuropil of A3 on L3 CNS template, Wood2018	1	['centromedial domain of larval A3 neuromere']
L3 CNS template - Wood2018_c	left ventromedial neuropil of A6 on L3 CNS template, Wood2018	1	['ventromedial domain of larval A6 neuromere']
L3 CNS template - Wood2018_c	protocerebral bridge - primordial on L3 CNS template, Wood2018	1	['embryonic/larval protocerebral bridge - primordial']
L3 CNS template - Wood2018_c	left central neuropil of A5 on L3 CNS template, Wood2018	1	['central domain of larval A5 neuromere']
L3 CNS template - Wood2018_c	right centrolateral neuropil of A4 on L3 CNS template, Wood2018	1	['centrolateral domain of larval A4 neuromere']
L3 CNS template - Wood2018_c	right ventrolateral neuropil of A2 on L3 CNS template, Wood2018	1	['ventrolateral domain of larval A2 neuromere']
L3 CNS template - Wood2018_c	posterior ventromedial cerebrum on L3 CNS template, Wood2018	1	['embryonic/larval posterior ventromedial cerebrum']
L3 CNS template - Wood2018_c	left central neuropil of A7 on L3 CNS template, Wood2018	1	['central domain of larval A7 neuromere']
L3 CNS template - Wood2018_c	left dorsomedial neuropil of A7 on L3 CNS template, Wood2018	1	['dorsomedial domain of larval A7 neuromere']
L3 CNS template - Wood2018_c	left centromedial neuropil of T1 on L3 CNS template, Wood2018	1	['centromedial domain of larval T1 neuromere']
L3 CNS template - Wood2018_c	left centromedial neuropil of mandibular segment on L3 CNS template, Wood2018	1	['centromedial domain of larval mandibular neuromere']
L3 CNS template - Wood2018_c	right ventromedial neuropil of A2 on L3 CNS template, Wood2018	1	['ventromedial domain of larval A2 neuromere']
L3 CNS template - Wood2018_c	left ventromedial neuropil of A2 on L3 CNS template, Wood2018	1	['ventromedial domain of larval A2 neuromere']
L3 CNS template - Wood2018_c	right dorsolateral neuropil of A4 on L3 CNS template, Wood2018	1	['dorsolateral domain of larval A4 neuromere']
L3 CNS template - Wood2018_c	right ventromedial neuropil of A6 on L3 CNS template, Wood2018	1	['ventromedial domain of larval A6 neuromere']
L3 CNS template - Wood2018_c	right centromedial neuropil of A3 on L3 CNS template, Wood2018	1	['centromedial domain of larval A3 neuromere']
L3 CNS template - Wood2018_c	fan-shaped body - primordial on L3 CNS template, Wood2018	1	['embryonic/larval fan-shaped body - primordial']
L3 CNS template - Wood2018_c	right dorsomedial neuropil of T1 on L3 CNS template, Wood2018	1	['dorsomedial domain of larval T1 neuromere']
L3 CNS template - Wood2018_c	left ventrolateral neuropil of A2 on L3 CNS template, Wood2018	1	['ventrolateral domain of larval A2 neuromere']
L3 CNS template - Wood2018_c	left centromedial neuropil of A6 on L3 CNS template, Wood2018	1	['centromedial domain of larval A6 neuromere']
L3 CNS template - Wood2018_c	left centromedial subdivision of ventral nerve cord on L3 CNS template, Wood2018	1	['centromedial domain of larval central nervous system']
L3 CNS template - Wood2018_c	left ventromedial subdivision of ventral nerve cord on L3 CNS template, Wood2018	1	['ventromedial domain of larval central nervous system']
L3 CNS template - Wood2018_c	left ventromedial neuropil of mandibular segment on L3 CNS template, Wood2018	1	['ventromedial domain of larval mandibular neuromere']
L3 CNS template - Wood2018_c	right ventrolateral neuropil of maxillary segment on L3 CNS template, Wood2018	1	['ventrolateral domain of larval maxillary neuromere']
L3 CNS template - Wood2018_c	superior lateral protocerebrum on L3 CNS template, Wood2018	1	['embryonic/larval superior lateral protocerebrum']
L3 CNS template - Wood2018_c	left centrolateral neuropil of A5 on L3 CNS template, Wood2018	1	['centrolateral domain of larval A5 neuromere']
L3 CNS template - Wood2018_c	left dorsomedial neuropil of mandibular segment on L3 CNS template, Wood2018	1	['dorsomedial domain of larval mandibular neuromere']
L3 CNS template - Wood2018_c	left central neuropil of labial segment on L3 CNS template, Wood2018	1	['central domain of larval labial neuromere']
L3 CNS template - Wood2018_c	right centromedial neuropil of maxillary segment on L3 CNS template, Wood2018	1	['centromedial domain of larval maxillary neuromere']
L3 CNS template - Wood2018_c	left central neuropil of A9 on L3 CNS template, Wood2018	1	['central domain of larval A9 neuromere']
L3 CNS template - Wood2018_c	right ventromedial neuropil of A5 on L3 CNS template, Wood2018	1	['ventromedial domain of larval A5 neuromere']
L3 CNS template - Wood2018_c	right centrolateral neuropil of maxillary segment on L3 CNS template, Wood2018	1	['centrolateral domain of larval maxillary neuromere']
L3 CNS template - Wood2018_c	right ventromedial neuropil of A1 on L3 CNS template, Wood2018	1	['ventromedial domain of larval A1 neuromere']
L3 CNS template - Wood2018_c	left centrolateral neuropil of T1 on L3 CNS template, Wood2018	1	['centrolateral domain of larval T1 neuromere']
L3 CNS template - Wood2018_c	right central neuropil of tritocerebrum on L3 CNS template, Wood2018	1	['central domain of larval tritocerebrum']
L3 CNS template - Wood2018_c	lateral accessory lobe on L3 CNS template, Wood2018	1	['embryonic/larval lateral accessory lobe']
L3 CNS template - Wood2018_c	right centromedial neuropil of A6 on L3 CNS template, Wood2018	1	['centromedial domain of larval A6 neuromere']
L3 CNS template - Wood2018_c	left T2 leg neuropil on L3 CNS template, Wood2018	1	['larval T2 leg neuropil']
L3 CNS template - Wood2018_c	right centromedial neuropil of A4 on L3 CNS template, Wood2018	1	['centromedial domain of larval A4 neuromere']
L3 CNS template - Wood2018_c	left centrolateral neuropil of mandibular segment on L3 CNS template, Wood2018	1	['centrolateral domain of larval mandibular neuromere']
L3 CNS template - Wood2018_c	right T2 leg neuropil on L3 CNS template, Wood2018	1	['larval T2 leg neuropil']
L3 CNS template - Wood2018_c	right dorsolateral neuropil of labial segment on L3 CNS template, Wood2018	1	['dorsolateral domain of larval labial neuromere']
L3 CNS template - Wood2018_c	left ventromedial neuropil of A7 on L3 CNS template, Wood2018	1	['ventromedial domain of larval A7 neuromere']
L3 CNS template - Wood2018_c	right central neuropil of A9 on L3 CNS template, Wood2018	1	['central domain of larval A9 neuromere']
L3 CNS template - Wood2018_c	right centrolateral subdivision of ventral nerve cord on L3 CNS template, Wood2018	1	['centrolateral domain of larval central nervous system']
L3 CNS template - Wood2018_c	left centromedial neuropil of A8 on L3 CNS template, Wood2018	1	['centromedial domain of larval A8 neuromere']
L3 CNS template - Wood2018_c	right centrolateral neuropil of A5 on L3 CNS template, Wood2018	1	['centrolateral domain of larval A5 neuromere']
L3 CNS template - Wood2018_c	left centrolateral neuropil of A4 on L3 CNS template, Wood2018	1	['centrolateral domain of larval A4 neuromere']
L3 CNS template - Wood2018_c	right dorsomedial neuropil of A8 on L3 CNS template, Wood2018	1	['dorsomedial domain of larval A8 neuromere']
L3 CNS template - Wood2018_c	ventrolateral protocerebrum on L3 CNS template, Wood2018	1	['embryonic/larval ventrolateral protocerebrum']
L3 CNS template - Wood2018_c	left central neuropil of A3 on L3 CNS template, Wood2018	1	['central domain of larval A3 neuromere']
L3 CNS template - Wood2018_c	right centrolateral neuropil of A7 on L3 CNS template, Wood2018	1	['centrolateral domain of larval A7 neuromere']
L3 CNS template - Wood2018_c	antennal lobe on L3 CNS template, Wood2018	1	['embryonic/larval antennal lobe']
L3 CNS template - Wood2018_c	left centromedial neuropil of labial segment on L3 CNS template, Wood2018	1	['centromedial domain of larval labial neuromere']
L3 CNS template - Wood2018_c	left central neuropil of A8 on L3 CNS template, Wood2018	1	['central domain of larval A8 neuromere']
L3 CNS template - Wood2018_c	left dorsal neuropil of A9 on L3 CNS template, Wood2018	1	['dorsal domain of larval A9 neuromere']
L3 CNS template - Wood2018_c	right central subdivision of ventral nerve cord on L3 CNS template, Wood2018	1	['central domain of larval central nervous system']
L3 CNS template - Wood2018_c	left dorsomedial neuropil of A4 on L3 CNS template, Wood2018	1	['dorsomedial domain of larval A4 neuromere']
L3 CNS template - Wood2018_c	left dorsolateral neuropil of A7 on L3 CNS template, Wood2018	1	['dorsolateral domain of larval A7 neuromere']
L3 CNS template - Wood2018_c	left dorsomedial neuropil of T2 on L3 CNS template, Wood2018	1	['dorsomedial domain of larval T2 neuromere']
L3 CNS template - Wood2018_c	right centromedial neuropil of A8 on L3 CNS template, Wood2018	1	['centromedial domain of larval A8 neuromere']
L3 CNS template - Wood2018_c	right ventrolateral neuropil of T2 on L3 CNS template, Wood2018	2	['ventrolateral domain of larval T2 neuromere', 'ventrolateral domain of larval T2 neuromere']
L3 CNS template - Wood2018_c	left central subdivision of ventral nerve cord on L3 CNS template, Wood2018	1	['central domain of larval central nervous system']
L3 CNS template - Wood2018_c	superior intermediate protocerebrum on L3 CNS template, Wood2018	1	['superior intermediate protocerebrum']
L3 CNS template - Wood2018_c	right ventrolateral neuropil of labial segment on L3 CNS template, Wood2018	1	['ventrolateral domain of larval labial neuromere']
L3 CNS template - Wood2018_c	nodulus - primordial on L3 CNS template, Wood2018	1	['embryonic/larval nodulus - primordial']
L3 CNS template - Wood2018_c	right centromedial neuropil of A1 on L3 CNS template, Wood2018	1	['centromedial domain of larval A1 neuromere']
L3 CNS template - Wood2018_c	left ventromedial neuropil of A1 on L3 CNS template, Wood2018	1	['ventromedial domain of larval A1 neuromere']
L3 CNS template - Wood2018_c	left centrolateral neuropil of A8 on L3 CNS template, Wood2018	1	['centrolateral domain of larval A8 neuromere']
L3 CNS template - Wood2018_c	left ventromedial neuropil of A5 on L3 CNS template, Wood2018	1	['ventromedial domain of larval A5 neuromere']
L3 CNS template - Wood2018_c	right centrolateral neuropil of A1 on L3 CNS template, Wood2018	1	['centrolateral domain of larval A1 neuromere']
L3 CNS template - Wood2018_c	left ventromedial neuropil of maxillary segment on L3 CNS template, Wood2018	1	['ventromedial domain of larval maxillary neuromere']
L3 CNS template - Wood2018_c	left central neuropil of A1 on L3 CNS template, Wood2018	1	['central domain of larval A1 neuromere']
L3 CNS template - Wood2018_c	right dorsomedial neuropil of tritocerebrum on L3 CNS template, Wood2018	1	['dorsal domain of larval tritocerebrum']
L3 CNS template - Wood2018_c	right centrolateral neuropil of labial segment on L3 CNS template, Wood2018	1	['centrolateral domain of larval labial neuromere']
L3 CNS template - Wood2018_c	left centrolateral neuropil of labial segment on L3 CNS template, Wood2018	1	['centrolateral domain of larval labial neuromere']
L3 CNS template - Wood2018_c	crepine on L3 CNS template, Wood2018	1	['embryonic/larval crepine']
L3 CNS template - Wood2018_c	left ventromedial neuropil of A4 on L3 CNS template, Wood2018	1	['ventromedial domain of larval A4 neuromere']
L3 CNS template - Wood2018_c	left dorsomedial neuropil of tritocerebrum on L3 CNS template, Wood2018	1	['dorsal domain of larval tritocerebrum']
L3 CNS template - Wood2018_c	left dorsolateral neuropil of T1 on L3 CNS template, Wood2018	1	['dorsolateral domain of larval T1 neuromere']
L3 CNS template - Wood2018_c	right T3 leg neuropil on L3 CNS template, Wood2018	1	['larval T3 leg neuropil']
L3 CNS template - Wood2018_c	left ventrolateral neuropil of T1 on L3 CNS template, Wood2018	2	['ventrolateral domain of larval T1 neuromere', 'ventrolateral domain of larval T1 neuromere']
L3 CNS template - Wood2018_c	left ventrolateral neuropil of A6 on L3 CNS template, Wood2018	1	['ventrolateral domain of larval A6 neuromere']
L3 CNS template - Wood2018_c	left centrolateral neuropil of T2 on L3 CNS template, Wood2018	1	['centrolateral domain of larval T2 neuromere']
L3 CNS template - Wood2018_c	right centromedial neuropil of T3 on L3 CNS template, Wood2018	1	['centromedial domain of larval T3 neuromere']
L3 CNS template - Wood2018_c	anterior superior medial protocerebrum on L3 CNS template, Wood2018	1	['embryonic/larval anterior superior medial protocerebrum']
L3 CNS template - Wood2018_c	right dorsolateral neuropil of T3 on L3 CNS template, Wood2018	1	['dorsolateral domain of larval T3 neuromere']
L3 CNS template - Wood2018_c	right ventrolateral neuropil of A3 on L3 CNS template, Wood2018	1	['ventrolateral domain of larval A3 neuromere']
L3 CNS template - Wood2018_c	left central neuropil of A4 on L3 CNS template, Wood2018	1	['central domain of larval A4 neuromere']
L3 CNS template - Wood2018_c	left central neuropil of T1 on L3 CNS template, Wood2018	1	['central domain of larval T1 neuromere']
L3 CNS template - Wood2018_c	medial lobe of mushroom body on L3 CNS template, Wood2018	1	['medial lobe of larval mushroom body']
L3 CNS template - Wood2018_c	left dorsomedial neuropil of labial segment on L3 CNS template, Wood2018	1	['dorsomedial domain of larval labial neuromere']
L3 CNS template - Wood2018_c	left ventral neuropil of A9 on L3 CNS template, Wood2018	1	['ventral domain of larval A9 neuromere']
L3 CNS template - Wood2018_c	right ventrolateral neuropil of T3 on L3 CNS template, Wood2018	2	['ventrolateral domain of larval T3 neuromere', 'ventrolateral domain of larval T3 neuromere']
L3 CNS template - Wood2018_c	left ventrolateral neuropil of A5 on L3 CNS template, Wood2018	1	['ventrolateral domain of larval A5 neuromere']
L3 CNS template - Wood2018_c	left central neuropil of A6 on L3 CNS template, Wood2018	1	['central domain of larval A6 neuromere']
L3 CNS template - Wood2018_c	left dorsolateral neuropil of A2 on L3 CNS template, Wood2018	1	['dorsolateral domain of larval A2 neuromere']
L3 CNS template - Wood2018_c	right central neuropil of A8 on L3 CNS template, Wood2018	1	['central domain of larval A8 neuromere']
L3 CNS template - Wood2018_c	left centrolateral subdivision of ventral nerve cord on L3 CNS template, Wood2018	1	['centrolateral domain of larval central nervous system']
L3 CNS template - Wood2018_c	left dorsomedial neuropil of maxillary segment on L3 CNS template, Wood2018	1	['dorsomedial domain of larval maxillary neuromere']
L3 CNS template - Wood2018_c	left dorsolateral neuropil of A4 on L3 CNS template, Wood2018	1	['dorsolateral domain of larval A4 neuromere']
L3 CNS template - Wood2018_c	right centrolateral neuropil of A3 on L3 CNS template, Wood2018	1	['centrolateral domain of larval A3 neuromere']
L3 CNS template - Wood2018_c	right ventromedial neuropil of A3 on L3 CNS template, Wood2018	1	['ventromedial domain of larval A3 neuromere']
L3 CNS template - Wood2018_c	right dorsomedial neuropil of A7 on L3 CNS template, Wood2018	1	['dorsomedial domain of larval A7 neuromere']
L3 CNS template - Wood2018_c	left ventrolateral neuropil of maxillary segment on L3 CNS template, Wood2018	1	['ventrolateral domain of larval maxillary neuromere']
L3 CNS template - Wood2018_c	right ventromedial neuropil of tritocerebrum on L3 CNS template, Wood2018	1	['ventromedial domain of larval tritocerebrum']
L3 CNS template - Wood2018_c	right central neuropil of labial segment on L3 CNS template, Wood2018	1	['central domain of larval labial neuromere']
L3 CNS template - Wood2018_c	right ventrolateral neuropil of A8 on L3 CNS template, Wood2018	1	['ventrolateral domain of larval A8 neuromere']
L3 CNS template - Wood2018_c	left central neuropil of T2 on L3 CNS template, Wood2018	1	['central domain of larval T2 neuromere']
L3 CNS template - Wood2018_c	right centrolateral neuropil of T3 on L3 CNS template, Wood2018	1	['centrolateral domain of larval T3 neuromere']
L3 CNS template - Wood2018_c	right dorsomedial subdivision of ventral nerve cord on L3 CNS template, Wood2018	1	['dorsomedial domain of larval central nervous system']
L3 CNS template - Wood2018_c	right ventral neuropil of A9 on L3 CNS template, Wood2018	1	['ventral domain of larval A9 neuromere']
L3 CNS template - Wood2018_c	right ventrolateral neuropil of A7 on L3 CNS template, Wood2018	1	['ventrolateral domain of larval A7 neuromere']
L3 CNS template - Wood2018_c	left dorsolateral neuropil of A1 on L3 CNS template, Wood2018	1	['dorsolateral domain of larval A1 neuromere']
L3 CNS template - Wood2018_c	right dorsomedial neuropil of A3 on L3 CNS template, Wood2018	1	['dorsomedial domain of larval A3 neuromere']
L3 CNS template - Wood2018_c	right ventrolateral neuropil of T1 on L3 CNS template, Wood2018	2	['ventrolateral domain of larval T1 neuromere', 'ventrolateral domain of larval T1 neuromere']
L3 CNS template - Wood2018_c	left dorsomedial neuropil of A3 on L3 CNS template, Wood2018	1	['dorsomedial domain of larval A3 neuromere']
L3 CNS template - Wood2018_c	left dorsomedial neuropil of A1 on L3 CNS template, Wood2018	1	['dorsomedial domain of larval A1 neuromere']
L3 CNS template - Wood2018_c	posterior lateral protocerebrum on L3 CNS template, Wood2018	1	['embryonic/larval posterior lateral protocerebrum']
L3 CNS template - Wood2018_c	right dorsomedial neuropil of A2 on L3 CNS template, Wood2018	1	['dorsomedial domain of larval A2 neuromere']
L3 CNS template - Wood2018_c	left ventrolateral neuropil of A3 on L3 CNS template, Wood2018	1	['ventrolateral domain of larval A3 neuromere']
L3 CNS template - Wood2018_c	left centrolateral neuropil of A7 on L3 CNS template, Wood2018	1	['centrolateral domain of larval A7 neuromere']
L3 CNS template - Wood2018_c	right dorsomedial neuropil of T2 on L3 CNS template, Wood2018	1	['dorsomedial domain of larval T2 neuromere']
L3 CNS template - Wood2018_c	left dorsolateral neuropil of T2 on L3 CNS template, Wood2018	1	['dorsolateral domain of larval T2 neuromere']
L3 CNS template - Wood2018_c	left dorsomedial neuropil of A6 on L3 CNS template, Wood2018	1	['dorsomedial domain of larval A6 neuromere']
L3 CNS template - Wood2018_c	right dorsomedial neuropil of A5 on L3 CNS template, Wood2018	1	['dorsomedial domain of larval A5 neuromere']
L3 CNS template - Wood2018_c	left ventrolateral neuropil of T2 on L3 CNS template, Wood2018	2	['ventrolateral domain of larval T2 neuromere', 'ventrolateral domain of larval T2 neuromere']
L3 CNS template - Wood2018_c	right dorsolateral neuropil of maxillary segment on L3 CNS template, Wood2018	1	['dorsolateral domain of larval maxillary neuromere']
L3 CNS template - Wood2018_c	right dorsomedial neuropil of A4 on L3 CNS template, Wood2018	1	['dorsomedial domain of larval A4 neuromere']
L3 CNS template - Wood2018_c	right ventromedial subdivision of ventral nerve cord on L3 CNS template, Wood2018	1	['ventromedial domain of larval central nervous system']
L3 CNS template - Wood2018_c	left T1 leg neuropil on L3 CNS template, Wood2018	1	['larval T1 leg neuropil']
L3 CNS template - Wood2018_c	right dorsolateral neuropil of A7 on L3 CNS template, Wood2018	1	['dorsolateral domain of larval A7 neuromere']
L3 CNS template - Wood2018_c	left ventromedial neuropil of A8 on L3 CNS template, Wood2018	1	['ventromedial domain of larval A8 neuromere']
L3 CNS template - Wood2018_c	right centromedial neuropil of A2 on L3 CNS template, Wood2018	1	['centromedial domain of larval A2 neuromere']
L3 CNS template - Wood2018_c	left ventromedial neuropil of A3 on L3 CNS template, Wood2018	1	['ventromedial domain of larval A3 neuromere']
L3 CNS template - Wood2018_c	left dorsomedial neuropil of T3 on L3 CNS template, Wood2018	1	['dorsomedial domain of larval T3 neuromere']
L3 CNS template - Wood2018_c	left ventrolateral neuropil of A8 on L3 CNS template, Wood2018	1	['ventrolateral domain of larval A8 neuromere']
L3 CNS template - Wood2018_c	right ventrolateral neuropil of mandibular segment on L3 CNS template, Wood2018	1	['ventrolateral domain of larval mandibular neuromere']
L3 CNS template - Wood2018_c	left ventrolateral neuropil of labial segment on L3 CNS template, Wood2018	1	['ventrolateral domain of larval labial neuromere']
L3 CNS template - Wood2018_c	left ventromedial neuropil of labial segment on L3 CNS template, Wood2018	1	['ventromedial domain of larval labial neuromere']
L3 CNS template - Wood2018_c	superior medial protocerebrum on L3 CNS template, Wood2018	1	['embryonic/larval superior medial protocerebrum']
L3 CNS template - Wood2018_c	right centrolateral neuropil of A8 on L3 CNS template, Wood2018	1	['centrolateral domain of larval A8 neuromere']
L3 CNS template - Wood2018_c	right ventromedial neuropil of maxillary segment on L3 CNS template, Wood2018	1	['ventromedial domain of larval maxillary neuromere']
L3 CNS template - Wood2018_c	left dorsolateral neuropil of labial segment on L3 CNS template, Wood2018	1	['dorsolateral domain of larval labial neuromere']
L3 CNS template - Wood2018_c	left centrolateral neuropil of A3 on L3 CNS template, Wood2018	1	['centrolateral domain of larval A3 neuromere']
L3 CNS template - Wood2018_c	lateral appendix of mushroom body on L3 CNS template, Wood2018	1	['lateral appendix of larval mushroom body']
L3 CNS template - Wood2018_c	right central neuropil of mandibular segment on L3 CNS template, Wood2018	1	['central domain of larval mandibular neuromere']
L3 CNS template - Wood2018_c	left centrolateral neuropil of maxillary segment on L3 CNS template, Wood2018	1	['centrolateral domain of larval maxillary neuromere']
L3 CNS template - Wood2018_c	left centromedial neuropil of A1 on L3 CNS template, Wood2018	1	['centromedial domain of larval A1 neuromere']
L3 CNS template - Wood2018_c	right centrolateral neuropil of T1 on L3 CNS template, Wood2018	1	['centrolateral domain of larval T1 neuromere']
L3 CNS template - Wood2018_c	spur of mushroom body on L3 CNS template, Wood2018	1	['spur of larval mushroom body']
L3 CNS template - Wood2018_c	left T3 leg neuropil on L3 CNS template, Wood2018	1	['larval T3 leg neuropil']
L3 CNS template - Wood2018_c	right dorsolateral subdivision of ventral nerve cord on L3 CNS template, Wood2018	1	['dorsolateral domain of larval central nervous system']
L3 CNS template - Wood2018_c	left centromedial neuropil of A4 on L3 CNS template, Wood2018	1	['centromedial domain of larval A4 neuromere']
L3 CNS template - Wood2018_c	right dorsolateral neuropil of A6 on L3 CNS template, Wood2018	1	['dorsolateral domain of larval A6 neuromere']
L3 CNS template - Wood2018_c	right T1 leg neuropil on L3 CNS template, Wood2018	1	['larval T1 leg neuropil']
L3 CNS template - Wood2018_c	right dorsolateral neuropil of A3 on L3 CNS template, Wood2018	1	['dorsolateral domain of larval A3 neuromere']
L3 CNS template - Wood2018_c	calyx of mushroom body on L3 CNS template, Wood2018	1	['calyx of larval mushroom body']
L3 CNS template - Wood2018_c	right ventromedial neuropil of A7 on L3 CNS template, Wood2018	1	['ventromedial domain of larval A7 neuromere']
L3 CNS template - Wood2018_c	right central neuropil of A2 on L3 CNS template, Wood2018	1	['central domain of larval A2 neuromere']
L3 CNS template - Wood2018_c	left central neuropil of mandibular segment on L3 CNS template, Wood2018	1	['central domain of larval mandibular neuromere']
L3 CNS template - Wood2018_c	right ventrolateral neuropil of A6 on L3 CNS template, Wood2018	1	['ventrolateral domain of larval A6 neuromere']
L3 CNS template - Wood2018_c	right central neuropil of T1 on L3 CNS template, Wood2018	1	['central domain of larval T1 neuromere']
L3 CNS template - Wood2018_c	right centrolateral neuropil of mandibular segment on L3 CNS template, Wood2018	1	['centrolateral domain of larval mandibular neuromere']
L3 CNS template - Wood2018_c	left dorsomedial neuropil of A5 on L3 CNS template, Wood2018	1	['dorsomedial domain of larval A5 neuromere']
L3 CNS template - Wood2018_c	right ventrolateral neuropil of A5 on L3 CNS template, Wood2018	1	['ventrolateral domain of larval A5 neuromere']
L3 CNS template - Wood2018_c	right dorsolateral neuropil of A2 on L3 CNS template, Wood2018	1	['dorsolateral domain of larval A2 neuromere']
L3 CNS template - Wood2018_c	left centrolateral neuropil of A2 on L3 CNS template, Wood2018	1	['centrolateral domain of larval A2 neuromere']
L3 CNS template - Wood2018_c	right central neuropil of A1 on L3 CNS template, Wood2018	1	['central domain of larval A1 neuromere']
L3 CNS template - Wood2018_c	left central neuropil of T3 on L3 CNS template, Wood2018	1	['central domain of larval T3 neuromere']
L3 CNS template - Wood2018_c	left dorsomedial neuropil of T1 on L3 CNS template, Wood2018	1	['dorsomedial domain of larval T1 neuromere']
L3 CNS template - Wood2018_c	left dorsolateral neuropil of A6 on L3 CNS template, Wood2018	1	['dorsolateral domain of larval A6 neuromere']
L3 CNS template - Wood2018_c	right central neuropil of A4 on L3 CNS template, Wood2018	1	['central domain of larval A4 neuromere']
L3 CNS template - Wood2018_c	left dorsolateral neuropil of A3 on L3 CNS template, Wood2018	1	['dorsolateral domain of larval A3 neuromere']
L3 CNS template - Wood2018_c	left dorsolateral neuropil of T3 on L3 CNS template, Wood2018	1	['dorsolateral domain of larval T3 neuromere']
L3 CNS template - Wood2018_c	left centromedial neuropil of A7 on L3 CNS template, Wood2018	1	['centromedial domain of larval A7 neuromere']
L3 CNS template - Wood2018_c	left centromedial neuropil of T2 on L3 CNS template, Wood2018	1	['centromedial domain of larval T2 neuromere']
L3 CNS template - Wood2018_c	left centrolateral neuropil of A1 on L3 CNS template, Wood2018	1	['centrolateral domain of larval A1 neuromere']
L3 CNS template - Wood2018_c	left dorsolateral subdivision of ventral nerve cord on L3 CNS template, Wood2018	1	['dorsolateral domain of larval central nervous system']
L3 CNS template - Wood2018_c	left dorsolateral neuropil of A8 on L3 CNS template, Wood2018	1	['dorsolateral domain of larval A8 neuromere']
L3 CNS template - Wood2018_c	right central neuropil of A7 on L3 CNS template, Wood2018	1	['central domain of larval A7 neuromere']
L3 CNS template - Wood2018_c	left ventrolateral neuropil of A7 on L3 CNS template, Wood2018	1	['ventrolateral domain of larval A7 neuromere']
L3 CNS template - Wood2018_c	right dorsomedial neuropil of T3 on L3 CNS template, Wood2018	1	['dorsomedial domain of larval T3 neuromere']
L3 CNS template - Wood2018_c	right centrolateral neuropil of A2 on L3 CNS template, Wood2018	1	['centrolateral domain of larval A2 neuromere']
L3 CNS template - Wood2018_c	anterior optic tubercle primordial on L3 CNS template, Wood2018	1	['embryonic/larval anterior optic tubercle primordial']
L3 CNS template - Wood2018_c	right centromedial neuropil of A7 on L3 CNS template, Wood2018	1	['centromedial domain of larval A7 neuromere']
L3 CNS template - Wood2018_c	pedunculus of mushroom body on L3 CNS template, Wood2018	1	['pedunculus of larval mushroom body']
L3 CNS template - Wood2018_c	right dorsolateral neuropil of A1 on L3 CNS template, Wood2018	1	['dorsolateral domain of larval A1 neuromere']
L3 CNS template - Wood2018_c	right dorsomedial neuropil of mandibular segment on L3 CNS template, Wood2018	1	['dorsomedial domain of larval mandibular neuromere']
L3 CNS template - Wood2018_c	left centrolateral neuropil of A6 on L3 CNS template, Wood2018	1	['centrolateral domain of larval A6 neuromere']
L3 CNS template - Wood2018_c	right ventromedial neuropil of mandibular segment on L3 CNS template, Wood2018	1	['ventromedial domain of larval mandibular neuromere']
L3 CNS template - Wood2018_c	right ventrolateral subdivision of ventral nerve cord on L3 CNS template, Wood2018	1	['ventrolateral domain of larval central nervous system']
L3 CNS template - Wood2018_c	left centromedial neuropil of maxillary segment on L3 CNS template, Wood2018	1	['centromedial domain of larval maxillary neuromere']
L3 CNS template - Wood2018_c	left centrolateral neuropil of T3 on L3 CNS template, Wood2018	1	['centrolateral domain of larval T3 neuromere']
L3 CNS template - Wood2018_c	left central neuropil of A2 on L3 CNS template, Wood2018	1	['central domain of larval A2 neuromere']
L3 CNS template - Wood2018_c	left ventrolateral neuropil of A1 on L3 CNS template, Wood2018	1	['ventrolateral domain of larval A1 neuromere']
L3 CNS template - Wood2018_c	left dorsolateral neuropil of maxillary segment on L3 CNS template, Wood2018	1	['dorsolateral domain of larval maxillary neuromere']
L3 CNS template - Wood2018_c	left central neuropil of maxillary segment on L3 CNS template, Wood2018	1	['central domain of larval maxillary neuromere']
L3 CNS template - Wood2018_c	posterior inferior protocerebrum on L3 CNS template, Wood2018	1	['larval posterior inferior protocerebrum']
L3 CNS template - Wood2018_c	left centromedial neuropil of A2 on L3 CNS template, Wood2018	1	['centromedial domain of larval A2 neuromere']
L3 CNS template - Wood2018_c	right central neuropil of A3 on L3 CNS template, Wood2018	1	['central domain of larval A3 neuromere']
L3 CNS template - Wood2018_c	clamp on L3 CNS template, Wood2018	1	['embryonic/larval superior clamp']
L3 CNS template - Wood2018_c	left ventrolateral subdivision of ventral nerve cord on L3 CNS template, Wood2018	1	['ventrolateral domain of larval central nervous system']
L3 CNS template - Wood2018_c	right centromedial subdivision of ventral nerve cord on L3 CNS template, Wood2018	1	['centromedial domain of larval central nervous system']
L3 CNS template - Wood2018_c	left dorsomedial subdivision of ventral nerve cord on L3 CNS template, Wood2018	1	['dorsomedial domain of larval central nervous system']
L3 CNS template - Wood2018_c	right centromedial neuropil of tritocerebrum on L3 CNS template, Wood2018	1	['centromedial domain of larval tritocerebrum']
L3 CNS template - Wood2018_c	right centromedial neuropil of A5 on L3 CNS template, Wood2018	1	['centromedial domain of larval A5 neuromere']
L3 CNS template - Wood2018_c	right ventromedial neuropil of A8 on L3 CNS template, Wood2018	1	['ventromedial domain of larval A8 neuromere']
L3 CNS template - Wood2018_c	right centrolateral neuropil of T2 on L3 CNS template, Wood2018	1	['centrolateral domain of larval T2 neuromere']
L3 CNS template - Wood2018_c	right ventrolateral neuropil of A1 on L3 CNS template, Wood2018	1	['ventrolateral domain of larval A1 neuromere']
L3 CNS template - Wood2018_c	mushroom body on L3 CNS template, Wood2018	1	['embryonic/larval mushroom body']
L3 CNS template - Wood2018_c	right ventromedial neuropil of labial segment on L3 CNS template, Wood2018	1	['ventromedial domain of larval labial neuromere']
L3 CNS template - Wood2018_c	right central neuropil of T2 on L3 CNS template, Wood2018	1	['central domain of larval T2 neuromere']
L3 CNS template - Wood2018_c	right dorsomedial neuropil of maxillary segment on L3 CNS template, Wood2018	1	['dorsomedial domain of larval maxillary neuromere']
L3 CNS template - Wood2018_c	right centromedial neuropil of T2 on L3 CNS template, Wood2018	1	['centromedial domain of larval T2 neuromere']
L3 CNS template - Wood2018_c	right ventrolateral neuropil of A4 on L3 CNS template, Wood2018	1	['ventrolateral domain of larval A4 neuromere']
L3 CNS template - Wood2018_c	left ventrolateral neuropil of T3 on L3 CNS template, Wood2018	2	['ventrolateral domain of larval T3 neuromere', 'ventrolateral domain of larval T3 neuromere']
L3 CNS template - Wood2018_c	right central neuropil of A6 on L3 CNS template, Wood2018	1	['central domain of larval A6 neuromere']
L3 CNS template - Wood2018_c	right dorsomedial neuropil of labial segment on L3 CNS template, Wood2018	1	['dorsomedial domain of larval labial neuromere']
L3 CNS template - Wood2018_c	left centromedial neuropil of tritocerebrum on L3 CNS template, Wood2018	1	['centromedial domain of larval tritocerebrum']
L3 CNS template - Wood2018_c	vertical lobe of mushroom body on L3 CNS template, Wood2018	1	['vertical lobe of larval mushroom body']
L3 CNS template - Wood2018_c	right dorsolateral neuropil of T1 on L3 CNS template, Wood2018	1	['dorsolateral domain of larval T1 neuromere']
L3 CNS template - Wood2018_c	left ventrolateral neuropil of mandibular segment on L3 CNS template, Wood2018	1	['ventrolateral domain of larval mandibular neuromere']
L3 CNS template - Wood2018_c	left dorsomedial neuropil of A2 on L3 CNS template, Wood2018	1	['dorsomedial domain of larval A2 neuromere']
L3 CNS template - Wood2018_c	left ventrolateral neuropil of A4 on L3 CNS template, Wood2018	1	['ventrolateral domain of larval A4 neuromere']
L3 CNS template - Wood2018_c	lower toe on L3 CNS template, Wood2018	1	['lower toe of larval mushroom body medial lobe']
L3 CNS template - Wood2018_c	ventromedial cerebrum on L3 CNS template, Wood2018	1	['embryonic/larval ventromedial cerebrum']
L3 CNS template - Wood2018_c	posterior superior medial protocerebrum on L3 CNS template, Wood2018	1	['embryonic/larval posterior superior medial protocerebrum']
L3 CNS template - Wood2018_c	right dorsolateral neuropil of A5 on L3 CNS template, Wood2018	1	['dorsolateral domain of larval A5 neuromere']
L3 CNS template - Wood2018_c	right centrolateral neuropil of A6 on L3 CNS template, Wood2018	1	['centrolateral domain of larval A6 neuromere']
L3 CNS template - Wood2018_c	right dorsomedial neuropil of A1 on L3 CNS template, Wood2018	1	['dorsomedial domain of larval A1 neuromere']
L3 CNS template - Wood2018_c	right dorsal neuropil of A9 on L3 CNS template, Wood2018	1	['dorsal domain of larval A9 neuromere']
L3 CNS template - Wood2018_c	left dorsomedial neuropil of A8 on L3 CNS template, Wood2018	1	['dorsomedial domain of larval A8 neuromere']
L3 CNS template - Wood2018_c	left ventromedial neuropil of tritocerebrum on L3 CNS template, Wood2018	1	['ventromedial domain of larval tritocerebrum']
L3 CNS template - Wood2018_c	left central neuropil of tritocerebrum on L3 CNS template, Wood2018	1	['central domain of larval tritocerebrum']
L3 CNS template - Wood2018_c	left centromedial neuropil of T3 on L3 CNS template, Wood2018	1	['centromedial domain of larval T3 neuromere']
L3 CNS template - Wood2018_c	right centromedial neuropil of mandibular segment on L3 CNS template, Wood2018	1	['centromedial domain of larval mandibular neuromere']
L3 CNS template - Wood2018_c	right ventromedial neuropil of A4 on L3 CNS template, Wood2018	1	['ventromedial domain of larval A4 neuromere']
L3 CNS template - Wood2018_c	right central neuropil of A5 on L3 CNS template, Wood2018	1	['central domain of larval A5 neuromere']
L3 CNS template - Wood2018_c	right central neuropil of maxillary segment on L3 CNS template, Wood2018	1	['central domain of larval maxillary neuromere']
L3 CNS template - Wood2018_c	left dorsolateral neuropil of A5 on L3 CNS template, Wood2018	1	['dorsolateral domain of larval A5 neuromere']
L3 CNS template - Wood2018_c	right dorsolateral neuropil of A8 on L3 CNS template, Wood2018	1	['dorsolateral domain of larval A8 neuromere']
L3 CNS template - Wood2018_c	anterior ventromedial cerebrum on L3 CNS template, Wood2018	1	['embryonic/larval anterior ventromedial cerebrum']
L3 CNS template - Wood2018_c	right dorsomedial neuropil of A6 on L3 CNS template, Wood2018	1	['dorsomedial domain of larval A6 neuromere']
L3 CNS template - Wood2018_c	left centromedial neuropil of A5 on L3 CNS template, Wood2018	1	['centromedial domain of larval A5 neuromere']
L3 CNS template - Wood2018_c	right centromedial neuropil of T1 on L3 CNS template, Wood2018	1	['centromedial domain of larval T1 neuromere']
adult VNS template - Court2018_c	abdominal segment 2 nerve on adult VNS template, Court2018	1	['adult second abdominal nerve']
adult VNS template - Court2018_c	mesothoracic leg nerve on adult VNS template, Court2018	1	['adult mesothoracic leg nerve']
adult VNS template - Court2018_c	cervical connective on adult VNS template, Court2018	1	['adult cervical connective']
adult VNS template - Court2018_c	anterior dorsal mesothoracic nerve on adult VNS template, Court2018	1	['adult anterior dorsal mesothoracic nerve']
adult VNS template - Court2018_c	metathoracic leg nerve on adult VNS template, Court2018	1	['adult metathoracic leg nerve']
adult VNS template - Court2018_c	adult accessory mesothoracic neuromere on adult VNS template, Court2018	1	['adult accessory mesothoracic neuropil']
adult VNS template - Court2018_c	abdominal segment 3 nerve on adult VNS template, Court2018	1	['adult third abdominal nerve']
adult VNS template - Court2018_c	adult abdominal neuromere on adult VNS template, Court2018	1	['adult abdominal neuromere']
adult VNS template - Court2018_c	adult mesothoracic neuromere on adult VNS template, Court2018	1	['adult mesothoracic neuromere']
adult VNS template - Court2018_c	dorsal prothoracic nerve on adult VNS template, Court2018	1	['adult dorsal prothoracic nerve']
adult VNS template - Court2018_c	adult metathoracic neuromere on adult VNS template, Court2018	1	['adult metathoracic neuromere']
adult VNS template - Court2018_c	posterior dorsal mesothoracic nerve on adult VNS template, Court2018	1	['adult posterior dorsal mesothoracic nerve']
adult VNS template - Court2018_c	adult prothoracic neuromere on adult VNS template, Court2018	1	['adult prothoracic neuromere']
adult VNS template - Court2018_c	dorsal metathoracic nerve on adult VNS template, Court2018	1	['adult dorsal metathoracic nerve']
adult VNS template - Court2018_c	accessory prothoracic nerve on adult VNS template, Court2018	1	['adult prothoracic accessory nerve']
adult VNS template - Court2018_c	ventral prothoracic nerve on adult VNS template, Court2018	1	['adult ventral prothoracic nerve']
adult VNS template - Court2018_c	accessory metathoracic nerve on adult VNS template, Court2018	1	['adult first abdominal nerve']
adult VNS template - Court2018_c	abdominal segment 4 nerve on adult VNS template, Court2018	1	['adult fourth abdominal nerve']
adult VNS template - Court2018_c	accessory mesothoracic nerve on adult VNS template, Court2018	1	['adult mesothoracic accessory nerve']
adult VNS template - Court2018_c	abdominal nerve trunk on adult VNS template, Court2018	1	['adult abdominal nerve trunk']
adult VNS template - Court2018_c	prothoracic leg nerve on adult VNS template, Court2018	1	['adult prothoracic leg nerve']
