VFB_ID	external_ID	cell_types
VFB_0010288e	19371	['prothoracic femoral chordotonal club neuron']
VFB_0010288d	19366	['prothoracic femoral chordotonal club neuron']
VFB_0010288g	514076	['adult sensory neuron']
VFB_0010288f	113580	['adult sensory neuron']
VFB_0010288a	80794	['adult sensory neuron']
VFB_0010288c	113570	['adult sensory neuron']
VFB_0010288b	19362	['prothoracic femoral chordotonal club neuron']
VFB_0010288m	74682	['adult sensory neuron']
VFB_0010288l	29626	['prothoracic femoral chordotonal club neuron']
VFB_0010288o	113600	['adult sensory neuron']
VFB_0010288n	25536	['adult PNS neuron', 'adult sensory neuron', 'bristle sensory neuron']
VFB_0010288i	514100	['adult PNS neuron', 'adult sensory neuron', 'bristle sensory neuron']
VFB_0010288h	113590	['adult sensory neuron']
VFB_0010288k	25528	['adult PNS neuron', 'adult sensory neuron', 'bristle sensory neuron']
VFB_0010288j	514113	['prothoracic femoral chordotonal club neuron']
VFB_0010288u	514258	['prothoracic femoral chordotonal club neuron']
VFB_0010288t	23503	['adult sensory neuron']
VFB_0010288w	514285	['adult sensory neuron']
VFB_0010288v	514272	['adult sensory neuron']
VFB_0010288q	514203	['adult sensory neuron']
VFB_0010288p	514190	['adult PNS neuron', 'adult sensory neuron', 'bristle sensory neuron']
VFB_0010288s	514229	['adult sensory neuron']
VFB_0010288r	514215	['prothoracic femoral chordotonal club neuron']
VFB_0010288y	514311	['bilateral campaniform sensillum neuron of metathoracic leg']
VFB_0010288x	514297	['prothoracic femoral chordotonal club neuron']
VFB_0010288z	25562	['adult sensory neuron']
VFB_0010289f	80884	['adult sensory neuron']
VFB_0010289e	19443	['prothoracic femoral chordotonal club neuron']
VFB_0010289h	113654	['adult sensory neuron']
VFB_0010289g	25590	['adult PNS neuron', 'adult sensory neuron', 'bristle sensory neuron']
VFB_0010289b	514357	['adult sensory neuron']
VFB_0010289a	514343	['prothoracic femoral chordotonal club neuron']
VFB_0010289d	70639	['adult sensory neuron']
VFB_0010289c	113643	['adult sensory neuron']
VFB_0010289n	514513	['adult PNS neuron', 'adult sensory neuron', 'bristle sensory neuron']
VFB_0010289m	19457	['prothoracic femoral chordotonal club neuron']
VFB_0010289p	514540	['adult PNS neuron', 'adult sensory neuron', 'sensory neuron of campaniform sensillum']
VFB_0010289o	23560	['adult PNS neuron', 'adult sensory neuron', 'sensory neuron of campaniform sensillum']
VFB_0010289j	23550	['adult PNS neuron', 'adult sensory neuron', 'sensory neuron of campaniform sensillum']
VFB_0010289i	514447	['prothoracic femoral chordotonal club neuron']
VFB_0010289l	113664	['adult sensory neuron']
VFB_0010289k	80894	['adult sensory neuron']
VFB_0010289v	514618	['adult sensory neuron']
VFB_0010289u	514606	['adult sensory neuron']
VFB_0010289x	189490	['adult sensory neuron']
VFB_0010289w	113710	['adult sensory neuron']
VFB_0010289r	25622	['adult PNS neuron', 'adult sensory neuron', 'bristle sensory neuron']
VFB_0010289q	113677	['adult sensory neuron']
VFB_0010289t	23581	['adult PNS neuron', 'adult sensory neuron', 'bristle sensory neuron']
VFB_0010289s	189462	['adult sensory neuron']
VFB_0010289z	70711	['adult sensory neuron']
VFB_0010289y	514656	['adult sensory neuron']
VFB_0010286c	513304	['adult PNS neuron', 'adult sensory neuron', 'sensory neuron of campaniform sensillum']
VFB_0010286b	162525	['adult sensory neuron']
VFB_0010286e	513330	['bilateral campaniform sensillum neuron of mesothoracic leg']
VFB_0010286d	23265	['adult PNS neuron', 'adult sensory neuron', 'bristle sensory neuron']
VFB_0010286a	513280	['adult sensory neuron']
VFB_0010286k	13044	['prothoracic femoral chordotonal club neuron']
VFB_0010286j	513439	['adult sensory neuron']
VFB_0010286m	162549	['adult sensory neuron']
VFB_0010286l	513465	['adult sensory neuron']
VFB_0010286g	162533	['adult sensory neuron']
VFB_0010286f	513348	['adult sensory neuron']
VFB_0010286i	162541	['adult sensory neuron']
VFB_0010286h	162537	['adult sensory neuron']
VFB_0010286s	513554	['adult PNS neuron', 'adult mechanosensory neuron', 'mechanosensory neuron of hair plate']
VFB_0010286r	513542	['adult sensory neuron']
VFB_0010286u	513580	['prothoracic femoral chordotonal club neuron']
VFB_0010286t	513567	['adult sensory neuron']
VFB_0010286o	13048	['prothoracic femoral chordotonal claw neuron']
VFB_0010286n	513489	['adult PNS neuron', 'adult mechanosensory neuron', 'mechanosensory neuron of hair plate']
VFB_0010286q	13053	['prothoracic femoral chordotonal club neuron']
VFB_0010286p	15098	['adult sensory neuron']
VFB_0010286z	513647	['prothoracic femoral chordotonal club neuron']
VFB_0010286w	513606	['prothoracic femoral chordotonal club neuron']
VFB_0010286v	15125	['adult sensory neuron']
VFB_0010286y	513633	['prothoracic femoral chordotonal club neuron']
VFB_0010286x	23321	['adult sensory neuron']
VFB_0010287d	113465	['adult sensory neuron']
VFB_0010287c	513690	['adult PNS neuron', 'adult mechanosensory neuron', 'mechanosensory neuron of hair plate']
VFB_0010287f	513727	['adult PNS neuron', 'adult mechanosensory neuron', 'mechanosensory neuron of hair plate']
VFB_0010287e	15163	['adult sensory neuron']
VFB_0010287b	513675	['adult sensory neuron']
VFB_0010287a	19254	['prothoracic femoral chordotonal club neuron']
VFB_0010287l	513802	['adult PNS neuron', 'adult sensory neuron', 'bristle sensory neuron']
VFB_0010287k	513791	['adult sensory neuron']
VFB_0010287n	113475	['adult sensory neuron']
VFB_0010287m	513815	['adult PNS neuron', 'adult sensory neuron', 'bristle sensory neuron']
VFB_0010287h	513754	['adult sensory neuron']
VFB_0010287g	25403	['adult PNS neuron', 'adult sensory neuron', 'bristle sensory neuron']
VFB_0010287j	513777	['prothoracic femoral chordotonal club neuron']
VFB_0010287i	70467	['adult sensory neuron']
VFB_0010287t	107371	['adult sensory neuron']
VFB_0010287s	513895	['adult sensory neuron']
VFB_0010287v	513933	['adult sensory neuron']
VFB_0010287u	23410	['adult PNS neuron', 'adult sensory neuron', 'bristle sensory neuron']
VFB_0010287p	25424	['adult PNS neuron', 'adult sensory neuron', 'bristle sensory neuron']
VFB_0010287o	513840	['adult sensory neuron']
VFB_0010287r	80736	['bilateral campaniform sensillum neuron of metathoracic leg']
VFB_0010287q	113496	['adult sensory neuron']
VFB_0010287x	13188	['adult PNS neuron', 'adult sensory neuron', 'sensory neuron of campaniform sensillum']
VFB_0010287w	513945	['adult sensory neuron']
VFB_0010287z	113560	['adult sensory neuron']
VFB_0010287y	113549	['adult sensory neuron']
VFB_0010284a	512603	['ascending mechanosensory neuron of leg chordotonal organ']
VFB_0010284c	23066	['adult PNS neuron', 'adult sensory neuron', 'bristle sensory neuron']
VFB_0010284b	512617	['adult PNS neuron', 'adult mechanosensory neuron', 'mechanosensory neuron of hair plate']
VFB_0010284i	556	['adult PNS neuron', 'adult sensory neuron', 'bristle sensory neuron']
VFB_0010284h	25126	['adult PNS neuron', 'adult sensory neuron', 'bristle sensory neuron']
VFB_0010284k	23086	['adult PNS neuron', 'adult sensory neuron', 'bristle sensory neuron']
VFB_0010284j	14892	['mechanosensory neuron of leg chordotonal organ']
VFB_0010284e	512658	['adult sensory neuron']
VFB_0010284d	512645	['adult PNS neuron', 'adult sensory neuron', 'sensory neuron of campaniform sensillum']
VFB_0010284g	547	['adult PNS neuron', 'adult sensory neuron', 'bristle sensory neuron']
VFB_0010284f	512672	['ascending mechanosensory neuron of leg chordotonal organ']
VFB_0010284q	512823	['adult PNS neuron', 'adult sensory neuron', 'bristle sensory neuron']
VFB_0010284p	14905	['adult sensory neuron']
VFB_0010284s	25165	['adult PNS neuron', 'adult sensory neuron', 'bristle sensory neuron']
VFB_0010284r	584	['adult sensory neuron']
VFB_0010284m	512767	['prothoracic femoral chordotonal hook neuron']
VFB_0010284l	512754	['adult PNS neuron', 'adult sensory neuron', 'bristle sensory neuron']
VFB_0010284o	512795	['adult PNS neuron', 'adult sensory neuron', 'bristle sensory neuron']
VFB_0010284n	25140	['prothoracic femoral chordotonal club neuron']
VFB_0010284y	512931	['adult PNS neuron', 'adult sensory neuron', 'bristle sensory neuron']
VFB_0010284x	14969	['adult sensory neuron']
VFB_0010284z	512944	['adult PNS neuron', 'adult sensory neuron', 'bristle sensory neuron']
VFB_0010284u	23126	['adult PNS neuron', 'adult sensory neuron', 'bristle sensory neuron']
VFB_0010284t	27215	['prothoracic femoral chordotonal hook neuron']
VFB_0010284w	512909	['adult PNS neuron', 'adult sensory neuron', 'bristle sensory neuron']
VFB_0010284v	12916	['peripherally synapsing interneuron']
VFB_0010285b	25229	['adult PNS neuron', 'adult sensory neuron', 'bristle sensory neuron']
VFB_0010285a	512955	['mechanosensory neuron of leg chordotonal organ']
VFB_0010285d	512991	['adult sensory neuron']
VFB_0010285c	74385	['adult sensory neuron']
VFB_0010285j	78513	['adult sensory neuron']
VFB_0010285i	513055	['adult PNS neuron', 'adult mechanosensory neuron', 'mechanosensory neuron of hair plate']
VFB_0010285l	513094	['adult sensory neuron']
VFB_0010285k	513080	['adult PNS neuron', 'adult sensory neuron', 'sensory neuron of campaniform sensillum']
VFB_0010285f	70309	['adult sensory neuron']
VFB_0010285e	513006	['adult sensory neuron']
VFB_0010285h	78507	['adult sensory neuron']
VFB_0010285g	513030	['adult PNS neuron', 'adult mechanosensory neuron', 'mechanosensory neuron of hair plate']
VFB_0010285r	513165	['adult sensory neuron']
VFB_0010285q	513153	['adult sensory neuron']
VFB_0010285t	78542	['adult PNS neuron', 'adult sensory neuron', 'sensory neuron of campaniform sensillum']
VFB_0010285s	23245	['adult PNS neuron', 'adult sensory neuron', 'bristle sensory neuron']
VFB_0010285n	25285	['adult PNS neuron', 'adult sensory neuron', 'bristle sensory neuron']
VFB_0010285m	513106	['adult sensory neuron']
VFB_0010285p	513142	['adult sensory neuron']
VFB_0010285o	513130	['adult sensory neuron']
VFB_0010285z	513268	['adult sensory neuron']
VFB_0010285y	127704	['mechanosensory neuron of prothoracic coxal hair plate CoHP8']
VFB_0010285v	162513	['adult sensory neuron']
VFB_0010285u	513204	['adult sensory neuron']
VFB_0010285x	23252	['adult PNS neuron', 'adult sensory neuron', 'sensory neuron of campaniform sensillum']
VFB_0010285w	513228	['adult PNS neuron', 'adult mechanosensory neuron', 'mechanosensory neuron of hair plate']
VFB_0010282a	511878	['adult PNS neuron', 'adult sensory neuron', 'bristle sensory neuron']
VFB_0010281z	24963	['prothoracic femoral chordotonal club neuron']
VFB_0010281y	511851	['adult sensory neuron']
VFB_0010282g	24987	['adult PNS neuron', 'adult sensory neuron', 'bristle sensory neuron']
VFB_0010282f	511949	['prothoracic femoral chordotonal claw neuron']
VFB_0010282i	511990	['adult PNS neuron', 'adult sensory neuron', 'bristle sensory neuron']
VFB_0010282h	511975	['prothoracic femoral chordotonal claw neuron']
VFB_0010282c	511907	['adult PNS neuron', 'adult sensory neuron', 'bristle sensory neuron']
VFB_0010282b	10640	['prothoracic femoral chordotonal claw neuron']
VFB_0010282e	20889	['adult PNS neuron', 'adult sensory neuron', 'bristle sensory neuron']
VFB_0010282d	10645	['mechanosensory neuron of leg chordotonal organ']
VFB_0010282o	20917	['bilateral campaniform sensillum neuron of prothoracic leg']
VFB_0010282n	10672	['mechanosensory neuron of leg chordotonal organ']
VFB_0010282q	512106	['adult PNS neuron', 'adult mechanosensory neuron', 'mechanosensory neuron of hair plate']
VFB_0010282p	25014	['prothoracic femoral chordotonal club neuron']
VFB_0010282k	10665	['prothoracic femoral chordotonal hook neuron']
VFB_0010282j	10660	['prothoracic femoral chordotonal hook neuron']
VFB_0010282m	14766	['prothoracic femoral chordotonal hook neuron']
VFB_0010282l	512029	['adult sensory neuron']
VFB_0010282w	20936	['adult PNS neuron', 'adult mechanosensory neuron', 'mechanosensory neuron of hair plate']
VFB_0010282v	512179	['adult PNS neuron', 'adult sensory neuron', 'bristle sensory neuron']
VFB_0010282y	459	['adult PNS neuron', 'adult sensory neuron', 'bristle sensory neuron']
VFB_0010282x	512207	['prothoracic femoral chordotonal club neuron']
VFB_0010282s	25021	['prothoracic femoral chordotonal club neuron']
VFB_0010282r	20925	['adult PNS neuron', 'adult sensory neuron', 'sensory neuron of campaniform sensillum']
VFB_0010282u	512166	['adult PNS neuron', 'adult sensory neuron', 'bristle sensory neuron']
VFB_0010282t	512151	['adult PNS neuron', 'adult mechanosensory neuron', 'mechanosensory neuron of hair plate']
VFB_0010283b	25042	['prothoracic femoral chordotonal club neuron']
VFB_0010283a	16850	['mechanosensory neuron of prothoracic coxal hair plate CoHP3']
VFB_0010282z	22989	['adult sensory neuron']
VFB_0010283h	78300	['adult sensory neuron']
VFB_0010283g	25053	['prothoracic femoral chordotonal club neuron']
VFB_0010283j	20968	['adult PNS neuron', 'adult sensory neuron', 'bristle sensory neuron']
VFB_0010283i	14820	['adult sensory neuron']
VFB_0010283d	512290	['adult PNS neuron', 'adult sensory neuron', 'bristle sensory neuron']
VFB_0010283c	512277	['adult PNS neuron', 'adult sensory neuron', 'bristle sensory neuron']
VFB_0010283f	512318	['adult PNS neuron', 'adult sensory neuron', 'bristle sensory neuron']
VFB_0010283e	20956	['adult PNS neuron', 'adult sensory neuron', 'bristle sensory neuron']
VFB_0010283p	495	['adult PNS neuron', 'adult sensory neuron', 'sensory neuron of campaniform sensillum']
VFB_0010283o	25070	['prothoracic femoral chordotonal club neuron']
VFB_0010283r	20975	['adult PNS neuron', 'adult sensory neuron', 'sensory neuron of campaniform sensillum']
VFB_0010283q	16879	['mechanosensory neuron of prothoracic coxal hair plate CoHP3']
VFB_0010283l	512393	['adult PNS neuron', 'adult sensory neuron', 'bristle sensory neuron']
VFB_0010283k	512380	['mechanosensory neuron of prothoracic coxal hair plate CoHP3']
VFB_0010283n	12781	['prothoracic femoral chordotonal club neuron']
VFB_0010283m	512406	['prothoracic femoral chordotonal club neuron']
VFB_0010283x	512559	['adult PNS neuron', 'adult sensory neuron', 'bristle sensory neuron']
VFB_0010283w	511	['adult PNS neuron', 'adult sensory neuron', 'bristle sensory neuron']
VFB_0010283z	523	['adult sensory neuron']
VFB_0010283y	512572	['ascending mechanosensory neuron of leg chordotonal organ']
VFB_0010283t	512505	['adult PNS neuron', 'adult sensory neuron', 'bristle sensory neuron']
VFB_0010283s	512490	['adult sensory neuron']
VFB_0010283v	25084	['prothoracic femoral chordotonal club neuron']
VFB_0010283u	503	['adult PNS neuron', 'adult mechanosensory neuron', 'mechanosensory neuron of hair plate']
VFB_0010280e	511204	['prothoracic femoral chordotonal hook neuron']
VFB_0010280d	10535	['adult PNS neuron', 'adult mechanosensory neuron', 'mechanosensory neuron of hair plate']
VFB_0010280g	511232	['adult PNS neuron', 'adult sensory neuron', 'sensory neuron of campaniform sensillum']
VFB_0010280f	511217	['prothoracic femoral chordotonal claw neuron']
VFB_0010280a	511142	['prothoracic femoral chordotonal claw neuron']
VFB_0010280c	10530	['prothoracic femoral chordotonal claw neuron']
VFB_0010280b	289	['adult PNS neuron', 'adult sensory neuron', 'bristle sensory neuron']
VFB_0010280m	22842	['prothoracic femoral chordotonal club neuron']
VFB_0010280l	12602	['prothoracic femoral chordotonal club neuron']
VFB_0010280o	24893	['prothoracic femoral chordotonal hook neuron']
VFB_0010280n	511332	['prothoracic femoral chordotonal claw neuron']
VFB_0010280i	511263	['prothoracic femoral chordotonal hook neuron']
VFB_0010280h	511247	['adult PNS neuron', 'adult sensory neuron', 'sensory neuron of campaniform sensillum']
VFB_0010280k	511290	['adult PNS neuron', 'adult sensory neuron', 'sensory neuron of campaniform sensillum']
VFB_0010280j	24886	['adult PNS neuron', 'adult sensory neuron', 'bristle sensory neuron']
VFB_0010280u	326	['adult PNS neuron', 'adult sensory neuron', 'bristle sensory neuron']
VFB_0010280t	24900	['prothoracic femoral chordotonal hook neuron']
VFB_0010280w	22857	['prothoracic femoral chordotonal club neuron']
VFB_0010280v	511448	['adult PNS neuron', 'adult sensory neuron', 'sensory neuron of campaniform sensillum']
VFB_0010280q	511377	['prothoracic femoral chordotonal hook neuron']
VFB_0010280p	318	['adult sensory neuron']
VFB_0010280s	322	['adult PNS neuron', 'adult sensory neuron', 'bristle sensory neuron']
VFB_0010280r	10561	['prothoracic femoral chordotonal claw neuron']
VFB_0010280y	10571	['prothoracic femoral chordotonal claw neuron']
VFB_0010280x	330	['adult PNS neuron', 'adult sensory neuron', 'bristle sensory neuron']
VFB_0010280z	10576	['prothoracic femoral chordotonal hook neuron']
VFB_0010281f	342	['adult PNS neuron', 'adult sensory neuron', 'bristle sensory neuron']
VFB_0010281e	511576	['prothoracic femoral chordotonal hook neuron']
VFB_0010281h	12637	['prothoracic femoral chordotonal hook neuron']
VFB_0010281g	346	['adult sensory neuron']
VFB_0010281b	338	['adult PNS neuron', 'adult sensory neuron', 'bristle sensory neuron']
VFB_0010281a	26961	['prothoracic femoral chordotonal hook neuron']
VFB_0010281d	24916	['prothoracic femoral chordotonal hook neuron']
VFB_0010281c	22866	['prothoracic femoral chordotonal club neuron']
VFB_0010281n	511695	['peripherally synapsing interneuron']
VFB_0010281m	511684	['adult sensory neuron']
VFB_0010281p	511733	['prothoracic femoral chordotonal hook neuron']
VFB_0010281o	511719	['prothoracic femoral chordotonal hook neuron']
VFB_0010281j	20839	['mechanosensory neuron of leg chordotonal organ']
VFB_0010281i	358	['adult PNS neuron', 'adult sensory neuron', 'bristle sensory neuron']
VFB_0010281l	24938	['prothoracic femoral chordotonal hook neuron']
VFB_0010281k	511656	['adult PNS neuron', 'adult sensory neuron', 'bristle sensory neuron']
VFB_0010281v	24956	['adult PNS neuron', 'adult sensory neuron', 'bristle sensory neuron']
VFB_0010281u	511799	['mechanosensory neuron of leg chordotonal organ']
VFB_0010281x	386	['adult PNS neuron', 'adult sensory neuron', 'bristle sensory neuron']
VFB_0010281w	14720	['adult sensory neuron']
VFB_0010281r	20854	['adult PNS neuron', 'adult sensory neuron', 'sensory neuron of campaniform sensillum']
VFB_0010281q	22898	['adult PNS neuron', 'adult sensory neuron', 'bristle sensory neuron']
VFB_0010281t	14712	['prothoracic femoral chordotonal club neuron']
VFB_0010281s	16759	['prothoracic femoral chordotonal hook neuron']
VFB_001028er	517104	['prothoracic femoral chordotonal claw neuron']
VFB_001028g4	22351	['adult PNS neuron', 'adult sensory neuron', 'bristle sensory neuron']
VFB_001028eq	26198	['adult sensory neuron']
VFB_001028g3	517740	['adult sensory neuron']
VFB_001028et	22119	['adult PNS neuron', 'adult sensory neuron', 'bristle sensory neuron']
VFB_001028g6	28501	['adult PNS neuron', 'adult sensory neuron', 'bristle sensory neuron']
VFB_001028es	20067	['adult PNS neuron', 'adult sensory neuron', 'bristle sensory neuron']
VFB_001028g5	75600	['adult PNS neuron', 'adult sensory neuron', 'sensory neuron of campaniform sensillum']
VFB_001028en	190027	['adult sensory neuron']
VFB_001028g0	517704	['adult PNS neuron', 'adult sensory neuron', 'bristle sensory neuron']
VFB_001028em	106056	['adult sensory neuron']
VFB_001028ep	517079	['adult PNS neuron', 'adult sensory neuron', 'sensory neuron of campaniform sensillum']
VFB_001028g2	75577	['adult sensory neuron']
VFB_001028eo	120400	['adult PNS neuron', 'adult sensory neuron', 'bristle sensory neuron']
VFB_001028g1	517717	['adult sensory neuron']
VFB_001028ez	517215	['prothoracic femoral chordotonal claw neuron']
VFB_001028ey	517199	['mechanosensory neuron of prothoracic coxal hair plate CoHP4']
VFB_001028ev	517161	['adult sensory neuron']
VFB_001028g8	517805	['adult PNS neuron', 'adult sensory neuron', 'bristle sensory neuron']
VFB_001028eu	20074	['prothoracic femoral chordotonal club neuron']
VFB_001028g7	75608	['adult PNS neuron', 'adult sensory neuron', 'sensory neuron of campaniform sensillum']
VFB_001028ex	517187	['adult sensory neuron']
VFB_001028ew	81518	['bilateral campaniform sensillum neuron of metathoracic leg']
VFB_001028g9	517818	['adult sensory neuron']
VFB_001028fc	26276	['adult PNS neuron', 'adult sensory neuron', 'bristle sensory neuron']
VFB_001028fb	517380	['mechanosensory neuron of prothoracic coxal hair plate CoHP4']
VFB_001028fe	16045	['adult PNS neuron', 'adult mechanosensory neuron', 'mechanosensory neuron of hair plate']
VFB_001028fd	16040	['adult PNS neuron', 'adult mechanosensory neuron', 'mechanosensory neuron of hair plate']
VFB_001028fa	26269	['adult PNS neuron', 'adult mechanosensory neuron', 'mechanosensory neuron of hair plate']
VFB_001028fk	190142	['adult sensory neuron']
VFB_001028fj	517483	['bilateral campaniform sensillum neuron of prothoracic leg']
VFB_001028fm	24286	['adult PNS neuron', 'adult sensory neuron', 'bristle sensory neuron']
VFB_001028fl	16070	['adult sensory neuron']
VFB_001028fg	81589	['bilateral campaniform sensillum neuron of metathoracic leg']
VFB_001028ff	16049	['adult sensory neuron']
VFB_001028fi	9912	['mechanosensory neuron of prothoracic coxal hair plate CoHP4']
VFB_001028fh	517458	['adult PNS neuron', 'adult mechanosensory neuron', 'mechanosensory neuron of hair plate']
VFB_001028fs	517595	['adult sensory neuron']
VFB_001028h5	72931	['adult VNC ventral unpaired median neuron']
VFB_001028fr	28400	['adult sensory neuron']
VFB_001028h4	519195	['adult VNC ventral unpaired median neuron']
VFB_001028fu	26375	['mechanosensory neuron of leg chordotonal organ']
VFB_001028h7	71277	['adult VNC ventral unpaired median neuron']
VFB_001028ft	190210	['adult sensory neuron']
VFB_001028h6	73128	['adult VNC ventral unpaired median neuron']
VFB_001028fo	118497	['mechanosensory neuron of prothoracic coxal hair plate CoHP8']
VFB_001028h1	519083	['adult VNC ventral unpaired median neuron', 'adult efferent neuron']
VFB_001028fn	517532	['prothoracic femoral chordotonal club neuron']
VFB_001028h0	22526	['adult PNS neuron', 'adult mechanosensory neuron', 'mechanosensory neuron of hair plate']
VFB_001028fq	517571	['adult sensory neuron']
VFB_001028h3	70240	['adult VNC ventral unpaired median neuron']
VFB_001028fp	190182	['adult sensory neuron']
VFB_001028h2	9476	['adult VNC ventral unpaired median neuron', 'adult efferent neuron']
VFB_001028fz	22304	['adult PNS neuron', 'adult sensory neuron', 'bristle sensory neuron']
VFB_001028fw	26382	['adult sensory neuron']
VFB_001028h9	71285	['adult VNC ventral unpaired median neuron']
VFB_001028fv	53001	['bilateral campaniform sensillum neuron of mesothoracic leg']
VFB_001028h8	519260	['adult VNC ventral unpaired median neuron']
VFB_001028fy	517678	['adult sensory neuron']
VFB_001028fx	22293	['adult PNS neuron', 'adult sensory neuron', 'bristle sensory neuron']
VFB_001028gd	517868	['adult sensory neuron']
VFB_001028gc	75639	['adult sensory neuron']
VFB_001028gf	42902	['adult sensory neuron']
VFB_001028ge	75668	['adult sensory neuron']
VFB_001028gb	517843	['adult PNS neuron', 'adult sensory neuron', 'bristle sensory neuron']
VFB_001028ga	517831	['adult sensory neuron']
VFB_001028gl	517960	['adult sensory neuron']
VFB_001028gk	42914	['adult sensory neuron']
VFB_001028gn	517983	['adult sensory neuron']
VFB_001028i0	519813	['prothoracic leg muscle motor neuron']
VFB_001028gm	75687	['adult sensory neuron']
VFB_001028gh	517914	['adult sensory neuron']
VFB_001028gg	42906	['adult sensory neuron']
VFB_001028gj	517937	['adult sensory neuron']
VFB_001028gi	42910	['adult sensory neuron']
VFB_001028cp	515950	['adult PNS neuron', 'adult sensory neuron', 'bristle sensory neuron']
VFB_001028e2	73228	['adult sensory neuron']
VFB_001028co	21901	['adult PNS neuron', 'adult sensory neuron', 'bristle sensory neuron']
VFB_001028e1	26124	['mechanosensory neuron of leg chordotonal organ']
VFB_001028cr	81297	['adult sensory neuron']
VFB_001028e4	516632	['adult sensory neuron']
VFB_001028cq	25997	['prothoracic femoral chordotonal hook neuron']
VFB_001028e3	22034	['adult sensory neuron']
VFB_001028cl	515897	['adult PNS neuron', 'adult sensory neuron', 'bristle sensory neuron']
VFB_001028ck	73090	['adult sensory neuron']
VFB_001028cn	515925	['adult sensory neuron']
VFB_001028e0	73223	['adult sensory neuron']
VFB_001028cm	515910	['prothoracic femoral chordotonal claw neuron']
VFB_001028cx	83367	['adult sensory neuron']
VFB_001028cw	516045	['prothoracic femoral chordotonal hook neuron']
VFB_001028e9	516694	['mechanosensory neuron of prothoracic coxal hair plate CoHP8']
VFB_001028cz	189870	['adult sensory neuron']
VFB_001028cy	516071	['prothoracic femoral chordotonal hook neuron']
VFB_001028ct	79253	['adult PNS neuron', 'adult sensory neuron', 'sensory neuron of campaniform sensillum']
VFB_001028e6	516654	['adult PNS neuron', 'adult sensory neuron', 'sensory neuron of campaniform sensillum']
VFB_001028cs	515991	['adult PNS neuron', 'adult sensory neuron', 'bristle sensory neuron']
VFB_001028e5	73238	['adult sensory neuron']
VFB_001028cv	516032	['mechanosensory neuron of leg chordotonal organ']
VFB_001028e8	516679	['mechanosensory neuron of prothoracic coxal hair plate CoHP8']
VFB_001028cu	26006	['prothoracic femoral chordotonal hook neuron']
VFB_001028e7	516667	['adult sensory neuron']
VFB_001028da	516242	['adult PNS neuron', 'adult sensory neuron', 'sensory neuron of campaniform sensillum']
VFB_001028dc	77256	['adult sensory neuron']
VFB_001028db	516255	['adult PNS neuron', 'adult sensory neuron', 'sensory neuron of campaniform sensillum']
VFB_001028di	516345	['prothoracic femoral chordotonal club neuron']
VFB_001028dh	516334	['adult sensory neuron']
VFB_001028dk	516370	['prothoracic femoral chordotonal claw neuron']
VFB_001028dj	11743	['adult sensory neuron']
VFB_001028de	516294	['adult sensory neuron']
VFB_001028dd	516279	['prothoracic femoral chordotonal claw neuron']
VFB_001028dg	516321	['adult PNS neuron', 'adult sensory neuron', 'bristle sensory neuron']
VFB_001028df	26070	['prothoracic femoral chordotonal claw neuron']
VFB_001028dq	516452	['adult PNS neuron', 'adult sensory neuron', 'bristle sensory neuron']
VFB_001028f3	26241	['prothoracic femoral chordotonal claw neuron']
VFB_001028dp	516438	['prothoracic femoral chordotonal club neuron']
VFB_001028f2	517258	['adult PNS neuron', 'adult sensory neuron', 'bristle sensory neuron']
VFB_001028ds	26103	['prothoracic femoral chordotonal claw neuron']
VFB_001028f5	517296	['adult prothoracic multinerve neuron']
VFB_001028dr	73203	['adult sensory neuron']
VFB_001028f4	190086	['adult sensory neuron']
VFB_001028dm	101863	['adult sensory neuron']
VFB_001028dl	516386	['adult sensory neuron']
VFB_001028do	17897	['prothoracic femoral chordotonal claw neuron']
VFB_001028f1	517244	['mechanosensory neuron of prothoracic coxal hair plate CoHP4']
VFB_001028dn	24040	['adult PNS neuron', 'adult sensory neuron', 'bristle sensory neuron']
VFB_001028f0	22133	['adult PNS neuron', 'adult sensory neuron', 'bristle sensory neuron']
VFB_001028dy	28162	['adult sensory neuron']
VFB_001028dx	516539	['prothoracic femoral chordotonal claw neuron']
VFB_001028dz	516566	['prothoracic femoral chordotonal claw neuron']
VFB_001028du	516504	['adult sensory neuron']
VFB_001028f7	87697	['adult sensory neuron']
VFB_001028dt	73208	['adult sensory neuron']
VFB_001028f6	517314	['prothoracic femoral chordotonal hook neuron']
VFB_001028dw	11773	['adult sensory neuron']
VFB_001028f9	517354	['adult PNS neuron', 'adult sensory neuron', 'bristle sensory neuron']
VFB_001028dv	516515	['adult PNS neuron', 'adult sensory neuron', 'bristle sensory neuron']
VFB_001028f8	20120	['prothoracic femoral chordotonal claw neuron']
VFB_001028eb	516721	['adult prothoracic multinerve neuron']
VFB_001028ea	516709	['adult sensory neuron']
VFB_001028ed	516928	['adult PNS neuron', 'adult sensory neuron', 'bristle sensory neuron']
VFB_001028ec	26158	['prothoracic femoral chordotonal club neuron']
VFB_001028ej	517003	['ascending mechanosensory neuron of leg chordotonal organ']
VFB_001028ei	26166	['prothoracic femoral chordotonal club neuron']
VFB_001028el	22089	['adult PNS neuron', 'adult sensory neuron', 'bristle sensory neuron']
VFB_001028ek	517017	['prothoracic femoral chordotonal hook neuron']
VFB_001028ef	516952	['adult sensory neuron']
VFB_001028ee	120368	['adult PNS neuron', 'adult sensory neuron', 'bristle sensory neuron']
VFB_001028eh	190003	['adult sensory neuron']
VFB_001028eg	516965	['adult sensory neuron']
VFB_001028an	514979	['prothoracic femoral chordotonal club neuron']
VFB_001028c0	515631	['adult sensory neuron']
VFB_001028am	78972	['adult sensory neuron']
VFB_001028ap	515006	['adult sensory neuron']
VFB_001028c2	515656	['mechanosensory neuron of leg chordotonal organ']
VFB_001028ao	514993	['adult sensory neuron']
VFB_001028c1	515643	['adult sensory neuron']
VFB_001028aj	113785	['adult sensory neuron']
VFB_001028ai	78962	['adult sensory neuron']
VFB_001028al	514941	['adult sensory neuron']
VFB_001028ak	25723	['adult PNS neuron', 'adult sensory neuron', 'bristle sensory neuron']
VFB_001028av	515081	['adult sensory neuron']
VFB_001028c8	515732	['adult sensory neuron']
VFB_001028au	515069	['adult sensory neuron']
VFB_001028c7	25929	['prothoracic femoral chordotonal hook neuron']
VFB_001028ax	23721	['adult PNS neuron', 'adult sensory neuron', 'bristle sensory neuron']
VFB_001028aw	25766	['adult sensory neuron']
VFB_001028c9	515744	['adult PNS neuron', 'adult sensory neuron', 'bristle sensory neuron']
VFB_001028ar	515032	['adult PNS neuron', 'adult sensory neuron', 'sensory neuron of campaniform sensillum']
VFB_001028c4	87358	['adult sensory neuron']
VFB_001028aq	515018	['adult sensory neuron']
VFB_001028c3	73024	['adult sensory neuron']
VFB_001028at	515057	['adult sensory neuron']
VFB_001028c6	515706	['adult sensory neuron']
VFB_001028as	189595	['adult sensory neuron']
VFB_001028c5	70979	['adult sensory neuron']
VFB_001028ba	515279	['adult sensory neuron']
VFB_001028az	515139	['adult PNS neuron', 'adult sensory neuron', 'sensory neuron of campaniform sensillum']
VFB_001028ay	11439	['adult prothoracic multinerve neuron']
VFB_001028bg	189680	['adult sensory neuron']
VFB_001028bf	515340	['prothoracic femoral chordotonal club neuron']
VFB_001028bi	515380	['adult sensory neuron']
VFB_001028bh	25841	['prothoracic femoral chordotonal hook neuron']
VFB_001028bc	515306	['adult sensory neuron']
VFB_001028bb	25827	['prothoracic femoral chordotonal club neuron']
VFB_001028be	515329	['adult sensory neuron']
VFB_001028bd	113895	['adult sensory neuron']
VFB_001028bo	17664	['prothoracic femoral chordotonal hook neuron']
VFB_001028d1	516116	['prothoracic femoral chordotonal club neuron']
VFB_001028bn	25855	['prothoracic femoral chordotonal hook neuron']
VFB_001028d0	516098	['adult prothoracic multinerve neuron']
VFB_001028bq	515497	['prothoracic femoral chordotonal club neuron']
VFB_001028d3	23991	['adult sensory neuron']
VFB_001028bp	189699	['adult sensory neuron']
VFB_001028d2	26033	['prothoracic femoral chordotonal claw neuron']
VFB_001028bk	70905	['bilateral campaniform sensillum neuron of mesothoracic leg']
VFB_001028bj	25848	['prothoracic femoral chordotonal hook neuron']
VFB_001028bm	515445	['adult PNS neuron', 'adult sensory neuron', 'sensory neuron of campaniform sensillum']
VFB_001028bl	515431	['adult PNS neuron', 'adult sensory neuron', 'sensory neuron of campaniform sensillum']
VFB_001028bw	515577	['bilateral campaniform sensillum neuron of prothoracic leg']
VFB_001028d9	21957	['adult PNS neuron', 'adult sensory neuron', 'bristle sensory neuron']
VFB_001028bv	515564	['mechanosensory neuron of leg chordotonal organ']
VFB_001028d8	28096	['adult PNS neuron', 'adult sensory neuron', 'sensory neuron of campaniform sensillum']
VFB_001028by	515604	['mechanosensory neuron of prothoracic coxal hair plate CoHP8']
VFB_001028bx	515592	['adult sensory neuron']
VFB_001028bs	25869	['prothoracic femoral chordotonal club neuron']
VFB_001028d5	516171	['adult PNS neuron', 'adult sensory neuron', 'bristle sensory neuron']
VFB_001028br	189705	['adult sensory neuron']
VFB_001028d4	26039	['prothoracic femoral chordotonal hook neuron']
VFB_001028bu	515552	['adult PNS neuron', 'adult sensory neuron', 'bristle sensory neuron']
VFB_001028d7	26048	['prothoracic femoral chordotonal claw neuron']
VFB_001028bt	515539	['mechanosensory neuron of prothoracic coxal hair plate CoHP8']
VFB_001028d6	79292	['bilateral campaniform sensillum neuron of prothoracic leg']
VFB_001028cb	25958	['adult PNS neuron', 'adult sensory neuron', 'bristle sensory neuron']
VFB_001028ca	17764	['prothoracic femoral chordotonal claw neuron']
VFB_001028bz	25908	['prothoracic femoral chordotonal hook neuron']
VFB_001028ch	515846	['adult PNS neuron', 'adult sensory neuron', 'bristle sensory neuron']
VFB_001028cg	77174	['adult sensory neuron']
VFB_001028cj	515874	['adult sensory neuron']
VFB_001028ci	23932	['adult sensory neuron']
VFB_001028cd	515796	['adult PNS neuron', 'adult sensory neuron', 'bristle sensory neuron']
VFB_001028cc	515783	['adult PNS neuron', 'adult sensory neuron', 'bristle sensory neuron']
VFB_001028cf	515820	['adult PNS neuron', 'adult sensory neuron', 'bristle sensory neuron']
VFB_001028ce	21873	['adult PNS neuron', 'adult sensory neuron', 'bristle sensory neuron']
VFB_001028a0	514680	['adult sensory neuron']
VFB_001028a6	29781	['prothoracic femoral chordotonal hook neuron']
VFB_001028a5	514744	['adult sensory neuron']
VFB_001028a8	514783	['adult PNS neuron', 'adult sensory neuron', 'bristle sensory neuron']
VFB_001028a7	113753	['adult sensory neuron']
VFB_001028a2	25664	['adult sensory neuron']
VFB_001028a1	514692	['adult PNS neuron', 'adult sensory neuron', 'bristle sensory neuron']
VFB_001028a4	514731	['adult sensory neuron']
VFB_001028a3	113731	['adult sensory neuron']
VFB_001028a9	78941	['adult sensory neuron']
VFB_001028b1	515167	['adult PNS neuron', 'adult sensory neuron', 'sensory neuron of campaniform sensillum']
VFB_001028b0	113846	['adult sensory neuron']
VFB_001028b7	515243	['adult sensory neuron']
VFB_001028b6	515231	['adult sensory neuron']
VFB_001028b9	11487	['adult sensory neuron']
VFB_001028b8	515256	['adult sensory neuron']
VFB_001028b3	25799	['adult PNS neuron', 'adult sensory neuron', 'bristle sensory neuron']
VFB_001028b2	515181	['adult PNS neuron', 'adult sensory neuron', 'bristle sensory neuron']
VFB_001028b5	113871	['adult sensory neuron']
VFB_001028b4	515208	['adult sensory neuron']
VFB_001028af	25709	['adult PNS neuron', 'adult sensory neuron', 'bristle sensory neuron']
VFB_001028ae	78955	['adult sensory neuron']
VFB_001028ah	514890	['ascending mechanosensory neuron of leg chordotonal organ']
VFB_001028ag	514878	['adult sensory neuron']
VFB_001028ab	70754	['adult sensory neuron']
VFB_001028aa	514808	['adult sensory neuron']
VFB_001028ad	113763	['adult sensory neuron']
VFB_001028ac	78948	['adult sensory neuron']
VFB_001027zh	26834	['adult PNS neuron', 'adult sensory neuron', 'sensory neuron of campaniform sensillum']
VFB_001027zg	510866	['mechanosensory neuron of prothoracic coxal hair plate CoHP8']
VFB_001027zj	22751	['prothoracic femoral chordotonal club neuron']
VFB_001027zi	26841	['adult sensory neuron']
VFB_001027zd	26820	['bilateral campaniform sensillum neuron of prothoracic leg']
VFB_001027zc	510802	['adult PNS neuron', 'adult sensory neuron', 'sensory neuron of campaniform sensillum']
VFB_001027zf	86219	['adult PNS neuron', 'adult sensory neuron', 'sensory neuron of campaniform sensillum']
VFB_001027ze	510837	['prothoracic femoral chordotonal hook neuron']
VFB_001027zp	510985	['bilateral campaniform sensillum neuron of mesothoracic leg']
VFB_001027zo	510972	['adult PNS neuron', 'adult sensory neuron', 'sensory neuron of campaniform sensillum']
VFB_001027zr	65781	['adult PNS neuron', 'adult sensory neuron', 'sensory neuron of campaniform sensillum']
VFB_001027zq	24816	['mechanosensory neuron of leg chordotonal organ']
VFB_001027zl	510932	['adult sensory neuron']
VFB_001027zk	14561	['adult sensory neuron']
VFB_001027zn	510958	['prothoracic femoral chordotonal club neuron']
VFB_001027zm	510945	['mechanosensory neuron of prothoracic coxal hair plate CoHP8']
VFB_001027zx	511097	['mechanosensory neuron of leg chordotonal organ']
VFB_001027zw	511084	['adult sensory neuron']
VFB_001027zz	10525	['mechanosensory neuron of leg chordotonal organ']
VFB_001027zy	511110	['prothoracic femoral chordotonal claw neuron']
VFB_001027zt	511045	['prothoracic femoral chordotonal hook neuron']
VFB_001027zs	511031	['prothoracic femoral chordotonal club neuron']
VFB_001027zv	24837	['mechanosensory neuron of leg chordotonal organ']
VFB_001027zu	26883	['adult sensory neuron']
VFB_001027xf	18350	['mesothoracic leg muscle motor neuron']
VFB_001027xe	501737	['flight muscle motor neuron']
VFB_001027xh	18359	['mesothoracic leg muscle motor neuron']
VFB_001027xg	501767	['mesothoracic leg muscle motor neuron']
VFB_001027xb	501673	['metathoracic leg muscle motor neuron']
VFB_001027xa	501642	['prothoracic leg muscle motor neuron']
VFB_001027xd	501722	['mesothoracic leg muscle motor neuron']
VFB_001027xc	501706	['haltere muscle motor neuron']
VFB_001027xn	501889	['mesothoracic leg muscle motor neuron']
VFB_001027z0	24734	['adult PNS neuron', 'adult sensory neuron', 'bristle sensory neuron']
VFB_001027xm	501873	['haltere muscle motor neuron']
VFB_001027xp	501920	['prothoracic leg muscle motor neuron']
VFB_001027z2	26785	['adult PNS neuron', 'adult sensory neuron', 'sensory neuron of campaniform sensillum']
VFB_001027xo	501905	['mesothoracic leg muscle motor neuron']
VFB_001027z1	84128	['adult sensory neuron']
VFB_001027xj	501826	['mesothoracic leg muscle motor neuron']
VFB_001027xi	501810	['metathoracic leg muscle motor neuron']
VFB_001027xl	501857	['haltere muscle motor neuron']
VFB_001027xk	501842	['mesothoracic leg muscle motor neuron']
VFB_001027xv	502028	['prothoracic leg muscle motor neuron']
VFB_001027z8	510752	['adult sensory neuron']
VFB_001027xu	502004	['prothoracic leg muscle motor neuron']
VFB_001027z7	84139	['adult sensory neuron']
VFB_001027xx	12261	['prothoracic leg muscle motor neuron']
VFB_001027xw	502046	['mesothoracic leg muscle motor neuron']
VFB_001027z9	26799	['adult PNS neuron', 'adult sensory neuron', 'sensory neuron of campaniform sensillum']
VFB_001027xr	501957	['metathoracic leg muscle motor neuron']
VFB_001027z4	80036	['adult sensory neuron']
VFB_001027xq	501939	['prothoracic leg muscle motor neuron']
VFB_001027z3	510688	['adult sensory neuron']
VFB_001027xt	69598	['mesothoracic leg muscle motor neuron']
VFB_001027z6	510727	['adult sensory neuron']
VFB_001027xs	501973	['mesothoracic leg muscle motor neuron']
VFB_001027z5	510715	['adult PNS neuron', 'adult sensory neuron', 'bristle sensory neuron']
VFB_001027ya	503568	['metathoracic leg muscle motor neuron']
VFB_001027xz	69611	['mesothoracic leg muscle motor neuron']
VFB_001027xy	12266	['prothoracic leg muscle motor neuron']
VFB_001027yg	190105	['adult sensory neuron']
VFB_001027yf	84008	['adult PNS neuron', 'adult sensory neuron', 'sensory neuron of campaniform sensillum']
VFB_001027yi	22582	['adult sensory neuron']
VFB_001027yh	510380	['adult sensory neuron']
VFB_001027yc	510306	['adult sensory neuron']
VFB_001027yb	22533	['adult sensory neuron']
VFB_001027ye	510337	['adult PNS neuron', 'adult sensory neuron', 'bristle sensory neuron']
VFB_001027yd	510321	['adult PNS neuron', 'adult sensory neuron', 'bristle sensory neuron']
VFB_001027yo	510493	['adult PNS neuron', 'adult mechanosensory neuron', 'mechanosensory neuron of hair plate']
VFB_001027yn	510482	['adult sensory neuron']
VFB_001027yq	75907	['adult sensory neuron']
VFB_001027yp	176255	['adult sensory neuron']
VFB_001027yk	510442	['adult PNS neuron', 'adult sensory neuron', 'bristle sensory neuron']
VFB_001027yj	69709	['adult sensory neuron']
VFB_001027ym	26708	['adult PNS neuron', 'adult sensory neuron', 'sensory neuron of campaniform sensillum']
VFB_001027yl	18516	['adult PNS neuron', 'adult sensory neuron', 'bristle sensory neuron']
VFB_001027yw	510599	['adult PNS neuron', 'adult mechanosensory neuron', 'mechanosensory neuron of hair plate']
VFB_001027yv	510587	['adult sensory neuron']
VFB_001027yy	510624	['adult PNS neuron', 'adult mechanosensory neuron', 'mechanosensory neuron of hair plate']
VFB_001027yx	510612	['adult sensory neuron']
VFB_001027ys	510549	['adult PNS neuron', 'adult sensory neuron', 'bristle sensory neuron']
VFB_001027yr	510532	['adult PNS neuron', 'adult sensory neuron', 'sensory neuron of campaniform sensillum']
VFB_001027yu	510574	['adult PNS neuron', 'adult sensory neuron', 'sensory neuron of campaniform sensillum']
VFB_001027yt	176264	['adult sensory neuron']
VFB_001027zb	510790	['adult PNS neuron', 'adult sensory neuron', 'sensory neuron of campaniform sensillum']
VFB_001027za	510777	['adult PNS neuron', 'adult sensory neuron', 'sensory neuron of campaniform sensillum']
VFB_001027yz	176280	['adult sensory neuron']
VFB_001027vd	93768	['metathoracic leg muscle motor neuron']
VFB_0010298d	667567	['mesothoracic leg muscle motor neuron']
VFB_001027vc	500428	['haltere muscle motor neuron']
VFB_0010298c	117651	['haltere muscle motor neuron']
VFB_001027vf	500477	['mesothoracic leg muscle motor neuron']
VFB_0010298f	113051	['metathoracic leg muscle motor neuron']
VFB_001027ve	500461	['haltere muscle motor neuron']
VFB_0010298e	667585	['haltere muscle motor neuron']
VFB_001027vb	500412	['flight muscle motor neuron']
VFB_0010298b	113038	['metathoracic leg muscle motor neuron']
VFB_001027va	500390	['prothoracic leg muscle motor neuron']
VFB_0010298a	117645	['haltere muscle motor neuron']
VFB_001027vl	500574	['mesothoracic leg muscle motor neuron']
VFB_0010298l	117670	['haltere muscle motor neuron']
VFB_001027vk	500558	['haltere muscle motor neuron']
VFB_0010298k	667683	['metathoracic leg muscle motor neuron']
VFB_001027vn	500605	['mesothoracic leg muscle motor neuron']
VFB_001027x0	501472	['metathoracic leg muscle motor neuron']
VFB_0010298n	47531	['flight muscle motor neuron']
VFB_001027vm	500589	['haltere muscle motor neuron']
VFB_0010298m	667715	['haltere muscle motor neuron']
VFB_001027vh	500510	['metathoracic leg muscle motor neuron']
VFB_0010298h	18341	['mesothoracic leg muscle motor neuron']
VFB_001027vg	500494	['metathoracic leg muscle motor neuron']
VFB_0010298g	667617	['haltere muscle motor neuron']
VFB_001027vj	500542	['metathoracic leg muscle motor neuron']
VFB_0010298j	93094	['metathoracic leg muscle motor neuron']
VFB_001027vi	71264	['mesothoracic leg muscle motor neuron']
VFB_0010298i	47521	['mesothoracic leg muscle motor neuron']
VFB_001027vt	500701	['prothoracic leg muscle motor neuron']
VFB_001027x6	16217	['prothoracic leg muscle motor neuron']
VFB_0010298t	113075	['metathoracic leg muscle motor neuron']
VFB_0010298s	117682	['haltere muscle motor neuron']
VFB_001027vs	28291	['mesothoracic leg muscle motor neuron']
VFB_001027x5	106325	['metathoracic leg muscle motor neuron']
VFB_001027vv	71307	['mesothoracic leg muscle motor neuron']
VFB_001027x8	501607	['metathoracic leg muscle motor neuron']
VFB_0010298v	47542	['flight muscle motor neuron']
VFB_001027vu	9866	['prothoracic leg muscle motor neuron']
VFB_001027x7	16222	['prothoracic leg muscle motor neuron']
VFB_0010298u	118196	['metathoracic leg muscle motor neuron']
VFB_001027vp	28282	['mesothoracic leg muscle motor neuron']
VFB_001027x2	501503	['mesothoracic leg muscle motor neuron']
VFB_0010298p	18350	['mesothoracic leg muscle motor neuron']
VFB_001027vo	118393	['haltere muscle motor neuron']
VFB_001027x1	501488	['mesothoracic leg muscle motor neuron']
VFB_0010298o	117676	['haltere muscle motor neuron']
VFB_001027vr	500669	['metathoracic leg muscle motor neuron']
VFB_001027x4	16184	['prothoracic leg muscle motor neuron']
VFB_0010298r	93105	['metathoracic leg muscle motor neuron']
VFB_001027vq	9856	['prothoracic leg muscle motor neuron']
VFB_001027x3	501519	['mesothoracic leg muscle motor neuron']
VFB_0010298q	667780	['haltere muscle motor neuron']
VFB_001027vx	9877	['prothoracic leg muscle motor neuron']
VFB_0010298x	667892	['mesothoracic leg muscle motor neuron']
VFB_001027vw	500751	['metathoracic leg muscle motor neuron']
VFB_001027x9	83814	['prothoracic leg muscle motor neuron']
VFB_0010298w	667877	['mesothoracic leg muscle motor neuron']
VFB_001027vz	9882	['prothoracic leg muscle motor neuron']
VFB_0010298z	667924	['mesothoracic leg muscle motor neuron']
VFB_001027vy	16025	['prothoracic leg muscle motor neuron']
VFB_0010298y	80315	['haltere muscle motor neuron']
VFB_001027we	118467	['metathoracic leg muscle motor neuron']
VFB_0010299e	668003	['metathoracic leg muscle motor neuron']
VFB_001027wd	71346	['mesothoracic leg muscle motor neuron']
VFB_0010299d	18377	['mesothoracic leg muscle motor neuron']
VFB_001027wg	501083	['prothoracic leg muscle motor neuron']
VFB_0010299g	47576	['flight muscle motor neuron']
VFB_001027wf	501067	['haltere muscle motor neuron']
VFB_0010299f	668019	['mesothoracic leg muscle motor neuron']
VFB_001027wa	500987	['metathoracic leg muscle motor neuron']
VFB_0010299a	667939	['metathoracic leg muscle motor neuron']
VFB_001027wc	71342	['flight muscle motor neuron']
VFB_0010299c	667971	['mesothoracic leg muscle motor neuron']
VFB_001027wb	28333	['flight muscle motor neuron']
VFB_0010299b	667955	['mesothoracic leg muscle motor neuron']
VFB_001027wm	3807	['prothoracic leg muscle motor neuron']
VFB_0010299m	113135	['metathoracic leg muscle motor neuron']
VFB_001027wl	501167	['mesothoracic leg muscle motor neuron']
VFB_0010299l	73198	['mesothoracic leg muscle motor neuron']
VFB_001027wo	501240	['flight muscle motor neuron']
VFB_001027y1	502165	['mesothoracic leg muscle motor neuron']
VFB_0010299o	18423	['mesothoracic leg muscle motor neuron']
VFB_001027wn	501225	['mesothoracic leg muscle motor neuron']
VFB_001027y0	502119	['prothoracic leg muscle motor neuron']
VFB_0010299n	70132	['mesothoracic leg muscle motor neuron']
VFB_001027wi	28369	['mesothoracic leg muscle motor neuron']
VFB_0010299i	668070	['mesothoracic leg muscle motor neuron']
VFB_001027wh	501100	['prothoracic leg muscle motor neuron']
VFB_0010299h	668054	['metathoracic leg muscle motor neuron']
VFB_001027wk	71387	['flight muscle motor neuron']
VFB_0010299k	668102	['mesothoracic leg muscle motor neuron']
VFB_001027wj	501135	['metathoracic leg muscle motor neuron']
VFB_0010299j	113123	['metathoracic leg muscle motor neuron']
VFB_001027wu	3832	['prothoracic leg muscle motor neuron']
VFB_001027y7	76647	['mesothoracic leg muscle motor neuron']
VFB_0010299u	123311	['adult prosternal chordotonal organ neuron']
VFB_0010299t	669131	['adult prosternal chordotonal organ neuron']
VFB_001027wt	501338	['metathoracic leg muscle motor neuron']
VFB_001027y6	74816	['flight muscle motor neuron']
VFB_001027ww	501398	['prothoracic leg muscle motor neuron']
VFB_001027y9	503552	['metathoracic leg muscle motor neuron']
VFB_0010299w	669174	['adult prosternal chordotonal organ neuron']
VFB_001027y8	503536	['mesothoracic leg muscle motor neuron']
VFB_001027wv	93948	['metathoracic leg muscle motor neuron']
VFB_0010299v	669161	['adult prosternal chordotonal organ neuron']
VFB_001027wq	28390	['mesothoracic leg muscle motor neuron']
VFB_001027y3	69623	['mesothoracic leg muscle motor neuron']
VFB_0010299q	118267	['metathoracic leg muscle motor neuron']
VFB_001027wp	104164	['metathoracic leg muscle motor neuron']
VFB_001027y2	12274	['prothoracic leg muscle motor neuron']
VFB_0010299p	113146	['metathoracic leg muscle motor neuron']
VFB_001027ws	106225	['metathoracic leg muscle motor neuron']
VFB_001027y5	42031	['mesothoracic leg muscle motor neuron']
VFB_0010299s	123301	['adult prosternal chordotonal organ neuron']
VFB_001027wr	501288	['prothoracic leg muscle motor neuron']
VFB_001027y4	116734	['metathoracic leg muscle motor neuron']
VFB_0010299r	669101	['adult prosternal chordotonal organ neuron']
VFB_001027wy	501442	['mesothoracic leg muscle motor neuron']
VFB_0010299y	123080	['adult prosternal chordotonal organ neuron']
VFB_001027wx	75529	['metathoracic leg muscle motor neuron']
VFB_0010299x	669187	['adult prosternal chordotonal organ neuron']
VFB_001027wz	18194	['mesothoracic leg muscle motor neuron']
VFB_0010299z	669213	['adult prosternal chordotonal organ neuron']
VFB_001027tb	72877	['flight muscle motor neuron']
VFB_0010296b	113381	['metathoracic leg muscle motor neuron']
VFB_001027ta	498988	['flight muscle motor neuron']
VFB_0010296a	28390	['mesothoracic leg muscle motor neuron']
VFB_001027td	499037	['flight muscle motor neuron']
VFB_0010296d	666726	['flight muscle motor neuron']
VFB_001027tc	499018	['mesothoracic leg muscle motor neuron']
VFB_0010296c	88808	['metathoracic leg muscle motor neuron']
VFB_001027tj	499263	['flight muscle motor neuron']
VFB_0010296j	70911	['mesothoracic leg muscle motor neuron']
VFB_001027ti	11467	['prothoracic leg muscle motor neuron']
VFB_0010296i	112893	['metathoracic leg muscle motor neuron']
VFB_001027tl	499295	['flight muscle motor neuron']
VFB_0010296l	666857	['flight muscle motor neuron']
VFB_001027tk	70869	['mesothoracic leg muscle motor neuron']
VFB_0010296k	666840	['metathoracic leg muscle motor neuron']
VFB_001027tf	499067	['flight muscle motor neuron']
VFB_0010296f	112881	['metathoracic leg muscle motor neuron']
VFB_001027te	499052	['flight muscle motor neuron']
VFB_0010296e	113901	['metathoracic leg muscle motor neuron']
VFB_001027th	499099	['flight muscle motor neuron']
VFB_0010296h	69877	['mesothoracic leg muscle motor neuron']
VFB_001027tg	499082	['metathoracic leg muscle motor neuron']
VFB_0010296g	666774	['metathoracic leg muscle motor neuron']
VFB_001027tr	75013	['flight muscle motor neuron']
VFB_001027v4	500280	['prothoracic leg muscle motor neuron']
VFB_0010296r	666951	['metathoracic leg muscle motor neuron']
VFB_001027tq	499375	['flight muscle motor neuron']
VFB_001027v3	500264	['prothoracic leg muscle motor neuron']
VFB_0010296q	18194	['mesothoracic leg muscle motor neuron']
VFB_001027tt	72969	['flight muscle motor neuron']
VFB_001027v6	500327	['metathoracic leg muscle motor neuron']
VFB_0010296t	70423	['mesothoracic leg muscle motor neuron']
VFB_001027ts	499411	['flight muscle motor neuron']
VFB_001027v5	500309	['flight muscle motor neuron']
VFB_0010296s	113429	['metathoracic leg muscle motor neuron']
VFB_001027tn	499325	['flight muscle motor neuron']
VFB_001027v0	500215	['metathoracic leg muscle motor neuron']
VFB_0010296n	113417	['metathoracic leg muscle motor neuron']
VFB_001027tm	70881	['flight muscle motor neuron']
VFB_0010296m	666873	['metathoracic leg muscle motor neuron']
VFB_001027tp	70911	['mesothoracic leg muscle motor neuron']
VFB_001027v2	500248	['metathoracic leg muscle motor neuron']
VFB_0010296p	89360	['metathoracic leg muscle motor neuron']
VFB_001027to	499341	['metathoracic leg muscle motor neuron']
VFB_001027v1	11796	['prothoracic leg muscle motor neuron']
VFB_0010296o	18190	['mesothoracic leg muscle motor neuron']
VFB_001027tz	499525	['flight muscle motor neuron']
VFB_0010296z	667078	['metathoracic leg muscle motor neuron']
VFB_001027ty	89400	['metathoracic leg muscle motor neuron']
VFB_0010296y	667062	['mesothoracic leg muscle motor neuron']
VFB_001027tv	75049	['flight muscle motor neuron']
VFB_001027v8	500358	['prothoracic leg muscle motor neuron']
VFB_0010296v	18205	['mesothoracic leg muscle motor neuron']
VFB_001027tu	70925	['mesothoracic leg muscle motor neuron']
VFB_001027v7	500343	['flight muscle motor neuron']
VFB_0010296u	18201	['mesothoracic leg muscle motor neuron']
VFB_001027tx	42296	['mesothoracic leg muscle motor neuron']
VFB_0010296x	667046	['metathoracic leg muscle motor neuron']
VFB_001027tw	499476	['flight muscle motor neuron']
VFB_001027v9	103984	['metathoracic leg muscle motor neuron']
VFB_0010296w	667030	['mesothoracic leg muscle motor neuron']
VFB_001027uc	71021	['flight muscle motor neuron']
VFB_0010297c	11051	['flight muscle motor neuron']
VFB_001027ub	11615	['flight muscle motor neuron']
VFB_0010297b	667113	['mesothoracic leg muscle motor neuron']
VFB_001027ue	11656	['prothoracic leg muscle motor neuron']
VFB_0010297e	667161	['metathoracic leg muscle motor neuron']
VFB_001027ud	499785	['mesothoracic leg muscle motor neuron']
VFB_0010297d	70956	['flight muscle motor neuron']
VFB_001027ua	499736	['mesothoracic leg muscle motor neuron']
VFB_0010297a	96549	['metathoracic leg muscle motor neuron']
VFB_001027uk	499915	['prothoracic leg muscle motor neuron']
VFB_0010297k	667256	['metathoracic leg muscle motor neuron']
VFB_001027uj	499899	['metathoracic leg muscle motor neuron']
VFB_0010297j	667241	['metathoracic leg muscle motor neuron']
VFB_001027um	118196	['metathoracic leg muscle motor neuron']
VFB_0010297m	667290	['metathoracic leg muscle motor neuron']
VFB_001027ul	189860	['haltere muscle motor neuron']
VFB_0010297l	73035	['mesothoracic leg muscle motor neuron']
VFB_001027ug	114069	['haltere muscle motor neuron']
VFB_0010297g	89400	['metathoracic leg muscle motor neuron']
VFB_001027uf	499821	['metathoracic leg muscle motor neuron']
VFB_0010297f	74544	['flight muscle motor neuron']
VFB_001027ui	9629	['prothoracic leg muscle motor neuron']
VFB_0010297i	70971	['flight muscle motor neuron']
VFB_001027uh	73111	['mesothoracic leg muscle motor neuron']
VFB_0010297h	112953	['metathoracic leg muscle motor neuron']
VFB_001027us	500058	['prothoracic leg muscle motor neuron']
VFB_001027w5	500902	['flight muscle motor neuron']
VFB_0010297s	113002	['metathoracic leg muscle motor neuron']
VFB_001027ur	71131	['mesothoracic leg muscle motor neuron']
VFB_001027w4	106145	['metathoracic leg muscle motor neuron']
VFB_0010297r	667372	['metathoracic leg muscle motor neuron']
VFB_001027uu	118267	['metathoracic leg muscle motor neuron']
VFB_001027w7	11943	['prothoracic leg muscle motor neuron']
VFB_0010297u	113014	['metathoracic leg muscle motor neuron']
VFB_001027ut	500077	['mesothoracic leg muscle motor neuron']
VFB_001027w6	500918	['metathoracic leg muscle motor neuron']
VFB_0010297t	15212	['flight muscle motor neuron']
VFB_001027uo	73154	['mesothoracic leg muscle motor neuron']
VFB_001027w1	11933	['prothoracic leg muscle motor neuron']
VFB_0010297o	11607	['flight muscle motor neuron']
VFB_001027un	11714	['prothoracic leg muscle motor neuron']
VFB_001027w0	500818	['flight muscle motor neuron']
VFB_0010297n	123733	['metathoracic leg muscle motor neuron']
VFB_001027uq	500017	['prothoracic leg muscle motor neuron']
VFB_001027w3	9887	['prothoracic leg muscle motor neuron']
VFB_0010297q	667355	['flight muscle motor neuron']
VFB_001027up	500001	['metathoracic leg muscle motor neuron']
VFB_001027w2	28318	['flight muscle motor neuron']
VFB_0010297p	667339	['mesothoracic leg muscle motor neuron']
VFB_001027uz	9745	['prothoracic leg muscle motor neuron']
VFB_0010297z	667502	['metathoracic leg muscle motor neuron']
VFB_001027uw	500137	['prothoracic leg muscle motor neuron']
VFB_001027w9	500969	['prothoracic leg muscle motor neuron']
VFB_0010297w	667452	['metathoracic leg muscle motor neuron']
VFB_001027uv	500109	['mesothoracic leg muscle motor neuron']
VFB_001027w8	500953	['metathoracic leg muscle motor neuron']
VFB_0010297v	667435	['mesothoracic leg muscle motor neuron']
VFB_001027uy	11791	['prothoracic leg muscle motor neuron']
VFB_0010297y	667486	['mesothoracic leg muscle motor neuron']
VFB_001027ux	500154	['metathoracic leg muscle motor neuron']
VFB_0010297x	667468	['flight muscle motor neuron']
VFB_001027rb	123733	['metathoracic leg muscle motor neuron']
VFB_0010294b	665866	['flight muscle motor neuron']
VFB_001027ra	497667	['haltere muscle motor neuron']
VFB_0010294a	14948	['flight muscle motor neuron']
VFB_001027qz	497283	['mesothoracic leg muscle motor neuron']
VFB_0010293z	113247	['haltere muscle motor neuron']
VFB_001027rh	497817	['haltere muscle motor neuron']
VFB_0010294h	70256	['mesothoracic leg muscle motor neuron']
VFB_001027rg	497800	['metathoracic leg muscle motor neuron']
VFB_0010294g	665945	['mesothoracic leg muscle motor neuron']
VFB_001027rj	117651	['haltere muscle motor neuron']
VFB_0010294j	70770	['flight muscle motor neuron']
VFB_001027ri	105361	['metathoracic leg muscle motor neuron']
VFB_0010294i	665976	['mesothoracic leg muscle motor neuron']
VFB_001027rd	15212	['flight muscle motor neuron']
VFB_0010294d	18025	['mesothoracic leg muscle motor neuron']
VFB_001027rc	497700	['prothoracic leg muscle motor neuron']
VFB_0010294c	665881	['haltere muscle motor neuron']
VFB_001027rf	70533	['mesothoracic leg muscle motor neuron']
VFB_0010294f	665929	['haltere muscle motor neuron']
VFB_001027re	497752	['mesothoracic leg muscle motor neuron']
VFB_0010294e	665912	['metathoracic leg muscle motor neuron']
VFB_001027rp	193446	['haltere muscle motor neuron']
VFB_001027t2	42109	['mesothoracic leg muscle motor neuron']
VFB_0010294p	70789	['mesothoracic leg muscle motor neuron']
VFB_001027ro	117670	['haltere muscle motor neuron']
VFB_001027t1	498830	['mesothoracic leg muscle motor neuron']
VFB_0010294o	113284	['metathoracic leg muscle motor neuron']
VFB_001027rr	497980	['prothoracic leg muscle motor neuron']
VFB_001027t4	498884	['haltere muscle motor neuron']
VFB_0010294r	666122	['mesothoracic leg muscle motor neuron']
VFB_001027rq	117676	['haltere muscle motor neuron']
VFB_001027t3	11391	['prothoracic leg muscle motor neuron']
VFB_0010294q	666106	['mesothoracic leg muscle motor neuron']
VFB_001027rl	497882	['haltere muscle motor neuron']
VFB_0010294l	666023	['mesothoracic leg muscle motor neuron']
VFB_001027rk	497866	['haltere muscle motor neuron']
VFB_0010294k	113272	['metathoracic leg muscle motor neuron']
VFB_001027rn	497914	['metathoracic leg muscle motor neuron']
VFB_001027t0	498812	['flight muscle motor neuron']
VFB_0010294n	18562	['mesothoracic leg muscle motor neuron']
VFB_001027rm	497898	['prothoracic leg muscle motor neuron']
VFB_0010294m	666039	['haltere muscle motor neuron']
VFB_001027rx	189391	['haltere muscle motor neuron']
VFB_0010294x	666218	['flight muscle motor neuron']
VFB_001027rw	498087	['prothoracic leg muscle motor neuron']
VFB_001027t9	498972	['mesothoracic leg muscle motor neuron']
VFB_0010294w	666203	['mesothoracic leg muscle motor neuron']
VFB_001027rz	9174	['prothoracic leg muscle motor neuron']
VFB_0010294z	666249	['flight muscle motor neuron']
VFB_001027ry	9170	['prothoracic leg muscle motor neuron']
VFB_0010294y	666233	['metathoracic leg muscle motor neuron']
VFB_001027rt	117682	['haltere muscle motor neuron']
VFB_001027t6	74889	['flight muscle motor neuron']
VFB_0010294t	18580	['mesothoracic leg muscle motor neuron']
VFB_001027rs	498008	['metathoracic leg muscle motor neuron']
VFB_001027t5	70789	['mesothoracic leg muscle motor neuron']
VFB_0010294s	666139	['metathoracic leg muscle motor neuron']
VFB_001027rv	498071	['flight muscle motor neuron']
VFB_001027t8	498952	['prothoracic leg muscle motor neuron']
VFB_0010294v	113308	['metathoracic leg muscle motor neuron']
VFB_001027ru	70588	['mesothoracic leg muscle motor neuron']
VFB_001027t7	11402	['motor neuron of adult dorsal prothoracic nerve', 'prothoracic leg muscle motor neuron']
VFB_0010294u	28314	['flight muscle motor neuron']
VFB_001027sa	42003	['flight muscle motor neuron']
VFB_0010295a	666265	['mesothoracic leg muscle motor neuron']
VFB_001027sc	498385	['haltere muscle motor neuron']
VFB_0010295c	70315	['mesothoracic leg muscle motor neuron']
VFB_001027sb	11284	['prothoracic leg muscle motor neuron']
VFB_0010295b	666281	['metathoracic leg muscle motor neuron']
VFB_001027si	498495	['mesothoracic leg muscle motor neuron']
VFB_0010295i	18616	['mesothoracic leg muscle motor neuron']
VFB_001027sh	498475	['motor neuron of adult dorsal prothoracic nerve', 'prothoracic leg muscle motor neuron']
VFB_0010295h	666380	['flight muscle motor neuron']
VFB_001027sk	498527	['prothoracic leg muscle motor neuron']
VFB_0010295k	18622	['mesothoracic leg muscle motor neuron']
VFB_001027sj	42054	['mesothoracic leg muscle motor neuron']
VFB_0010295j	70842	['flight muscle motor neuron']
VFB_001027se	498424	['flight muscle motor neuron']
VFB_0010295e	666330	['mesothoracic leg muscle motor neuron']
VFB_001027sd	498406	['prothoracic leg muscle motor neuron']
VFB_0010295d	28333	['flight muscle motor neuron']
VFB_001027sg	498457	['mesothoracic leg muscle motor neuron']
VFB_0010295g	666363	['metathoracic leg muscle motor neuron']
VFB_001027sf	498439	['mesothoracic leg muscle motor neuron']
VFB_0010295f	18607	['mesothoracic leg muscle motor neuron']
VFB_001027sq	498652	['mesothoracic leg muscle motor neuron']
VFB_001027u3	11596	['prothoracic leg muscle motor neuron']
VFB_0010295q	70863	['flight muscle motor neuron']
VFB_001027sp	498637	['flight muscle motor neuron']
VFB_001027u2	499577	['mesothoracic leg muscle motor neuron']
VFB_0010295p	666505	['haltere muscle motor neuron']
VFB_001027ss	48222	['flight muscle motor neuron']
VFB_001027u5	9551	['prothoracic leg muscle motor neuron']
VFB_0010295s	666550	['mesothoracic leg muscle motor neuron']
VFB_001027sr	498668	['flight muscle motor neuron']
VFB_001027u4	499612	['mesothoracic leg muscle motor neuron']
VFB_0010295r	28369	['mesothoracic leg muscle motor neuron']
VFB_001027sm	42065	['mesothoracic leg muscle motor neuron']
VFB_0010295m	666456	['metathoracic leg muscle motor neuron']
VFB_001027sl	498564	['mesothoracic leg muscle motor neuron']
VFB_0010295l	112831	['metathoracic leg muscle motor neuron']
VFB_001027so	70741	['mesothoracic leg muscle motor neuron']
VFB_001027u1	42314	['mesothoracic leg muscle motor neuron']
VFB_0010295o	112843	['metathoracic leg muscle motor neuron']
VFB_001027sn	74833	['flight muscle motor neuron']
VFB_001027u0	15679	['prothoracic leg muscle motor neuron']
VFB_0010295n	666472	['metathoracic leg muscle motor neuron']
VFB_001027sy	498780	['flight muscle motor neuron']
VFB_0010295y	666646	['mesothoracic leg muscle motor neuron']
VFB_001027sx	42095	['mesothoracic leg muscle motor neuron']
VFB_0010295x	666631	['flight muscle motor neuron']
VFB_001027sz	498795	['motor neuron of adult dorsal prothoracic nerve', 'prothoracic leg muscle motor neuron']
VFB_0010295z	666662	['metathoracic leg muscle motor neuron']
VFB_001027su	498716	['flight muscle motor neuron']
VFB_001027u7	499671	['mesothoracic leg muscle motor neuron']
VFB_0010295u	666584	['haltere muscle motor neuron']
VFB_001027st	42082	['mesothoracic leg muscle motor neuron']
VFB_001027u6	499653	['prothoracic leg muscle motor neuron']
VFB_0010295t	112855	['metathoracic leg muscle motor neuron']
VFB_001027sw	498747	['prothoracic leg muscle motor neuron']
VFB_001027u9	11607	['flight muscle motor neuron']
VFB_0010295w	666616	['mesothoracic leg muscle motor neuron']
VFB_001027sv	74856	['flight muscle motor neuron']
VFB_001027u8	499687	['mesothoracic leg muscle motor neuron']
VFB_0010295v	28380	['mesothoracic leg muscle motor neuron']
VFB_001027oy	495741	['metathoracic leg muscle motor neuron']
VFB_0010291y	664344	['adult PNS neuron', 'adult sensory neuron', 'bristle sensory neuron']
VFB_001027ox	70193	['mesothoracic leg muscle motor neuron']
VFB_0010291x	123055	['adult prosternal chordotonal organ neuron']
VFB_001027oz	10812	['flight muscle motor neuron']
VFB_0010291z	664357	['adult PNS neuron', 'adult sensory neuron', 'bristle sensory neuron']
VFB_001027pf	113259	['metathoracic leg muscle motor neuron']
VFB_0010292f	664436	['adult PNS neuron', 'adult sensory neuron', 'bristle sensory neuron']
VFB_001027pe	496026	['prothoracic leg muscle motor neuron']
VFB_0010292e	94021	['adult sensory neuron']
VFB_001027ph	113272	['metathoracic leg muscle motor neuron']
VFB_0010292h	74569	['adult sensory neuron']
VFB_001027pg	496063	['mesothoracic leg muscle motor neuron']
VFB_0010292g	664449	['adult sensory neuron']
VFB_001027pb	113247	['haltere muscle motor neuron']
VFB_0010292b	26431	['adult PNS neuron', 'adult sensory neuron', 'bristle sensory neuron']
VFB_001027pa	74335	['mesothoracic leg muscle motor neuron']
VFB_0010292a	664371	['adult PNS neuron', 'adult sensory neuron', 'bristle sensory neuron']
VFB_001027pd	70244	['mesothoracic leg muscle motor neuron']
VFB_0010292d	26438	['adult PNS neuron', 'adult sensory neuron', 'bristle sensory neuron']
VFB_001027pc	14948	['flight muscle motor neuron']
VFB_0010292c	24645	['adult PNS neuron', 'adult sensory neuron', 'bristle sensory neuron']
VFB_001027pn	496179	['metathoracic leg muscle motor neuron']
VFB_001027r0	9008	['prothoracic leg muscle motor neuron']
VFB_0010292n	664539	['adult PNS neuron', 'adult sensory neuron', 'bristle sensory neuron']
VFB_001027pm	496163	['mesothoracic leg muscle motor neuron']
VFB_0010292m	24405	['adult PNS neuron', 'adult sensory neuron', 'bristle sensory neuron']
VFB_001027pp	113308	['metathoracic leg muscle motor neuron']
VFB_001027r2	107313	['metathoracic leg muscle motor neuron']
VFB_0010292p	664564	['adult sensory neuron']
VFB_001027po	2713	['prothoracic leg muscle motor neuron']
VFB_001027r1	497336	['flight muscle motor neuron']
VFB_0010292o	664552	['adult sensory neuron']
VFB_001027pj	496111	['mesothoracic leg muscle motor neuron']
VFB_0010292j	25807	['adult sensory neuron']
VFB_001027pi	496095	['metathoracic leg muscle motor neuron']
VFB_0010292i	664474	['adult sensory neuron']
VFB_001027pl	496147	['metathoracic leg muscle motor neuron']
VFB_0010292l	664513	['adult sensory neuron']
VFB_001027pk	496131	['metathoracic leg muscle motor neuron']
VFB_0010292k	102611	['adult sensory neuron']
VFB_001027pv	74415	['mesothoracic leg muscle motor neuron']
VFB_001027r8	105285	['metathoracic leg muscle motor neuron']
VFB_0010292v	23284	['adult sensory neuron']
VFB_001027pu	496400	['mesothoracic leg muscle motor neuron']
VFB_001027r7	9028	['prothoracic leg muscle motor neuron']
VFB_0010292u	664629	['adult PNS neuron', 'adult sensory neuron', 'bristle sensory neuron']
VFB_001027px	74430	['mesothoracic leg muscle motor neuron']
VFB_0010292x	127220	['adult PNS neuron', 'adult sensory neuron', 'bristle sensory neuron']
VFB_001027pw	496434	['mesothoracic leg muscle motor neuron']
VFB_001027r9	497651	['metathoracic leg muscle motor neuron']
VFB_0010292w	22262	['adult PNS neuron', 'adult sensory neuron', 'bristle sensory neuron']
VFB_001027pr	12963	['prothoracic leg muscle motor neuron']
VFB_001027r4	497408	['prothoracic leg muscle motor neuron']
VFB_0010292r	122984	['adult sensory neuron']
VFB_001027pq	105122	['metathoracic leg muscle motor neuron']
VFB_001027r3	497367	['prothoracic leg muscle motor neuron']
VFB_0010292q	22879	['adult PNS neuron', 'adult sensory neuron', 'bristle sensory neuron']
VFB_001027pt	496384	['metathoracic leg muscle motor neuron']
VFB_001027r6	497450	['prothoracic leg muscle motor neuron']
VFB_0010292t	664616	['adult sensory neuron']
VFB_001027ps	496367	['haltere muscle motor neuron']
VFB_001027r5	105271	['metathoracic leg muscle motor neuron']
VFB_0010292s	664603	['adult sensory neuron']
VFB_001027qa	496666	['metathoracic leg muscle motor neuron']
VFB_0010293a	664708	['adult PNS neuron', 'adult sensory neuron', 'bristle sensory neuron']
VFB_001027pz	496482	['mesothoracic leg muscle motor neuron']
VFB_0010292z	664695	['adult PNS neuron', 'adult sensory neuron', 'bristle sensory neuron']
VFB_001027py	113344	['metathoracic leg muscle motor neuron']
VFB_0010292y	122872	['adult prosternal chordotonal organ neuron']
VFB_001027qg	21243	['prothoracic leg muscle motor neuron']
VFB_0010293g	70176	['mesothoracic leg muscle motor neuron']
VFB_001027qf	496755	['metathoracic leg muscle motor neuron']
VFB_0010293f	665511	['flight muscle motor neuron']
VFB_001027qi	496805	['metathoracic leg muscle motor neuron']
VFB_0010293i	70692	['mesothoracic leg muscle motor neuron']
VFB_001027qh	496789	['metathoracic leg muscle motor neuron']
VFB_0010293h	113185	['metathoracic leg muscle motor neuron']
VFB_001027qc	74474	['mesothoracic leg muscle motor neuron']
VFB_0010293c	665462	['metathoracic leg muscle motor neuron']
VFB_001027qb	496683	['prothoracic leg muscle motor neuron']
VFB_0010293b	664721	['adult sensory neuron']
VFB_001027qe	496738	['flight muscle motor neuron']
VFB_0010293e	70165	['mesothoracic leg muscle motor neuron']
VFB_001027qd	13035	['motor neuron of adult dorsal prothoracic nerve', 'prothoracic leg muscle motor neuron']
VFB_0010293d	665480	['metathoracic leg muscle motor neuron']
VFB_001027qo	496905	['mesothoracic leg muscle motor neuron']
VFB_001027s1	9186	['prothoracic leg muscle motor neuron']
VFB_0010293o	665655	['mesothoracic leg muscle motor neuron']
VFB_001027qn	496889	['metathoracic leg muscle motor neuron']
VFB_001027s0	3039	['prothoracic leg muscle motor neuron']
VFB_0010293n	10812	['flight muscle motor neuron']
VFB_001027qq	496937	['mesothoracic leg muscle motor neuron']
VFB_001027s3	498229	['flight muscle motor neuron']
VFB_0010293q	113223	['metathoracic leg muscle motor neuron']
VFB_001027qp	105244	['metathoracic leg muscle motor neuron']
VFB_001027s2	498211	['prothoracic leg muscle motor neuron']
VFB_0010293p	71237	['flight muscle motor neuron']
VFB_001027qk	11010	['prothoracic leg muscle motor neuron']
VFB_0010293k	113198	['metathoracic leg muscle motor neuron']
VFB_001027qj	113405	['metathoracic leg muscle motor neuron']
VFB_0010293j	71206	['flight muscle motor neuron']
VFB_001027qm	113417	['metathoracic leg muscle motor neuron']
VFB_0010293m	113211	['metathoracic leg muscle motor neuron']
VFB_001027ql	496857	['mesothoracic leg muscle motor neuron']
VFB_0010293l	70193	['mesothoracic leg muscle motor neuron']
VFB_001027qw	9000	['prothoracic leg muscle motor neuron']
VFB_001027s9	498337	['prothoracic leg muscle motor neuron']
VFB_0010293w	665788	['flight muscle motor neuron']
VFB_001027qv	113443	['metathoracic leg muscle motor neuron']
VFB_001027s8	70646	['mesothoracic leg muscle motor neuron']
VFB_0010293v	70741	['mesothoracic leg muscle motor neuron']
VFB_001027qy	9004	['prothoracic leg muscle motor neuron']
VFB_0010293y	665818	['flight muscle motor neuron']
VFB_001027qx	11051	['flight muscle motor neuron']
VFB_0010293x	14939	['flight muscle motor neuron']
VFB_001027qs	11042	['prothoracic leg muscle motor neuron']
VFB_001027s5	70635	['mesothoracic leg muscle motor neuron']
VFB_0010293s	17999	['mesothoracic leg muscle motor neuron']
VFB_001027qr	496953	['prothoracic leg muscle motor neuron']
VFB_001027s4	498244	['prothoracic leg muscle motor neuron']
VFB_0010293r	118347	['haltere muscle motor neuron']
VFB_001027qu	70435	['mesothoracic leg muscle motor neuron']
VFB_001027s7	498298	['prothoracic leg muscle motor neuron']
VFB_0010293u	665749	['metathoracic leg muscle motor neuron']
VFB_001027qt	497073	['prothoracic leg muscle motor neuron']
VFB_001027s6	17386	['prothoracic leg muscle motor neuron']
VFB_0010293t	665734	['mesothoracic leg muscle motor neuron']
VFB_001027mz	494204	['metathoracic leg muscle motor neuron']
VFB_001027mw	112965	['metathoracic leg muscle motor neuron']
VFB_001027o9	495278	['haltere muscle motor neuron']
VFB_001027mv	494133	['metathoracic leg muscle motor neuron']
VFB_001027o8	70132	['mesothoracic leg muscle motor neuron']
VFB_001027my	494187	['metathoracic leg muscle motor neuron']
VFB_001027mx	96589	['metathoracic leg muscle motor neuron']
VFB_001027nd	494467	['metathoracic leg muscle motor neuron']
VFB_001027nc	494446	['metathoracic leg muscle motor neuron']
VFB_001027nf	494502	['mesothoracic leg muscle motor neuron']
VFB_001027ne	494483	['prothoracic leg muscle motor neuron']
VFB_001027nb	70023	['mesothoracic leg muscle motor neuron']
VFB_001027na	70019	['flight muscle motor neuron']
VFB_001027nl	494623	['flight muscle motor neuron']
VFB_001027nk	494603	['metathoracic leg muscle motor neuron']
VFB_001027nn	80315	['haltere muscle motor neuron']
VFB_001027p0	495773	['prothoracic leg muscle motor neuron']
VFB_001027nm	494638	['mesothoracic leg muscle motor neuron']
VFB_001027nh	494548	['metathoracic leg muscle motor neuron']
VFB_001027ng	12707	['prothoracic leg muscle motor neuron']
VFB_001027nj	47531	['flight muscle motor neuron']
VFB_001027ni	494564	['prothoracic leg muscle motor neuron']
VFB_001027nt	467	['prothoracic leg muscle motor neuron']
VFB_001027p6	495882	['metathoracic leg muscle motor neuron']
VFB_0010290t	79292	['bilateral campaniform sensillum neuron of prothoracic leg']
VFB_001027ns	463	['prothoracic leg muscle motor neuron']
VFB_001027p5	495866	['metathoracic leg muscle motor neuron']
VFB_0010290s	81589	['bilateral campaniform sensillum neuron of metathoracic leg']
VFB_001027nv	16856	['motor neuron of adult dorsal prothoracic nerve', 'prothoracic leg muscle motor neuron']
VFB_001027p8	107096	['metathoracic leg muscle motor neuron']
VFB_0010290v	663955	['adult prosternal chordotonal organ neuron']
VFB_001027nu	494984	['prothoracic leg muscle motor neuron']
VFB_001027p7	495898	['prothoracic leg muscle motor neuron']
VFB_0010290u	22018	['adult PNS neuron', 'adult sensory neuron', 'bristle sensory neuron']
VFB_001027np	494695	['metathoracic leg muscle motor neuron']
VFB_001027p2	580	['prothoracic leg muscle motor neuron']
VFB_0010290p	628838	['bilateral campaniform sensillum neuron of metathoracic leg']
VFB_001027no	494676	['prothoracic leg muscle motor neuron']
VFB_001027p1	74302	['mesothoracic leg muscle motor neuron']
VFB_0010290o	47840	['bilateral campaniform sensillum neuron of mesothoracic leg']
VFB_001027nr	494728	['metathoracic leg muscle motor neuron']
VFB_001027p4	495851	['mesothoracic leg muscle motor neuron']
VFB_0010290r	629006	['bilateral campaniform sensillum neuron of prothoracic leg']
VFB_001027nq	70087	['mesothoracic leg muscle motor neuron']
VFB_001027p3	495835	['metathoracic leg muscle motor neuron']
VFB_0010290q	69866	['bilateral campaniform sensillum neuron of mesothoracic leg']
VFB_001027nx	495045	['metathoracic leg muscle motor neuron']
VFB_0010290x	24335	['adult PNS neuron', 'adult sensory neuron', 'bristle sensory neuron']
VFB_001027nw	495023	['flight muscle motor neuron']
VFB_001027p9	495934	['flight muscle motor neuron']
VFB_0010290w	25742	['adult sensory neuron']
VFB_001027nz	495078	['prothoracic leg muscle motor neuron']
VFB_0010290z	123028	['adult sensory neuron']
VFB_001027ny	495061	['prothoracic leg muscle motor neuron']
VFB_0010290y	663996	['adult PNS neuron', 'adult sensory neuron', 'bristle sensory neuron']
VFB_001027oe	495371	['metathoracic leg muscle motor neuron']
VFB_0010291e	23961	['adult sensory neuron']
VFB_001027od	495351	['prothoracic leg muscle motor neuron']
VFB_0010291d	664061	['adult sensory neuron']
VFB_001027og	495406	['prothoracic leg muscle motor neuron']
VFB_0010291g	24475	['adult sensory neuron']
VFB_001027of	495388	['metathoracic leg muscle motor neuron']
VFB_0010291f	664088	['adult PNS neuron', 'adult sensory neuron', 'bristle sensory neuron']
VFB_001027oa	113146	['metathoracic leg muscle motor neuron']
VFB_0010291a	26389	['adult PNS neuron', 'adult sensory neuron', 'bristle sensory neuron']
VFB_001027oc	495334	['mesothoracic leg muscle motor neuron']
VFB_0010291c	664048	['adult sensory neuron']
VFB_001027ob	6653	['prothoracic leg muscle motor neuron']
VFB_0010291b	26262	['adult PNS neuron', 'adult sensory neuron', 'bristle sensory neuron']
VFB_001027om	495512	['mesothoracic leg muscle motor neuron']
VFB_0010291m	22561	['adult sensory neuron']
VFB_001027ol	12821	['prothoracic leg muscle motor neuron']
VFB_0010291l	664168	['adult sensory neuron']
VFB_001027oo	495545	['prothoracic leg muscle motor neuron']
VFB_001027q1	107216	['metathoracic leg muscle motor neuron']
VFB_0010291o	664211	['adult PNS neuron', 'adult sensory neuron', 'bristle sensory neuron']
VFB_001027on	10775	['prothoracic leg muscle motor neuron']
VFB_001027q0	496498	['haltere muscle motor neuron']
VFB_0010291n	22817	['adult PNS neuron', 'adult sensory neuron', 'bristle sensory neuron']
VFB_001027oi	104975	['metathoracic leg muscle motor neuron']
VFB_0010291i	24349	['adult sensory neuron']
VFB_001027oh	74256	['mesothoracic leg muscle motor neuron']
VFB_0010291h	664116	['adult PNS neuron', 'adult sensory neuron', 'bristle sensory neuron']
VFB_001027ok	495476	['mesothoracic leg muscle motor neuron']
VFB_0010291k	664155	['adult PNS neuron', 'adult sensory neuron', 'bristle sensory neuron']
VFB_001027oj	495460	['metathoracic leg muscle motor neuron']
VFB_0010291j	23454	['adult PNS neuron', 'adult sensory neuron', 'bristle sensory neuron']
VFB_001027ou	495676	['metathoracic leg muscle motor neuron']
VFB_001027q7	13024	['motor neuron of adult dorsal prothoracic nerve', 'prothoracic leg muscle motor neuron']
VFB_0010291u	664290	['adult PNS neuron', 'adult sensory neuron', 'bristle sensory neuron']
VFB_001027ot	495626	['prothoracic leg muscle motor neuron']
VFB_001027q6	496601	['mesothoracic leg muscle motor neuron']
VFB_0010291t	664276	['adult sensory neuron']
VFB_001027ow	10801	['prothoracic leg muscle motor neuron']
VFB_001027q9	496650	['motor neuron of adult dorsal prothoracic nerve', 'prothoracic leg muscle motor neuron']
VFB_0010291w	122918	['adult prosternal chordotonal organ neuron']
VFB_001027ov	74287	['mesothoracic leg muscle motor neuron']
VFB_001027q8	496634	['metathoracic leg muscle motor neuron']
VFB_0010291v	664303	['adult PNS neuron', 'adult sensory neuron', 'bristle sensory neuron']
VFB_001027oq	107037	['haltere muscle motor neuron']
VFB_001027q3	496545	['haltere muscle motor neuron']
VFB_0010291q	23845	['adult PNS neuron', 'adult sensory neuron', 'bristle sensory neuron']
VFB_001027op	10780	['prothoracic leg muscle motor neuron']
VFB_001027q2	496530	['mesothoracic leg muscle motor neuron']
VFB_0010291p	664224	['adult sensory neuron']
VFB_001027os	495609	['metathoracic leg muscle motor neuron']
VFB_001027q5	10970	['prothoracic leg muscle motor neuron']
VFB_0010291s	664263	['adult PNS neuron', 'adult sensory neuron', 'bristle sensory neuron']
VFB_001027or	495593	['mesothoracic leg muscle motor neuron']
VFB_001027q4	496561	['haltere muscle motor neuron']
VFB_0010291r	25890	['adult PNS neuron', 'adult sensory neuron', 'bristle sensory neuron']
VFB_001027ky	18437	['flight muscle motor neuron']
VFB_001027kx	492831	['mesothoracic leg muscle motor neuron']
VFB_001027kz	69647	['mesothoracic leg muscle motor neuron']
VFB_001027ku	11001	['adult dorsal prothoracic nerve neck motor neuron']
VFB_001027m7	493735	['metathoracic leg muscle motor neuron']
VFB_001027kt	11126	['adult dorsal prothoracic nerve neck motor neuron']
VFB_001027m6	493719	['metathoracic leg muscle motor neuron']
VFB_001027kw	492810	['flight muscle motor neuron']
VFB_001027m9	69841	['mesothoracic leg muscle motor neuron']
VFB_001027kv	13950	['neck muscle motor neuron of VNC']
VFB_001027m8	116940	['metathoracic leg muscle motor neuron']
VFB_001027lb	12401	['prothoracic leg muscle motor neuron']
VFB_001027la	493091	['mesothoracic leg muscle motor neuron']
VFB_001027ld	10366	['prothoracic leg muscle motor neuron']
VFB_001027lc	493133	['mesothoracic leg muscle motor neuron']
VFB_001027lj	493274	['mesothoracic leg muscle motor neuron']
VFB_001027li	493254	['prothoracic leg muscle motor neuron']
VFB_001027ll	493314	['mesothoracic leg muscle motor neuron']
VFB_001027lk	493293	['prothoracic leg muscle motor neuron']
VFB_001027lf	493184	['prothoracic leg muscle motor neuron']
VFB_001027le	18562	['mesothoracic leg muscle motor neuron']
VFB_001027lh	10376	['prothoracic leg muscle motor neuron']
VFB_001027lg	493205	['prothoracic leg muscle motor neuron']
VFB_001027lr	493431	['prothoracic leg muscle motor neuron']
VFB_001027n4	70007	['flight muscle motor neuron']
VFB_001027lq	493408	['prothoracic leg muscle motor neuron']
VFB_001027n3	113014	['metathoracic leg muscle motor neuron']
VFB_001027lt	18598	['mesothoracic leg muscle motor neuron']
VFB_001027n6	16764	['prothoracic leg muscle motor neuron']
VFB_001027ls	493453	['prothoracic leg muscle motor neuron']
VFB_001027n5	494314	['flight muscle motor neuron']
VFB_001027ln	12441	['prothoracic leg muscle motor neuron']
VFB_001027n0	113002	['metathoracic leg muscle motor neuron']
VFB_001027lm	493330	['prothoracic leg muscle motor neuron']
VFB_001027lp	12450	['prothoracic leg muscle motor neuron']
VFB_001027n2	8564	['prothoracic leg muscle motor neuron']
VFB_001027lo	18589	['mesothoracic leg muscle motor neuron']
VFB_001027n1	96619	['metathoracic leg muscle motor neuron']
VFB_001027lz	493596	['prothoracic leg muscle motor neuron']
VFB_001027ly	106675	['metathoracic leg muscle motor neuron']
VFB_001027lv	493519	['prothoracic leg muscle motor neuron']
VFB_001027n8	16769	['prothoracic leg muscle motor neuron']
VFB_001027lu	493495	['prothoracic leg muscle motor neuron']
VFB_001027n7	494350	['flight muscle motor neuron']
VFB_001027lx	493560	['metathoracic leg muscle motor neuron']
VFB_001027lw	18607	['mesothoracic leg muscle motor neuron']
VFB_001027n9	494394	['metathoracic leg muscle motor neuron']
VFB_001027mc	493817	['mesothoracic leg muscle motor neuron']
VFB_001027mb	65754	['mesothoracic leg muscle motor neuron']
VFB_001027me	493849	['metathoracic leg muscle motor neuron']
VFB_001027md	65762	['mesothoracic leg muscle motor neuron']
VFB_001027ma	112855	['metathoracic leg muscle motor neuron']
VFB_001027mk	493945	['metathoracic leg muscle motor neuron']
VFB_001027mj	117000	['haltere muscle motor neuron']
VFB_001027mm	112917	['metathoracic leg muscle motor neuron']
VFB_001027ml	493961	['haltere muscle motor neuron']
VFB_001027mg	493881	['metathoracic leg muscle motor neuron']
VFB_001027mf	493865	['metathoracic leg muscle motor neuron']
VFB_001027mi	493913	['metathoracic leg muscle motor neuron']
VFB_001027mh	493897	['mesothoracic leg muscle motor neuron']
VFB_001027ms	494080	['metathoracic leg muscle motor neuron']
VFB_001027o5	495198	['prothoracic leg muscle motor neuron']
VFB_001027mr	82231	['metathoracic leg muscle motor neuron']
VFB_001027o4	487	['prothoracic leg muscle motor neuron']
VFB_001027mu	96571	['metathoracic leg muscle motor neuron']
VFB_001027o7	495239	['prothoracic leg muscle motor neuron']
VFB_001027mt	494098	['metathoracic leg muscle motor neuron']
VFB_001027o6	113135	['metathoracic leg muscle motor neuron']
VFB_001027mo	494009	['metathoracic leg muscle motor neuron']
VFB_001027o1	495122	['prothoracic leg muscle motor neuron']
VFB_001027mn	96534	['metathoracic leg muscle motor neuron']
VFB_001027o0	495098	['prothoracic leg muscle motor neuron']
VFB_001027mq	494048	['metathoracic leg muscle motor neuron']
VFB_001027o3	495164	['metathoracic leg muscle motor neuron']
VFB_001027mp	494025	['metathoracic leg muscle motor neuron']
VFB_001027o2	113123	['metathoracic leg muscle motor neuron']
VFB_001027k9	15498	['adult dorsal prothoracic nerve neck motor neuron']
VFB_001027k8	492385	['neck muscle motor neuron of VNC']
VFB_001027k7	492351	['adult sensory neuron']
VFB_001027l2	492942	['metathoracic leg muscle motor neuron']
VFB_001027l1	18454	['flight muscle motor neuron']
VFB_001027l4	12320	['prothoracic leg muscle motor neuron']
VFB_001027l3	492960	['mesothoracic leg muscle motor neuron']
VFB_001027l0	492896	['flight muscle motor neuron']
VFB_001027l9	116838	['haltere muscle motor neuron']
VFB_001027l6	10298	['prothoracic leg muscle motor neuron']
VFB_001027l5	69672	['mesothoracic leg muscle motor neuron']
VFB_001027l8	493055	['mesothoracic leg muscle motor neuron']
VFB_001027l7	106569	['metathoracic leg muscle motor neuron']
VFB_001027ka	492425	['adult dorsal prothoracic nerve neck motor neuron']
VFB_001027kc	15516	['adult dorsal prothoracic nerve neck motor neuron']
VFB_001027kb	15510	['adult dorsal prothoracic nerve neck motor neuron']
VFB_001027ki	10828	['adult dorsal prothoracic nerve neck motor neuron']
VFB_001027kh	3787	['adult dorsal prothoracic nerve neck motor neuron']
VFB_001027kk	492598	['adult dorsal prothoracic nerve neck motor neuron']
VFB_001027kj	3792	['adult dorsal prothoracic nerve neck motor neuron']
VFB_001027ke	492501	['adult dorsal prothoracic nerve neck motor neuron']
VFB_001027kd	10679	['adult dorsal prothoracic nerve neck motor neuron']
VFB_001027kg	3005	['adult dorsal prothoracic nerve neck motor neuron']
VFB_001027kf	492519	['adult dorsal prothoracic nerve neck motor neuron']
VFB_001027kq	76007	['neck muscle motor neuron of VNC']
VFB_001027m3	493666	['metathoracic leg muscle motor neuron']
VFB_001027kp	492690	['neck muscle motor neuron of VNC']
VFB_001027m2	493645	['motor neuron of adult dorsal prothoracic nerve', 'prothoracic leg muscle motor neuron']
VFB_001027ks	13169	['adult dorsal prothoracic nerve neck motor neuron']
VFB_001027m5	112831	['metathoracic leg muscle motor neuron']
VFB_001027kr	492721	['adult dorsal prothoracic nerve neck motor neuron']
VFB_001027m4	493684	['mesothoracic leg muscle motor neuron']
VFB_001027km	13018	['adult dorsal prothoracic nerve neck motor neuron']
VFB_001027kl	13012	['adult dorsal prothoracic nerve neck motor neuron']
VFB_001027ko	21086	['adult dorsal prothoracic nerve neck motor neuron']
VFB_001027m1	69815	['mesothoracic leg muscle motor neuron']
VFB_001027kn	3802	['adult dorsal prothoracic nerve neck motor neuron']
VFB_001027m0	18616	['mesothoracic leg muscle motor neuron']
VFB_001029a1	123110	['adult prosternal chordotonal organ neuron']
VFB_001029a0	669229	['adult prosternal chordotonal organ neuron']
VFB_001029a3	123125	['adult prosternal chordotonal organ neuron']
VFB_001029a2	669264	['adult prosternal chordotonal organ neuron']
VFB_001028zo	3817	['adult dorsal prothoracic nerve neck motor neuron']
VFB_001028zn	621036	['neck muscle motor neuron of VNC']
VFB_001028zq	3787	['adult dorsal prothoracic nerve neck motor neuron']
VFB_001028zp	21086	['adult dorsal prothoracic nerve neck motor neuron']
VFB_001028zm	13957	['neck muscle motor neuron of VNC']
VFB_001028zw	624773	['adult dorsal prothoracic nerve neck motor neuron']
VFB_001028zv	11001	['adult dorsal prothoracic nerve neck motor neuron']
VFB_001028zy	624805	['adult prothoracic multinerve neuron']
VFB_001028zx	624789	['adult dorsal prothoracic nerve neck motor neuron']
VFB_001028zs	624708	['adult dorsal prothoracic nerve neck motor neuron']
VFB_001028zr	10828	['adult dorsal prothoracic nerve neck motor neuron']
VFB_001028zu	2231	['adult dorsal prothoracic nerve neck motor neuron']
VFB_001028zt	11126	['adult dorsal prothoracic nerve neck motor neuron']
VFB_001028zz	11439	['adult prothoracic multinerve neuron']
VFB_001028ny	588146	['prothoracic leg muscle motor neuron']
VFB_001028la	564075	['adult CNS neuron']
VFB_001028lc	102911	['adult VNC neuron']
VFB_001028lb	83592	['adult VNC neuron']
VFB_001028li	244638	['adult CNS neuron']
VFB_001028lh	27920	['adult CNS neuron']
VFB_001028lk	565072	['adult CNS neuron']
VFB_001028lj	104468	['adult CNS neuron']
VFB_001028le	115533	['adult CNS neuron']
VFB_001028ld	83340	['adult CNS neuron']
VFB_001028lg	564858	['adult CNS neuron']
VFB_001028lf	564602	['adult CNS neuron']
VFB_001028lp	65855	['adult CNS neuron']
VFB_001028lm	565148	['adult CNS neuron']
VFB_001028ll	565120	['adult CNS neuron']
VFB_001028lo	565204	['adult CNS neuron']
VFB_001028ln	86813	['adult CNS neuron']
VFB_001028iv	11714	['prothoracic leg muscle motor neuron']
VFB_001028iu	15679	['prothoracic leg muscle motor neuron']
VFB_001028ix	11467	['prothoracic leg muscle motor neuron']
VFB_001028iw	11338	['prothoracic leg muscle motor neuron']
VFB_001028ir	520342	['motor neuron of adult dorsal prothoracic nerve', 'prothoracic leg muscle motor neuron']
VFB_001028iq	520320	['prothoracic leg muscle motor neuron']
VFB_001028it	12735	['prothoracic leg muscle motor neuron']
VFB_001028is	520362	['prothoracic leg muscle motor neuron']
VFB_001028ja	520900	['prothoracic leg muscle motor neuron']
VFB_001028iz	520651	['prothoracic leg muscle motor neuron']
VFB_001028iy	520626	['prothoracic leg muscle motor neuron']
VFB_001028jg	11379	['motor neuron of adult dorsal prothoracic nerve', 'prothoracic leg muscle motor neuron']
VFB_001028jf	12274	['prothoracic leg muscle motor neuron']
VFB_001028ji	521053	['prothoracic leg muscle motor neuron']
VFB_001028jh	521036	['prothoracic leg muscle motor neuron']
VFB_001028jc	3822	['prothoracic leg muscle motor neuron']
VFB_001028jb	21097	['prothoracic leg muscle motor neuron']
VFB_001028je	12401	['prothoracic leg muscle motor neuron']
VFB_001028jd	48238	['prothoracic leg muscle motor neuron']
VFB_001028jn	521154	['prothoracic leg muscle motor neuron']
VFB_001028jk	521091	['prothoracic leg muscle motor neuron']
VFB_001028jj	521073	['prothoracic leg muscle motor neuron']
VFB_001028jm	521137	['prothoracic leg muscle motor neuron']
VFB_001028jl	521120	['prothoracic leg muscle motor neuron']
VFB_001028l9	30720	['adult CNS neuron']
VFB_001028kh	12968	['adult prosternal chordotonal organ neuron']
VFB_001028kg	547888	['adult prosternal chordotonal organ neuron']
VFB_001028kj	16011	['adult prosternal chordotonal organ neuron']
VFB_001028ki	10217	['adult prosternal chordotonal organ neuron']
VFB_001028kf	10212	['adult prosternal chordotonal organ neuron']
VFB_001028ke	547859	['adult prosternal chordotonal organ neuron']
VFB_001028kp	548033	['adult prosternal chordotonal organ neuron']
VFB_001028ko	548007	['adult prosternal chordotonal organ neuron']
VFB_001028kq	548046	['adult prosternal chordotonal organ neuron']
VFB_001028kl	12813	['adult prosternal chordotonal organ neuron']
VFB_001028kk	10252	['adult prosternal chordotonal organ neuron']
VFB_001028kn	547994	['adult prosternal chordotonal organ neuron']
VFB_001028km	547981	['adult prosternal chordotonal organ neuron']
VFB_001028gt	24529	['adult PNS neuron', 'adult sensory neuron', 'bristle sensory neuron']
VFB_001028i6	10780	['prothoracic leg muscle motor neuron']
VFB_001028gs	518041	['adult PNS neuron', 'adult sensory neuron', 'sensory neuron of campaniform sensillum']
VFB_001028i5	519907	['prothoracic leg muscle motor neuron']
VFB_001028gv	22498	['adult PNS neuron', 'adult sensory neuron', 'bristle sensory neuron']
VFB_001028i8	519962	['prothoracic leg muscle motor neuron']
VFB_001028gu	518067	['adult sensory neuron']
VFB_001028i7	11933	['prothoracic leg muscle motor neuron']
VFB_001028gp	518005	['adult PNS neuron', 'adult sensory neuron', 'bristle sensory neuron']
VFB_001028i2	10775	['prothoracic leg muscle motor neuron']
VFB_001028go	42928	['adult sensory neuron']
VFB_001028i1	519832	['prothoracic leg muscle motor neuron']
VFB_001028gr	518029	['adult sensory neuron']
VFB_001028i4	16025	['prothoracic leg muscle motor neuron']
VFB_001028gq	518016	['adult PNS neuron', 'adult sensory neuron', 'bristle sensory neuron']
VFB_001028i3	519870	['prothoracic leg muscle motor neuron']
VFB_001028gx	518104	['prothoracic femoral chordotonal claw neuron']
VFB_001028gw	518092	['adult sensory neuron']
VFB_001028i9	11681	['prothoracic leg muscle motor neuron']
VFB_001028gz	51197	['adult sensory neuron']
VFB_001028gy	518119	['prothoracic femoral chordotonal club neuron']
VFB_001028he	107302	['adult VNC ventral unpaired median neuron']
VFB_001028hd	519350	['adult VNC ventral unpaired median neuron']
VFB_001028hg	519412	['adult VNC ventral unpaired median neuron']
VFB_001028hf	519393	['adult VNC ventral unpaired median neuron', 'adult efferent neuron']
VFB_001028ha	9493	['adult VNC ventral unpaired median neuron']
VFB_001028hc	519332	['adult VNC ventral unpaired median neuron', 'adult efferent neuron']
VFB_001028hb	107302	['adult VNC ventral unpaired median neuron']
VFB_001028hm	73168	['adult VNC ventral unpaired median neuron']
VFB_001028hl	519525	['adult VNC ventral unpaired median neuron']
VFB_001028ho	519576	['adult VNC ventral unpaired median neuron', 'adult efferent neuron']
VFB_001028j1	520691	['prothoracic leg muscle motor neuron']
VFB_001028hn	71285	['adult VNC ventral unpaired median neuron']
VFB_001028j0	520670	['prothoracic leg muscle motor neuron']
VFB_001028hi	519473	['adult VNC ventral unpaired median neuron']
VFB_001028hh	70240	['adult VNC ventral unpaired median neuron']
VFB_001028hk	519507	['adult VNC ventral unpaired median neuron']
VFB_001028hj	72931	['adult VNC ventral unpaired median neuron']
VFB_001028hu	519698	['prothoracic leg muscle motor neuron']
VFB_001028j7	520833	['prothoracic leg muscle motor neuron']
VFB_001028ht	2179	['prothoracic leg muscle motor neuron']
VFB_001028j6	16222	['prothoracic leg muscle motor neuron']
VFB_001028hw	519736	['prothoracic leg muscle motor neuron']
VFB_001028j9	520882	['prothoracic leg muscle motor neuron']
VFB_001028hv	11656	['prothoracic leg muscle motor neuron']
VFB_001028j8	520861	['prothoracic leg muscle motor neuron']
VFB_001028hq	9493	['adult VNC ventral unpaired median neuron']
VFB_001028j3	520733	['prothoracic leg muscle motor neuron']
VFB_001028hp	9476	['adult VNC ventral unpaired median neuron', 'adult efferent neuron']
VFB_001028j2	520709	['prothoracic leg muscle motor neuron']
VFB_001028hs	519658	['prothoracic leg muscle motor neuron']
VFB_001028j5	3039	['prothoracic leg muscle motor neuron']
VFB_001028hr	519636	['prothoracic leg muscle motor neuron']
VFB_001028j4	3807	['prothoracic leg muscle motor neuron']
VFB_001028hy	10767	['prothoracic leg muscle motor neuron']
VFB_001028hx	11402	['motor neuron of adult dorsal prothoracic nerve', 'prothoracic leg muscle motor neuron']
VFB_001028hz	519795	['prothoracic leg muscle motor neuron']
VFB_001028if	2215	['prothoracic leg muscle motor neuron']
VFB_001028ie	12450	['prothoracic leg muscle motor neuron']
VFB_001028ih	520132	['prothoracic leg muscle motor neuron']
VFB_001028ig	11943	['prothoracic leg muscle motor neuron']
VFB_001028ib	520019	['prothoracic leg muscle motor neuron']
VFB_001028ia	11042	['prothoracic leg muscle motor neuron']
VFB_001028id	520054	['prothoracic leg muscle motor neuron']
VFB_001028ic	520037	['prothoracic leg muscle motor neuron']
VFB_001028in	520260	['prothoracic leg muscle motor neuron']
VFB_001028im	10801	['prothoracic leg muscle motor neuron']
VFB_001028ip	11319	['motor neuron of adult dorsal prothoracic nerve', 'prothoracic leg muscle motor neuron']
VFB_001028io	11061	['prothoracic leg muscle motor neuron']
VFB_001028ij	2219	['prothoracic leg muscle motor neuron']
VFB_001028ii	12963	['prothoracic leg muscle motor neuron']
VFB_001028il	520218	['prothoracic leg muscle motor neuron']
VFB_001028ik	10795	['prothoracic leg muscle motor neuron']
