missing terms	meta
sensory neuron	['adult sensory neuron', 'sensory neuron']
possible campaniform sensillum	['adult possible campaniform sensillum', 'possible campaniform sensillum']
skeleton	['adult skeleton neuron', 'skeleton neuron', 'adult skeleton', 'skeleton']
neck motor neuron	['neck muscle motor neuron', 'adult neck motor neuron', 'neck motor neuron']
motor neuron	['adult motor neuron', 'motor neuron']
right soma	['adult right soma', 'right soma']
left soma	['adult left soma', 'left soma']
posterior soma	['adult posterior soma', 'posterior soma']
leaves through damage	['adult leaves through damage', 'leaves through damage']
left-right homologs 10299 & 11944	['adult left-right homologs 10299 & 11944', 'left-right homologs 10299 & 11944', 'adult left-homologs 10299 & 11944', 'left-homologs 10299 & 11944']
haltere motor neuron	['haltere muscle motor neuron', 'adult haltere motor neuron', 'haltere motor neuron']
left-right homologs 83815 & 12402	['adult left-right homologs 83815 & 12402', 'adult left-homologs 83815 & 12402', 'left-right homologs 83815 & 12402', 'left-homologs 83815 & 12402']
left-right homologs 476 & 2180	['adult left-right homologs 476 & 2180', 'left-right homologs 476 & 2180', 'adult left-homologs 476 & 2180', 'left-homologs 476 & 2180']
left-right homologs 10372 & 10802	['adult left-right homologs 10372 & 10802', 'adult left-homologs 10372 & 10802', 'left-right homologs 10372 & 10802', 'left-homologs 10372 & 10802']
left-right homologs 10377 & 3808	['adult left-right homologs 10377 & 3808', 'adult left-homologs 10377 & 3808', 'left-right homologs 10377 & 3808', 'left-homologs 10377 & 3808']
left-right homologs 8992 & 12425	['adult left-right homologs 8992 & 12425', 'adult left-homologs 8992 & 12425', 'left-right homologs 8992 & 12425', 'left-homologs 8992 & 12425']
left-right homologs 42036 & 18572	['adult left-right homologs 42036 & 18572', 'adult left-homologs 42036 & 18572', 'left-right homologs 42036 & 18572', 'left-homologs 42036 & 18572']
left-right homologs 10393 & 12767	['adult left-right homologs 10393 & 12767', 'left-right homologs 10393 & 12767', 'adult left-homologs 10393 & 12767', 'left-homologs 10393 & 12767']
left-right homologs 10223 & 2212	['adult left-right homologs 10223 & 2212', 'adult left-homologs 10223 & 2212', 'left-right homologs 10223 & 2212', 'left-homologs 10223 & 2212']
left-right homologs 10407 & 12822	['adult left-right homologs 10407 & 12822', 'left-right homologs 10407 & 12822', 'adult left-homologs 10407 & 12822', 'left-homologs 10407 & 12822']
left-right homologs 9888 & 2216	['adult left-right homologs 9888 & 2216', 'adult left-homologs 9888 & 2216', 'left-right homologs 9888 & 2216', 'left-homologs 9888 & 2216']
left-right homologs 9878 & 2220	['adult left-right homologs 9878 & 2220', 'left-right homologs 9878 & 2220', 'adult left-homologs 9878 & 2220', 'left-homologs 9878 & 2220']
left-right homologs 10414 & 48239	['adult left-right homologs 10414 & 48239', 'left-right homologs 10414 & 48239', 'adult left-homologs 10414 & 48239', 'left-homologs 10414 & 48239']
left-right homologs 10424 & 16223	['adult left-right homologs 10424 & 16223', 'left-right homologs 10424 & 16223', 'adult left-homologs 10424 & 16223', 'left-homologs 10424 & 16223']
left-right homologs 13031 & 2236	['adult left-right homologs 13031 & 2236', 'adult left-homologs 13031 & 2236', 'left-right homologs 13031 & 2236', 'left-homologs 13031 & 2236']
left-right homologs 11817 & 8565	['adult left-right homologs 11817 & 8565', 'left-right homologs 11817 & 8565', 'adult left-homologs 11817 & 8565', 'left-homologs 11817 & 8565']
contains presynapses	['adult contains presynapses', 'contains presynapses']
left-right homologs 9746 & 16765	['adult left-right homologs 9746 & 16765', 'adult left-homologs 9746 & 16765', 'left-right homologs 9746 & 16765', 'left-homologs 9746 & 16765']
left-right homologs 9207 & 16770	['adult left-right homologs 9207 & 16770', 'left-right homologs 9207 & 16770', 'adult left-homologs 9207 & 16770', 'left-homologs 9207 & 16770']
left-right homologs 15084 & 70020	['adult left-right homologs 15084 & 70020', 'adult left-homologs 15084 & 70020', 'left-right homologs 15084 & 70020', 'left-homologs 15084 & 70020']
left-right homologs 12262 & 16802	['adult left-right homologs 12262 & 16802', 'left-right homologs 12262 & 16802', 'adult left-homologs 12262 & 16802', 'left-homologs 12262 & 16802']
left-right homologs 492 & 12708	['adult left-right homologs 492 & 12708', 'adult left-homologs 492 & 12708', 'left-right homologs 492 & 12708', 'left-homologs 492 & 12708']
left-right homologs 16811 & 16218	['adult left-right homologs 16811 & 16218', 'adult left-homologs 16811 & 16218', 'left-right homologs 16811 & 16218', 'left-homologs 16811 & 16218']
left-right homologs 464 & 3823	['adult left-right homologs 464 & 3823', 'left-right homologs 464 & 3823', 'adult left-homologs 464 & 3823', 'left-homologs 464 & 3823']
top NBLAST hit for 22A08-Gal4	['adult top NBLAST hit for 22A08-Gal4', 'top NBLAST hit for 22A08-Gal4']
second NBLAST hit for 81A07-Gal4	['adult second NBLAST hit for 81A07-Gal4', 'second NBLAST hit for 81A07-Gal4']
left-right homologs 468 & 15680	['adult left-right homologs 468 & 15680', 'adult left-homologs 468 & 15680', 'left-right homologs 468 & 15680', 'left-homologs 468 & 15680']
left-right homologs 472 & 16026	['adult left-right homologs 472 & 16026', 'adult left-homologs 472 & 16026', 'left-right homologs 472 & 16026', 'left-homologs 472 & 16026']
left-right homologs 16857 & 11380	['adult left-right homologs 16857 & 11380', 'adult left-homologs 16857 & 11380', 'left-right homologs 16857 & 11380', 'left-homologs 16857 & 11380']
left-right homologs 480 & 11285	['adult left-right homologs 480 & 11285', 'left-right homologs 480 & 11285', 'adult left-homologs 480 & 11285', 'left-homologs 480 & 11285']
left-right homologs 484 & 10781	['adult left-right homologs 484 & 10781', 'adult left-homologs 484 & 10781', 'left-right homologs 484 & 10781', 'left-homologs 484 & 10781']
left-right homologs 488 & 10971	['adult left-right homologs 488 & 10971', 'adult left-homologs 488 & 10971', 'left-right homologs 488 & 10971', 'left-homologs 488 & 10971']
top NBLAST hit for 56H01-LexA	['adult top NBLAST hit for 56H01-LexA', 'top NBLAST hit for 56H01-LexA']
left-right homologs 9005 & 12786	['adult left-right homologs 9005 & 12786', 'adult left-homologs 9005 & 12786', 'left-right homologs 9005 & 12786', 'left-homologs 9005 & 12786']
left-right homologs 11787 & 6654	['adult left-right homologs 11787 & 6654', 'adult left-homologs 11787 & 6654', 'left-right homologs 11787 & 6654', 'left-homologs 11787 & 6654']
left-right homologs 9191 & 12803	['adult left-right homologs 9191 & 12803', 'adult left-homologs 9191 & 12803', 'left-right homologs 9191 & 12803', 'left-homologs 9191 & 12803']
left-right homologs 9557 & 10768	['adult left-right homologs 9557 & 10768', 'left-right homologs 9557 & 10768', 'adult left-homologs 9557 & 10768', 'left-homologs 9557 & 10768']
left-right homologs 9001 & 10776	['adult left-right homologs 9001 & 10776', 'adult left-homologs 9001 & 10776', 'left-right homologs 9001 & 10776', 'left-homologs 9001 & 10776']
left-right homologs 10208 & 10796	['adult left-right homologs 10208 & 10796', 'adult left-homologs 10208 & 10796', 'left-right homologs 10208 & 10796', 'left-homologs 10208 & 10796']
left-right homologs 2714 & 6718	['adult left-right homologs 2714 & 6718', 'left-right homologs 2714 & 6718', 'adult left-homologs 2714 & 6718', 'left-homologs 2714 & 6718']
top NBLAST hit for 81A07-Gal4	['adult top NBLAST hit for 81A07-Gal4', 'top NBLAST hit for 81A07-Gal4']
left-right homologs 581 & 11172	['adult left-right homologs 581 & 11172', 'adult left-homologs 581 & 11172', 'left-right homologs 581 & 11172', 'left-homologs 581 & 11172']
left-right homologs 9755 & 10841	['adult left-right homologs 9755 & 10841', 'left-right homologs 9755 & 10841', 'adult left-homologs 9755 & 10841', 'left-homologs 9755 & 10841']
left-right homologs 74336 & 73083	['adult left-right homologs 74336 & 73083', 'left-right homologs 74336 & 73083', 'adult left-homologs 74336 & 73083', 'left-homologs 74336 & 73083']
left-right homologs 70277 & 70316	['adult left-right homologs 70277 & 70316', 'left-right homologs 70277 & 70316', 'adult left-homologs 70277 & 70316', 'left-homologs 70277 & 70316']
left-right homologs 9709 & 12964	['adult left-right homologs 9709 & 12964', 'adult left-homologs 9709 & 12964', 'left-right homologs 9709 & 12964', 'left-homologs 9709 & 12964']
left-right homologs 13025 & 11403	['adult left-right homologs 13025 & 11403', 'adult left-homologs 13025 & 11403', 'left-right homologs 13025 & 11403', 'left-homologs 13025 & 11403']
left-right homologs 9867 & 10986	['adult left-right homologs 9867 & 10986', 'left-right homologs 9867 & 10986', 'adult left-homologs 9867 & 10986', 'left-homologs 9867 & 10986']
left-right homologs 13036 & 11320	['adult left-right homologs 13036 & 11320', 'left-right homologs 13036 & 11320', 'adult left-homologs 13036 & 11320', 'left-homologs 13036 & 11320']
left-right homologs 11802 & 11011	['adult left-right homologs 11802 & 11011', 'left-right homologs 11802 & 11011', 'adult left-homologs 11802 & 11011', 'left-homologs 11802 & 11011']
second NBLAST hit for 56H01-LexA	['adult second NBLAST hit for 56H01-LexA', 'second NBLAST hit for 56H01-LexA']
left-right homologs 74869 & 11052	['adult left-right homologs 74869 & 11052', 'adult left-homologs 74869 & 11052', 'left-right homologs 74869 & 11052', 'left-homologs 74869 & 11052']
ascending neuron	['adult ascending neuron', 'ascending neuron']
bilateral	['adult bilateral neuron', 'bilateral neuron', 'adult bilateral', 'bilateral']
left-right homologs 9009 & 11182	['adult left-right homologs 9009 & 11182', 'adult left-homologs 9009 & 11182', 'left-right homologs 9009 & 11182', 'left-homologs 9009 & 11182']
left-right homologs 9552 & 11062	['adult left-right homologs 9552 & 11062', 'adult left-homologs 9552 & 11062', 'left-right homologs 9552 & 11062', 'left-homologs 9552 & 11062']
left-right homologs 9025 & 3838	['adult left-right homologs 9025 & 3838', 'adult left-homologs 9025 & 3838', 'left-right homologs 9025 & 3838', 'left-homologs 9025 & 3838']
left-right homologs 9029 & 11468	['adult left-right homologs 9029 & 11468', 'adult left-homologs 9029 & 11468', 'left-right homologs 9029 & 11468', 'left-homologs 9029 & 11468']
left-right homologs 189382 & 193447	['adult left-right homologs 189382 & 193447', 'left-right homologs 189382 & 193447', 'adult left-homologs 189382 & 193447', 'left-homologs 189382 & 193447']
left-right homologs 9630 & 11213	['adult left-right homologs 9630 & 11213', 'adult left-homologs 9630 & 11213', 'left-right homologs 9630 & 11213', 'left-homologs 9630 & 11213']
left-right homologs 9171 & 3833	['adult left-right homologs 9171 & 3833', 'left-right homologs 9171 & 3833', 'adult left-homologs 9171 & 3833', 'left-homologs 9171 & 3833']
top NBLAST hit for 21G01-LexA	['adult top NBLAST hit for 21G01-LexA', 'top NBLAST hit for 21G01-LexA']
left-right homologs 9175 & 16185	['adult left-right homologs 9175 & 16185', 'left-right homologs 9175 & 16185', 'adult left-homologs 9175 & 16185', 'left-homologs 9175 & 16185']
left-right homologs 9797 & 3040	['adult left-right homologs 9797 & 3040', 'adult left-homologs 9797 & 3040', 'left-right homologs 9797 & 3040', 'left-homologs 9797 & 3040']
left-right homologs 9187 & 11934	['adult left-right homologs 9187 & 11934', 'adult left-homologs 9187 & 11934', 'left-right homologs 9187 & 11934', 'left-homologs 9187 & 11934']
left-right homologs 70636 & 73112	['adult left-right homologs 70636 & 73112', 'left-right homologs 70636 & 73112', 'adult left-homologs 70636 & 73112', 'left-homologs 70636 & 73112']
left-right homologs 11792 & 17387	['adult left-right homologs 11792 & 17387', 'left-right homologs 11792 & 17387', 'adult left-homologs 11792 & 17387', 'left-homologs 11792 & 17387']
figure	['adult figure neuron', 'figure neuron', 'adult figure', 'figure']
second NBLAST hit for 35C09-Gal4	['adult second NBLAST hit for 35C09-Gal4', 'second NBLAST hit for 35C09-Gal4']
left-right homologs 12257 & 11339	['adult left-right homologs 12257 & 11339', 'adult left-homologs 12257 & 11339', 'left-right homologs 12257 & 11339', 'left-homologs 12257 & 11339']
left-right homologs 9687 & 11392	['adult left-right homologs 9687 & 11392', 'adult left-homologs 9687 & 11392', 'left-right homologs 9687 & 11392', 'left-homologs 9687 & 11392']
left-right homologs 9929 & 11413	['adult left-right homologs 9929 & 11413', 'adult left-homologs 9929 & 11413', 'left-right homologs 9929 & 11413', 'left-homologs 9929 & 11413']
cell type deduced by homology	['adult cell type deduced by homology', 'cell type deduced by homology']
possible left-right homologs 75010 & 71200	['adult possible left-right homologs 75010 & 71200', 'adult possible left-homologs 75010 & 71200', 'possible left-right homologs 75010 & 71200', 'possible left-homologs 75010 & 71200']
possible left-right homologs 75014 & 71238	['adult possible left-right homologs 75014 & 71238', 'adult possible left-homologs 75014 & 71238', 'possible left-right homologs 75014 & 71238', 'possible left-homologs 75014 & 71238']
left-right homologs 9862 & 11597	['adult left-right homologs 9862 & 11597', 'adult left-homologs 9862 & 11597', 'left-right homologs 9862 & 11597', 'left-homologs 9862 & 11597']
left-right homologs 9857 & 11657	['adult left-right homologs 9857 & 11657', 'adult left-homologs 9857 & 11657', 'left-right homologs 9857 & 11657', 'left-homologs 9857 & 11657']
top NBLAST hit for 35C09-Gal4	['adult top NBLAST hit for 35C09-Gal4', 'top NBLAST hit for 35C09-Gal4']
left-right homologs 11797 & 11682	['adult left-right homologs 11797 & 11682', 'left-right homologs 11797 & 11682', 'adult left-homologs 11797 & 11682', 'left-homologs 11797 & 11682']
left-right homologs 9935 & 11715	['adult left-right homologs 9935 & 11715', 'adult left-homologs 9935 & 11715', 'left-right homologs 9935 & 11715', 'left-homologs 9935 & 11715']
third NBLAST hit for 35C09-Gal4	['adult third NBLAST hit for 35C09-Gal4', 'third NBLAST hit for 35C09-Gal4']
left-right homologs 9883 & 12239	['adult left-right homologs 9883 & 12239', 'adult left-homologs 9883 & 12239', 'left-right homologs 9883 & 12239', 'left-homologs 9883 & 12239']
left-right homologs 9899 & 12275	['adult left-right homologs 9899 & 12275', 'left-right homologs 9899 & 12275', 'adult left-homologs 9899 & 12275', 'left-homologs 9899 & 12275']
left-right homologs 12243 & 16242	['adult left-right homologs 12243 & 16242', 'adult left-homologs 12243 & 16242', 'left-right homologs 12243 & 16242', 'left-homologs 12243 & 16242']
second NBLAST hit for 21G01-LexA	['adult second NBLAST hit for 21G01-LexA', 'second NBLAST hit for 21G01-LexA']
possible nonoblique campaniform sensillum	['adult possible nonoblique campaniform sensillum', 'possible nonoblique campaniform sensillum']
T1 leg sensory neuron unclassified subtype	['adult prothoracic leg sensory neuron unclassified subtype', 'prothoracic leg sensory neuron unclassified subtype', 'adult T1 leg sensory neuron unclassified subtype', 'T1 leg sensory neuron unclassified subtype']
left T1 posterior edge	['adult left prothoracic posterior edge', 'adult prothoracic posterior edge', 'left prothoracic posterior edge', 'adult left T1 posterior edge', 'prothoracic posterior edge', 'adult T1 posterior edge', 'left T1 posterior edge', 'T1 posterior edge']
bristle	['adult bristle neuron', 'bristle neuron', 'adult bristle', 'bristle']
left T1 ventral edge	['adult left prothoracic ventral edge', 'adult prothoracic ventral edge', 'left prothoracic ventral edge', 'adult left T1 ventral edge', 'prothoracic ventral edge', 'adult T1 ventral edge', 'left T1 ventral edge', 'T1 ventral edge']
possible stretch receptor	['adult possible stretch receptor', 'possible stretch receptor']
enveloping	['adult enveloping neuron', 'enveloping neuron', 'adult enveloping', 'enveloping']
Neuron 106559	['adult Neuron 106559', 'Neuron 106559']
chordotonal neuron	['adult chordotonal neuron', 'chordotonal neuron']
T1 leg chordotonal neuron unclassified subtype	['adult prothoracic leg chordotonal neuron unclassified subtype', 'prothoracic leg chordotonal neuron unclassified subtype', 'adult T1 leg chordotonal neuron unclassified subtype', 'T1 leg chordotonal neuron unclassified subtype']
left T1 anterior edge	['adult left prothoracic anterior edge', 'adult prothoracic anterior edge', 'left prothoracic anterior edge', 'adult left T1 anterior edge', 'prothoracic anterior edge', 'adult T1 anterior edge', 'left T1 anterior edge', 'T1 anterior edge']
ventral bifurcator	['adult ventral bifurcator', 'ventral bifurcator']
efferent neuron	['adult efferent neuron', 'efferent neuron']
left-right homologs 12916 & 69998	['adult left-right homologs 12916 & 69998', 'left-right homologs 12916 & 69998', 'adult left-homologs 12916 & 69998', 'left-homologs 12916 & 69998']
peripherally synapsing interneuron	['adult peripherally synapsing interneuron', 'peripherally synapsing interneuron']
bCS figure	['adult bCS figure', 'bCS figure']
Neuron 103139	['adult Neuron 103139', 'Neuron 103139']
CoHP3	['adult CoHP3 neuron', 'CoHP3 neuron', 'adult CoHP3', 'CoHP3']
possible hair plate	['adult possible hair plate', 'possible hair plate']
T1 leg ascending chordotonal neuron	['adult prothoracic leg ascending chordotonal neuron', 'prothoracic leg ascending chordotonal neuron', 'adult T1 leg ascending chordotonal neuron', 'T1 leg ascending chordotonal neuron']
sensory neuron unclassified subtype	['adult sensory neuron unclassified subtype', 'sensory neuron unclassified subtype']
possible chordotonal neuron	['adult possible chordotonal neuron', 'possible chordotonal neuron']
possible tibia chordotonal neuron	['adult possible tibia chordotonal neuron', 'possible tibia chordotonal neuron']
Neuron 115437	['adult Neuron 115437', 'Neuron 115437']
Neuron 115426	['adult Neuron 115426', 'Neuron 115426']
CoHP4	['adult CoHP4 neuron', 'CoHP4 neuron', 'adult CoHP4', 'CoHP4']
T1 leg DUM neuron	['prothoracic leg dorsal unpaired median neuron', 'T1 leg dorsal unpaired median neuron', 'adult prothoracic leg DUM neuron', 'prothoracic leg DUM neuron', 'adult T1 leg DUM neuron', 'T1 leg DUM neuron']
T2 leg DUM neuron	['mesothoracic leg dorsal unpaired median neuron', 'T2 leg dorsal unpaired median neuron', 'adult mesothoracic leg DUM neuron', 'mesothoracic leg DUM neuron', 'adult T2 leg DUM neuron', 'T2 leg DUM neuron']
wing DUM neuron	['flight dorsal unpaired median neuron', 'wing dorsal unpaired median neuron', 'adult flight DUM neuron', 'adult wing DUM neuron', 'flight DUM neuron', 'wing DUM neuron']
neck DUM neuron	['neck dorsal unpaired median neuron', 'adult neck DUM neuron', 'neck DUM neuron']
T3 leg DUM neuron	['metathoracic leg dorsal unpaired median neuron', 'T3 leg dorsal unpaired median neuron', 'adult metathoracic leg DUM neuron', 'metathoracic leg DUM neuron', 'adult T3 leg DUM neuron', 'T3 leg DUM neuron']
haltere DUM neuron	['haltere dorsal unpaired median neuron', 'adult haltere DUM neuron', 'haltere DUM neuron']
left-right flipped	['adult left-right flipped', 'adult left-flipped', 'left-right flipped', 'left-flipped']
neck chordotonal neuron	['adult neck chordotonal neuron', 'neck chordotonal neuron']
FeCS11-9	['adult FeCS11-9 neuron', 'FeCS11-9 neuron', 'adult FeCS11-9', 'FeCS11-9']
midline soma	['adult midline soma', 'midline soma']
needs review	['adult needs review', 'needs review']
pruned	['adult pruned neuron', 'pruned neuron', 'adult pruned', 'pruned']
pruned to nodes with radius 500	['adult pruned to nodes with radius 500', 'pruned to nodes with radius 500']
left T3 leg nerve	['adult left metathoracic leg nerve', 'adult metathoracic leg nerve', 'left metathoracic leg nerve', 'adult left T3 leg nerve', 'metathoracic leg nerve', 'adult T3 leg nerve', 'left T3 leg nerve', 'T3 leg nerve']
neck motor neuron C1 bundle	['neck muscle motor neuron C1 bundle', 'adult neck motor neuron C1 bundle', 'neck motor neuron C1 bundle']
left cervical nerve	['adult left cervical nerve', 'adult cervical nerve', 'left cervical nerve', 'cervical nerve']
neck motor neuron D bundle	['neck muscle motor neuron D bundle', 'adult neck motor neuron D bundle', 'neck motor neuron D bundle']
right cervical nerve	['adult right cervical nerve', 'adult cervical nerve', 'right cervical nerve', 'cervical nerve']
wing motor neuron A9 bundle	['flight muscle motor neuron A9 bundle', 'adult flight motor neuron A9 bundle', 'wing muscle motor neuron A9 bundle', 'adult wing motor neuron A9 bundle', 'flight motor neuron A9 bundle', 'wing motor neuron A9 bundle']
left T2 accessory nerve	['adult left mesothoracic accessory nerve', 'adult mesothoracic accessory nerve', 'left mesothoracic accessory nerve', 'adult left T2 accessory nerve', 'mesothoracic accessory nerve', 'adult T2 accessory nerve', 'left T2 accessory nerve', 'T2 accessory nerve']
T2 leg motor neuron L1 bundle	['mesothoracic leg muscle motor neuron L1 bundle', 'adult mesothoracic leg motor neuron L1 bundle', 'mesothoracic leg motor neuron L1 bundle', 'T2 leg muscle motor neuron L1 bundle', 'adult T2 leg motor neuron L1 bundle', 'T2 leg motor neuron L1 bundle']
left T2 leg nerve	['adult left mesothoracic leg nerve', 'adult mesothoracic leg nerve', 'left mesothoracic leg nerve', 'adult left T2 leg nerve', 'mesothoracic leg nerve', 'adult T2 leg nerve', 'left T2 leg nerve', 'T2 leg nerve']
wing motor neuron A10 bundle	['flight muscle motor neuron A10 bundle', 'adult flight motor neuron A10 bundle', 'wing muscle motor neuron A10 bundle', 'adult wing motor neuron A10 bundle', 'flight motor neuron A10 bundle', 'wing motor neuron A10 bundle']
wing motor neuron A8 bundle	['flight muscle motor neuron A8 bundle', 'adult flight motor neuron A8 bundle', 'wing muscle motor neuron A8 bundle', 'adult wing motor neuron A8 bundle', 'flight motor neuron A8 bundle', 'wing motor neuron A8 bundle']
T3 leg motor neuron tbd bundle	['metathoracic leg muscle motor neuron tbd bundle', 'adult metathoracic leg motor neuron tbd bundle', 'metathoracic leg motor neuron tbd bundle', 'T3 leg muscle motor neuron tbd bundle', 'adult T3 leg motor neuron tbd bundle', 'T3 leg motor neuron tbd bundle']
T1 leg motor neuron V3 bundle	['prothoracic leg muscle motor neuron V3 bundle', 'adult prothoracic leg motor neuron V3 bundle', 'prothoracic leg motor neuron V3 bundle', 'T1 leg muscle motor neuron V3 bundle', 'adult T1 leg motor neuron V3 bundle', 'T1 leg motor neuron V3 bundle']
T1 leg motor neuron A2 bundle	['prothoracic leg muscle motor neuron A2 bundle', 'adult prothoracic leg motor neuron A2 bundle', 'prothoracic leg motor neuron A2 bundle', 'T1 leg muscle motor neuron A2 bundle', 'adult T1 leg motor neuron A2 bundle', 'T1 leg motor neuron A2 bundle']
left T1 accessory nerve	['adult left prothoracic accessory nerve', 'adult prothoracic accessory nerve', 'left prothoracic accessory nerve', 'adult left T1 accessory nerve', 'prothoracic accessory nerve', 'adult T1 accessory nerve', 'left T1 accessory nerve', 'T1 accessory nerve']
T3 leg motor neuron L14 bundle	['metathoracic leg muscle motor neuron L14 bundle', 'adult metathoracic leg motor neuron L14 bundle', 'metathoracic leg motor neuron L14 bundle', 'T3 leg muscle motor neuron L14 bundle', 'adult T3 leg motor neuron L14 bundle', 'T3 leg motor neuron L14 bundle']
T2 leg motor neuron L6 bundle	['mesothoracic leg muscle motor neuron L6 bundle', 'adult mesothoracic leg motor neuron L6 bundle', 'mesothoracic leg motor neuron L6 bundle', 'T2 leg muscle motor neuron L6 bundle', 'adult T2 leg motor neuron L6 bundle', 'T2 leg motor neuron L6 bundle']
left first abdominal nerve	['adult left first abdominal nerve', 'adult first abdominal nerve', 'left first abdominal nerve', 'first abdominal nerve']
haltere motor neuron T3 H1 bundle	['haltere muscle motor neuron metathoracic H1 bundle', 'adult haltere motor neuron metathoracic H1 bundle', 'haltere motor neuron metathoracic H1 bundle', 'haltere muscle motor neuron T3 H1 bundle', 'adult haltere motor neuron T3 H1 bundle', 'haltere motor neuron T3 H1 bundle']
right T2 leg nerve	['adult right mesothoracic leg nerve', 'right mesothoracic leg nerve', 'adult mesothoracic leg nerve', 'adult right T2 leg nerve', 'mesothoracic leg nerve', 'adult T2 leg nerve', 'right T2 leg nerve', 'T2 leg nerve']
T1 leg motor neuron L1 bundle	['prothoracic leg muscle motor neuron L1 bundle', 'adult prothoracic leg motor neuron L1 bundle', 'prothoracic leg motor neuron L1 bundle', 'T1 leg muscle motor neuron L1 bundle', 'adult T1 leg motor neuron L1 bundle', 'T1 leg motor neuron L1 bundle']
right T1 leg nerve	['adult right prothoracic leg nerve', 'right prothoracic leg nerve', 'adult prothoracic leg nerve', 'adult right T1 leg nerve', 'prothoracic leg nerve', 'adult T1 leg nerve', 'right T1 leg nerve', 'T1 leg nerve']
T2 leg motor neuron L7 bundle	['mesothoracic leg muscle motor neuron L7 bundle', 'adult mesothoracic leg motor neuron L7 bundle', 'mesothoracic leg motor neuron L7 bundle', 'T2 leg muscle motor neuron L7 bundle', 'adult T2 leg motor neuron L7 bundle', 'T2 leg motor neuron L7 bundle']
T1 leg motor neuron V6 bundle	['prothoracic leg muscle motor neuron V6 bundle', 'adult prothoracic leg motor neuron V6 bundle', 'prothoracic leg motor neuron V6 bundle', 'T1 leg muscle motor neuron V6 bundle', 'adult T1 leg motor neuron V6 bundle', 'T1 leg motor neuron V6 bundle']
T1 leg motor neuron V1 bundle	['prothoracic leg muscle motor neuron V1 bundle', 'adult prothoracic leg motor neuron V1 bundle', 'prothoracic leg motor neuron V1 bundle', 'T1 leg muscle motor neuron V1 bundle', 'adult T1 leg motor neuron V1 bundle', 'T1 leg motor neuron V1 bundle']
T2 leg motor neuron L12 bundle	['mesothoracic leg muscle motor neuron L12 bundle', 'adult mesothoracic leg motor neuron L12 bundle', 'mesothoracic leg motor neuron L12 bundle', 'T2 leg muscle motor neuron L12 bundle', 'adult T2 leg motor neuron L12 bundle', 'T2 leg motor neuron L12 bundle']
left T1 leg nerve	['adult left prothoracic leg nerve', 'adult prothoracic leg nerve', 'left prothoracic leg nerve', 'adult left T1 leg nerve', 'prothoracic leg nerve', 'adult T1 leg nerve', 'left T1 leg nerve', 'T1 leg nerve']
T1 leg motor neuron V4 bundle	['prothoracic leg muscle motor neuron V4 bundle', 'adult prothoracic leg motor neuron V4 bundle', 'prothoracic leg motor neuron V4 bundle', 'T1 leg muscle motor neuron V4 bundle', 'adult T1 leg motor neuron V4 bundle', 'T1 leg motor neuron V4 bundle']
T1 leg motor neuron A3 bundle	['prothoracic leg muscle motor neuron A3 bundle', 'adult prothoracic leg motor neuron A3 bundle', 'prothoracic leg motor neuron A3 bundle', 'T1 leg muscle motor neuron A3 bundle', 'adult T1 leg motor neuron A3 bundle', 'T1 leg motor neuron A3 bundle']
right T1 accessory nerve	['adult right prothoracic accessory nerve', 'adult prothoracic accessory nerve', 'right prothoracic accessory nerve', 'adult right T1 accessory nerve', 'prothoracic accessory nerve', 'adult T1 accessory nerve', 'right T1 accessory nerve', 'T1 accessory nerve']
T3 leg motor neuron L15 bundle	['metathoracic leg muscle motor neuron L15 bundle', 'adult metathoracic leg motor neuron L15 bundle', 'metathoracic leg motor neuron L15 bundle', 'T3 leg muscle motor neuron L15 bundle', 'adult T3 leg motor neuron L15 bundle', 'T3 leg motor neuron L15 bundle']
right T3 leg nerve	['adult right metathoracic leg nerve', 'adult metathoracic leg nerve', 'right metathoracic leg nerve', 'adult right T3 leg nerve', 'metathoracic leg nerve', 'right T3 leg nerve', 'adult T3 leg nerve', 'T3 leg nerve']
T3 leg motor neuron L1 bundle	['metathoracic leg muscle motor neuron L1 bundle', 'adult metathoracic leg motor neuron L1 bundle', 'metathoracic leg motor neuron L1 bundle', 'T3 leg muscle motor neuron L1 bundle', 'adult T3 leg motor neuron L1 bundle', 'T3 leg motor neuron L1 bundle']
T1 leg motor neuron D1 bundle	['prothoracic leg muscle motor neuron D1 bundle', 'adult prothoracic leg motor neuron D1 bundle', 'prothoracic leg motor neuron D1 bundle', 'T1 leg muscle motor neuron D1 bundle', 'adult T1 leg motor neuron D1 bundle', 'T1 leg motor neuron D1 bundle']
T3 leg motor neuron L18 bundle	['metathoracic leg muscle motor neuron L18 bundle', 'adult metathoracic leg motor neuron L18 bundle', 'metathoracic leg motor neuron L18 bundle', 'T3 leg muscle motor neuron L18 bundle', 'adult T3 leg motor neuron L18 bundle', 'T3 leg motor neuron L18 bundle']
T3 leg motor neuron L16 bundle	['metathoracic leg muscle motor neuron L16 bundle', 'adult metathoracic leg motor neuron L16 bundle', 'metathoracic leg motor neuron L16 bundle', 'T3 leg muscle motor neuron L16 bundle', 'adult T3 leg motor neuron L16 bundle', 'T3 leg motor neuron L16 bundle']
wing motor neuron PDMN1 bundle	['flight muscle motor neuron PDMN1 bundle', 'adult flight motor neuron PDMN1 bundle', 'wing muscle motor neuron PDMN1 bundle', 'adult wing motor neuron PDMN1 bundle', 'flight motor neuron PDMN1 bundle', 'wing motor neuron PDMN1 bundle']
left posterior dorsal mesothoracic nerve	['adult left posterior dorsal mesothoracic nerve', 'adult posterior dorsal mesothoracic nerve', 'left posterior dorsal mesothoracic nerve', 'posterior dorsal mesothoracic nerve']
wing motor neuron PDMN2 bundle	['flight muscle motor neuron PDMN2 bundle', 'adult flight motor neuron PDMN2 bundle', 'wing muscle motor neuron PDMN2 bundle', 'adult wing motor neuron PDMN2 bundle', 'flight motor neuron PDMN2 bundle', 'wing motor neuron PDMN2 bundle']
right posterior dorsal mesothoracic nerve	['adult right posterior dorsal mesothoracic nerve', 'adult posterior dorsal mesothoracic nerve', 'right posterior dorsal mesothoracic nerve', 'posterior dorsal mesothoracic nerve']
wing motor neuron ADMN1 bundle	['flight muscle motor neuron ADMN1 bundle', 'adult flight motor neuron ADMN1 bundle', 'wing muscle motor neuron ADMN1 bundle', 'adult wing motor neuron ADMN1 bundle', 'flight motor neuron ADMN1 bundle', 'wing motor neuron ADMN1 bundle']
right anterior dorsal mesothoracic nerve	['adult right anterior dorsal mesothoracic nerve', 'right anterior dorsal mesothoracic nerve', 'adult anterior dorsal mesothoracic nerve', 'anterior dorsal mesothoracic nerve']
T1 leg motor neuron D2 bundle	['prothoracic leg muscle motor neuron D2 bundle', 'adult prothoracic leg motor neuron D2 bundle', 'prothoracic leg motor neuron D2 bundle', 'T1 leg muscle motor neuron D2 bundle', 'adult T1 leg motor neuron D2 bundle', 'T1 leg motor neuron D2 bundle']
T1 leg motor neuron L2 bundle	['prothoracic leg muscle motor neuron L2 bundle', 'adult prothoracic leg motor neuron L2 bundle', 'prothoracic leg motor neuron L2 bundle', 'T1 leg muscle motor neuron L2 bundle', 'adult T1 leg motor neuron L2 bundle', 'T1 leg motor neuron L2 bundle']
T1 leg motor neuron V2 bundle	['prothoracic leg muscle motor neuron V2 bundle', 'adult prothoracic leg motor neuron V2 bundle', 'prothoracic leg motor neuron V2 bundle', 'T1 leg muscle motor neuron V2 bundle', 'adult T1 leg motor neuron V2 bundle', 'T1 leg motor neuron V2 bundle']
T3 leg motor neuron A11 bundle	['metathoracic leg muscle motor neuron A11 bundle', 'adult metathoracic leg motor neuron A11 bundle', 'metathoracic leg motor neuron A11 bundle', 'T3 leg muscle motor neuron A11 bundle', 'adult T3 leg motor neuron A11 bundle', 'T3 leg motor neuron A11 bundle']
T1 leg motor neuron L3 bundle	['prothoracic leg muscle motor neuron L3 bundle', 'adult prothoracic leg motor neuron L3 bundle', 'prothoracic leg motor neuron L3 bundle', 'T1 leg muscle motor neuron L3 bundle', 'adult T1 leg motor neuron L3 bundle', 'T1 leg motor neuron L3 bundle']
T2 leg motor neuron L13 bundle	['mesothoracic leg muscle motor neuron L13 bundle', 'adult mesothoracic leg motor neuron L13 bundle', 'mesothoracic leg motor neuron L13 bundle', 'T2 leg muscle motor neuron L13 bundle', 'adult T2 leg motor neuron L13 bundle', 'T2 leg motor neuron L13 bundle']
T2 leg motor neuron L11 bundle	['mesothoracic leg muscle motor neuron L11 bundle', 'adult mesothoracic leg motor neuron L11 bundle', 'mesothoracic leg motor neuron L11 bundle', 'T2 leg muscle motor neuron L11 bundle', 'adult T2 leg motor neuron L11 bundle', 'T2 leg motor neuron L11 bundle']
left ventral-3 branch of T2 leg nerve	['adult left ventral-3 branch of mesothoracic leg nerve', 'adult ventral-3 branch of mesothoracic leg nerve', 'left ventral-3 branch of mesothoracic leg nerve', 'adult left ventral-3 branch of T2 leg nerve', 'ventral-3 branch of mesothoracic leg nerve', 'adult ventral-3 branch of T2 leg nerve', 'left ventral-3 branch of T2 leg nerve', 'ventral-3 branch of T2 leg nerve']
T2 leg motor neuron A6 bundle	['mesothoracic leg muscle motor neuron A6 bundle', 'adult mesothoracic leg motor neuron A6 bundle', 'mesothoracic leg motor neuron A6 bundle', 'T2 leg muscle motor neuron A6 bundle', 'adult T2 leg motor neuron A6 bundle', 'T2 leg motor neuron A6 bundle']
haltere motor neuron T3 H3 bundle	['haltere muscle motor neuron metathoracic H3 bundle', 'adult haltere motor neuron metathoracic H3 bundle', 'haltere motor neuron metathoracic H3 bundle', 'haltere muscle motor neuron T3 H3 bundle', 'adult haltere motor neuron T3 H3 bundle', 'haltere motor neuron T3 H3 bundle']
T1 leg motor neuron A4 bundle	['prothoracic leg muscle motor neuron A4 bundle', 'adult prothoracic leg motor neuron A4 bundle', 'prothoracic leg motor neuron A4 bundle', 'T1 leg muscle motor neuron A4 bundle', 'adult T1 leg motor neuron A4 bundle', 'T1 leg motor neuron A4 bundle']
neuron	['adult neuron neuron', 'neuron neuron', 'adult neuron', 'neuron']
wing motor neuron ADMN3 bundle	['flight muscle motor neuron ADMN3 bundle', 'adult flight motor neuron ADMN3 bundle', 'wing muscle motor neuron ADMN3 bundle', 'adult wing motor neuron ADMN3 bundle', 'flight motor neuron ADMN3 bundle', 'wing motor neuron ADMN3 bundle']
right T2 accessory nerve	['adult right mesothoracic accessory nerve', 'adult mesothoracic accessory nerve', 'right mesothoracic accessory nerve', 'adult right T2 accessory nerve', 'mesothoracic accessory nerve', 'right T2 accessory nerve', 'adult T2 accessory nerve', 'T2 accessory nerve']
T1 leg motor neuron L5 bundle	['prothoracic leg muscle motor neuron L5 bundle', 'adult prothoracic leg motor neuron L5 bundle', 'prothoracic leg motor neuron L5 bundle', 'T1 leg muscle motor neuron L5 bundle', 'adult T1 leg motor neuron L5 bundle', 'T1 leg motor neuron L5 bundle']
haltere motor neuron T3 H2 bundle	['haltere muscle motor neuron metathoracic H2 bundle', 'adult haltere motor neuron metathoracic H2 bundle', 'haltere motor neuron metathoracic H2 bundle', 'haltere muscle motor neuron T3 H2 bundle', 'adult haltere motor neuron T3 H2 bundle', 'haltere motor neuron T3 H2 bundle']
right first abdominal nerve	['adult right first abdominal nerve', 'right first abdominal nerve', 'adult first abdominal nerve', 'first abdominal nerve']
T2 leg motor neuron L8 bundle	['mesothoracic leg muscle motor neuron L8 bundle', 'adult mesothoracic leg motor neuron L8 bundle', 'mesothoracic leg motor neuron L8 bundle', 'T2 leg muscle motor neuron L8 bundle', 'adult T2 leg motor neuron L8 bundle', 'T2 leg motor neuron L8 bundle']
left dorsal-5 branch of T2 leg nerve	['adult left dorsal-5 branch of mesothoracic leg nerve', 'adult dorsal-5 branch of mesothoracic leg nerve', 'left dorsal-5 branch of mesothoracic leg nerve', 'adult left dorsal-5 branch of T2 leg nerve', 'dorsal-5 branch of mesothoracic leg nerve', 'adult dorsal-5 branch of T2 leg nerve', 'left dorsal-5 branch of T2 leg nerve', 'dorsal-5 branch of T2 leg nerve']
left anterior dorsal mesothoracic nerve	['adult left anterior dorsal mesothoracic nerve', 'adult anterior dorsal mesothoracic nerve', 'left anterior dorsal mesothoracic nerve', 'anterior dorsal mesothoracic nerve']
top NBLAST hit for 33C10-LexA, after excluding D bundles	['adult top NBLAST hit for 33C10-LexA, after excluding D bundles', 'top NBLAST hit for 33C10-LexA, after excluding D bundles']
T2 leg motor neuron L10 bundle	['mesothoracic leg muscle motor neuron L10 bundle', 'adult mesothoracic leg motor neuron L10 bundle', 'mesothoracic leg motor neuron L10 bundle', 'T2 leg muscle motor neuron L10 bundle', 'adult T2 leg motor neuron L10 bundle', 'T2 leg motor neuron L10 bundle']
second NBLAST hit for 33C10-LexA, after excluding D bundles	['adult second NBLAST hit for 33C10-LexA, after excluding D bundles', 'second NBLAST hit for 33C10-LexA, after excluding D bundles']
nerve deduced by homology	['adult nerve deduced by homology', 'nerve deduced by homology']
left ventral-2 branch of T2 leg nerve	['adult left ventral-2 branch of mesothoracic leg nerve', 'adult ventral-2 branch of mesothoracic leg nerve', 'left ventral-2 branch of mesothoracic leg nerve', 'adult left ventral-2 branch of T2 leg nerve', 'ventral-2 branch of mesothoracic leg nerve', 'adult ventral-2 branch of T2 leg nerve', 'left ventral-2 branch of T2 leg nerve', 'ventral-2 branch of T2 leg nerve']
right dorsal-5 branch of T2 leg nerve	['adult right dorsal-5 branch of mesothoracic leg nerve', 'right dorsal-5 branch of mesothoracic leg nerve', 'adult dorsal-5 branch of mesothoracic leg nerve', 'adult right dorsal-5 branch of T2 leg nerve', 'dorsal-5 branch of mesothoracic leg nerve', 'right dorsal-5 branch of T2 leg nerve', 'adult dorsal-5 branch of T2 leg nerve', 'dorsal-5 branch of T2 leg nerve']
T1 leg motor neuron A1 bundle	['prothoracic leg muscle motor neuron A1 bundle', 'adult prothoracic leg motor neuron A1 bundle', 'prothoracic leg motor neuron A1 bundle', 'T1 leg muscle motor neuron A1 bundle', 'adult T1 leg motor neuron A1 bundle', 'T1 leg motor neuron A1 bundle']
wing motor neuron ADMN2 bundle	['flight muscle motor neuron ADMN2 bundle', 'adult flight motor neuron ADMN2 bundle', 'wing muscle motor neuron ADMN2 bundle', 'adult wing motor neuron ADMN2 bundle', 'flight motor neuron ADMN2 bundle', 'wing motor neuron ADMN2 bundle']
T1 leg motor neuron A5 bundle	['prothoracic leg muscle motor neuron A5 bundle', 'adult prothoracic leg motor neuron A5 bundle', 'prothoracic leg motor neuron A5 bundle', 'T1 leg muscle motor neuron A5 bundle', 'adult T1 leg motor neuron A5 bundle', 'T1 leg motor neuron A5 bundle']
T1 leg motor neuron V5 bundle	['prothoracic leg muscle motor neuron V5 bundle', 'adult prothoracic leg motor neuron V5 bundle', 'prothoracic leg motor neuron V5 bundle', 'T1 leg muscle motor neuron V5 bundle', 'adult T1 leg motor neuron V5 bundle', 'T1 leg motor neuron V5 bundle']
right ventral-3 branch of T2 leg nerve	['adult right ventral-3 branch of mesothoracic leg nerve', 'right ventral-3 branch of mesothoracic leg nerve', 'adult ventral-3 branch of mesothoracic leg nerve', 'adult right ventral-3 branch of T2 leg nerve', 'ventral-3 branch of mesothoracic leg nerve', 'adult ventral-3 branch of T2 leg nerve', 'right ventral-3 branch of T2 leg nerve', 'ventral-3 branch of T2 leg nerve']
T2 leg motor neuron L9 bundle	['mesothoracic leg muscle motor neuron L9 bundle', 'adult mesothoracic leg motor neuron L9 bundle', 'mesothoracic leg motor neuron L9 bundle', 'T2 leg muscle motor neuron L9 bundle', 'adult T2 leg motor neuron L9 bundle', 'T2 leg motor neuron L9 bundle']
right dorsal-3 branch of T2 leg nerve	['adult right dorsal-3 branch of mesothoracic leg nerve', 'right dorsal-3 branch of mesothoracic leg nerve', 'adult dorsal-3 branch of mesothoracic leg nerve', 'adult right dorsal-3 branch of T2 leg nerve', 'dorsal-3 branch of mesothoracic leg nerve', 'adult dorsal-3 branch of T2 leg nerve', 'right dorsal-3 branch of T2 leg nerve', 'dorsal-3 branch of T2 leg nerve']
left dorsal-3 branch of T2 leg nerve	['adult left dorsal-3 branch of mesothoracic leg nerve', 'adult dorsal-3 branch of mesothoracic leg nerve', 'left dorsal-3 branch of mesothoracic leg nerve', 'adult left dorsal-3 branch of T2 leg nerve', 'dorsal-3 branch of mesothoracic leg nerve', 'adult dorsal-3 branch of T2 leg nerve', 'left dorsal-3 branch of T2 leg nerve', 'dorsal-3 branch of T2 leg nerve']
T3 leg motor neuron A12 bundle	['metathoracic leg muscle motor neuron A12 bundle', 'adult metathoracic leg motor neuron A12 bundle', 'metathoracic leg motor neuron A12 bundle', 'T3 leg muscle motor neuron A12 bundle', 'adult T3 leg motor neuron A12 bundle', 'T3 leg motor neuron A12 bundle']
right ventral-2 branch of T2 leg nerve	['adult right ventral-2 branch of mesothoracic leg nerve', 'adult ventral-2 branch of mesothoracic leg nerve', 'right ventral-2 branch of mesothoracic leg nerve', 'adult right ventral-2 branch of T2 leg nerve', 'ventral-2 branch of mesothoracic leg nerve', 'adult ventral-2 branch of T2 leg nerve', 'right ventral-2 branch of T2 leg nerve', 'ventral-2 branch of T2 leg nerve']
T1 leg motor neuron L4 bundle	['prothoracic leg muscle motor neuron L4 bundle', 'adult prothoracic leg motor neuron L4 bundle', 'prothoracic leg motor neuron L4 bundle', 'T1 leg muscle motor neuron L4 bundle', 'adult T1 leg motor neuron L4 bundle', 'T1 leg motor neuron L4 bundle']
T2 leg motor neuron A7 bundle	['mesothoracic leg muscle motor neuron A7 bundle', 'adult mesothoracic leg motor neuron A7 bundle', 'mesothoracic leg motor neuron A7 bundle', 'T2 leg muscle motor neuron A7 bundle', 'adult T2 leg motor neuron A7 bundle', 'T2 leg motor neuron A7 bundle']
left prosternal nerve	['adult left prosternal nerve', 'adult prosternal nerve', 'left prosternal nerve', 'prosternal nerve']
T1 leg claw chordotonal neuron B bundle	['adult prothoracic leg claw chordotonal neuron B bundle', 'prothoracic leg claw chordotonal neuron B bundle', 'adult T1 leg claw chordotonal neuron B bundle', 'T1 leg claw chordotonal neuron B bundle']
T1 leg claw chordotonal neuron A bundle	['adult prothoracic leg claw chordotonal neuron A bundle', 'prothoracic leg claw chordotonal neuron A bundle', 'adult T1 leg claw chordotonal neuron A bundle', 'T1 leg claw chordotonal neuron A bundle']
ventrally projecting dorsal nerve sensory neuron	['adult ventrally projecting dorsal nerve sensory neuron', 'ventrally projecting dorsal nerve sensory neuron']
T1 multinerve neuron	['adult prothoracic multinerve neuron', 'prothoracic multinerve neuron', 'adult T1 multinerve neuron', 'T1 multinerve neuron']
right prosternal nerve	['adult right prosternal nerve', 'adult prosternal nerve', 'right prosternal nerve', 'prosternal nerve']
right T1 chordotonal nerve	['adult right prothoracic chordotonal nerve', 'right prothoracic chordotonal nerve', 'adult prothoracic chordotonal nerve', 'adult right T1 chordotonal nerve', 'prothoracic chordotonal nerve', 'adult T1 chordotonal nerve', 'right T1 chordotonal nerve', 'T1 chordotonal nerve']
left T1 chordotonal nerve	['adult left prothoracic chordotonal nerve', 'adult prothoracic chordotonal nerve', 'left prothoracic chordotonal nerve', 'adult left T1 chordotonal nerve', 'prothoracic chordotonal nerve', 'adult T1 chordotonal nerve', 'left T1 chordotonal nerve', 'T1 chordotonal nerve']
