skid	name	paper_id	paper_name	FBbt_ID
289	neuron 290	671028	Paper: Phelps, Hildebrand, Graham et al. 2020	
74452	neuron 74453	671028	Paper: Phelps, Hildebrand, Graham et al. 2020	
74441	neuron 74442	671028	Paper: Phelps, Hildebrand, Graham et al. 2020	
74430	neuron 74431	671028	Paper: Phelps, Hildebrand, Graham et al. 2020	
74415	neuron 74416	671028	Paper: Phelps, Hildebrand, Graham et al. 2020	
74385	neuron 74386	671028	Paper: Phelps, Hildebrand, Graham et al. 2020	
74335	neuron 74336	671028	Paper: Phelps, Hildebrand, Graham et al. 2020	
74463	neuron 74464	671028	Paper: Phelps, Hildebrand, Graham et al. 2020	
74302	neuron 74303	671028	Paper: Phelps, Hildebrand, Graham et al. 2020	
74256	neuron 74257	671028	Paper: Phelps, Hildebrand, Graham et al. 2020	
74240	neuron 74241	671028	Paper: Phelps, Hildebrand, Graham et al. 2020	
73243	neuron 73244	671028	Paper: Phelps, Hildebrand, Graham et al. 2020	
73238	neuron 73239	671028	Paper: Phelps, Hildebrand, Graham et al. 2020	
73233	neuron 73234	671028	Paper: Phelps, Hildebrand, Graham et al. 2020	
73228	neuron 73229	671028	Paper: Phelps, Hildebrand, Graham et al. 2020	
74287	neuron 74288	671028	Paper: Phelps, Hildebrand, Graham et al. 2020	
74474	neuron 74475	671028	Paper: Phelps, Hildebrand, Graham et al. 2020	
74544	neuron 74545	671028	Paper: Phelps, Hildebrand, Graham et al. 2020	
74548	neuron 74549	671028	Paper: Phelps, Hildebrand, Graham et al. 2020	
74968	neuron 74969	671028	Paper: Phelps, Hildebrand, Graham et al. 2020	
74946	neuron 74947	671028	Paper: Phelps, Hildebrand, Graham et al. 2020	
74933	neuron 74934	671028	Paper: Phelps, Hildebrand, Graham et al. 2020	
74907	neuron 74908	671028	Paper: Phelps, Hildebrand, Graham et al. 2020	
74889	neuron 74890	671028	Paper: Phelps, Hildebrand, Graham et al. 2020	
74868	neuron 74869	671028	Paper: Phelps, Hildebrand, Graham et al. 2020	
74856	neuron 74857	671028	Paper: Phelps, Hildebrand, Graham et al. 2020	
74844	neuron 74845	671028	Paper: Phelps, Hildebrand, Graham et al. 2020	
74833	neuron 74834	671028	Paper: Phelps, Hildebrand, Graham et al. 2020	
74816	neuron 74817	671028	Paper: Phelps, Hildebrand, Graham et al. 2020	
74787	neuron 74788	671028	Paper: Phelps, Hildebrand, Graham et al. 2020	
74728	neuron 74729	671028	Paper: Phelps, Hildebrand, Graham et al. 2020	
74699	neuron 74700	671028	Paper: Phelps, Hildebrand, Graham et al. 2020	
74682	neuron 74683	671028	Paper: Phelps, Hildebrand, Graham et al. 2020	
74569	neuron 74570	671028	Paper: Phelps, Hildebrand, Graham et al. 2020	
73223	neuron 73224	671028	Paper: Phelps, Hildebrand, Graham et al. 2020	
75009	neuron 75010	671028	Paper: Phelps, Hildebrand, Graham et al. 2020	
73213	neuron 73214	671028	Paper: Phelps, Hildebrand, Graham et al. 2020	
73203	neuron 73204	671028	Paper: Phelps, Hildebrand, Graham et al. 2020	
71421	neuron 71422	671028	Paper: Phelps, Hildebrand, Graham et al. 2020	
71405	neuron 71406	671028	Paper: Phelps, Hildebrand, Graham et al. 2020	
71393	neuron 71394	671028	Paper: Phelps, Hildebrand, Graham et al. 2020	
71387	neuron 71388	671028	Paper: Phelps, Hildebrand, Graham et al. 2020	
71346	neuron 71347	671028	Paper: Phelps, Hildebrand, Graham et al. 2020	
71342	neuron 71343	671028	Paper: Phelps, Hildebrand, Graham et al. 2020	
71595	neuron 71596	671028	Paper: Phelps, Hildebrand, Graham et al. 2020	
71307	neuron 71308	671028	Paper: Phelps, Hildebrand, Graham et al. 2020	
71277	neuron 71278	671028	Paper: Phelps, Hildebrand, Graham et al. 2020	
71264	neuron 71265	671028	Paper: Phelps, Hildebrand, Graham et al. 2020	
71237	neuron 71238	671028	Paper: Phelps, Hildebrand, Graham et al. 2020	
71219	neuron 71220	671028	Paper: Phelps, Hildebrand, Graham et al. 2020	
71206	neuron 71207	671028	Paper: Phelps, Hildebrand, Graham et al. 2020	
71199	neuron 71200	671028	Paper: Phelps, Hildebrand, Graham et al. 2020	
71285	neuron 71286	671028	Paper: Phelps, Hildebrand, Graham et al. 2020	
72868	neuron 72869	671028	Paper: Phelps, Hildebrand, Graham et al. 2020	
72877	neuron 72878	671028	Paper: Phelps, Hildebrand, Graham et al. 2020	
72931	neuron 72932	671028	Paper: Phelps, Hildebrand, Graham et al. 2020	
73198	neuron 73199	671028	Paper: Phelps, Hildebrand, Graham et al. 2020	
73184	neuron 73185	671028	Paper: Phelps, Hildebrand, Graham et al. 2020	
73168	neuron 73169	671028	Paper: Phelps, Hildebrand, Graham et al. 2020	
73154	neuron 73155	671028	Paper: Phelps, Hildebrand, Graham et al. 2020	
73128	neuron 73129	671028	Paper: Phelps, Hildebrand, Graham et al. 2020	
73111	neuron 73112	671028	Paper: Phelps, Hildebrand, Graham et al. 2020	
73098	neuron 73099	671028	Paper: Phelps, Hildebrand, Graham et al. 2020	
73090	neuron 73091	671028	Paper: Phelps, Hildebrand, Graham et al. 2020	
73082	neuron 73083	671028	Paper: Phelps, Hildebrand, Graham et al. 2020	
73053	neuron 73054	671028	Paper: Phelps, Hildebrand, Graham et al. 2020	
73044	neuron 73045	671028	Paper: Phelps, Hildebrand, Graham et al. 2020	
73035	neuron 73036	671028	Paper: Phelps, Hildebrand, Graham et al. 2020	
73024	neuron 73025	671028	Paper: Phelps, Hildebrand, Graham et al. 2020	
72969	neuron 72970	671028	Paper: Phelps, Hildebrand, Graham et al. 2020	
72940	neuron 72941	671028	Paper: Phelps, Hildebrand, Graham et al. 2020	
73208	neuron 73209	671028	Paper: Phelps, Hildebrand, Graham et al. 2020	
75013	neuron 75014	671028	Paper: Phelps, Hildebrand, Graham et al. 2020	
75049	neuron 75050	671028	Paper: Phelps, Hildebrand, Graham et al. 2020	
75084	neuron 75085	671028	Paper: Phelps, Hildebrand, Graham et al. 2020	
81211	neuron 81212	671028	Paper: Phelps, Hildebrand, Graham et al. 2020	
81154	neuron 81155	671028	Paper: Phelps, Hildebrand, Graham et al. 2020	
81149	neuron 81150	671028	Paper: Phelps, Hildebrand, Graham et al. 2020	
81115	neuron 81116	671028	Paper: Phelps, Hildebrand, Graham et al. 2020	
80894	neuron 80895	671028	Paper: Phelps, Hildebrand, Graham et al. 2020	
80884	neuron 80885	671028	Paper: Phelps, Hildebrand, Graham et al. 2020	
81297	neuron 81298	671028	Paper: Phelps, Hildebrand, Graham et al. 2020	
80856	neuron 80857	671028	Paper: Phelps, Hildebrand, Graham et al. 2020	
80741	neuron 80742	671028	Paper: Phelps, Hildebrand, Graham et al. 2020	
80736	neuron 80737	671028	Paper: Phelps, Hildebrand, Graham et al. 2020	
80315	neuron 80316	671028	Paper: Phelps, Hildebrand, Graham et al. 2020	
80036	neuron 80037	671028	Paper: Phelps, Hildebrand, Graham et al. 2020	
79301	neuron 79302	671028	Paper: Phelps, Hildebrand, Graham et al. 2020	
79292	neuron 79293	671028	Paper: Phelps, Hildebrand, Graham et al. 2020	
80794	neuron 80795	671028	Paper: Phelps, Hildebrand, Graham et al. 2020	
81458	neuron 81459	671028	Paper: Phelps, Hildebrand, Graham et al. 2020	
81518	neuron 81519	671028	Paper: Phelps, Hildebrand, Graham et al. 2020	
81589	neuron 81590	671028	Paper: Phelps, Hildebrand, Graham et al. 2020	
86219	neuron 86220	671028	Paper: Phelps, Hildebrand, Graham et al. 2020	
84139	neuron 84140	671028	Paper: Phelps, Hildebrand, Graham et al. 2020	
84128	neuron 84129	671028	Paper: Phelps, Hildebrand, Graham et al. 2020	
84112	neuron 84113	671028	Paper: Phelps, Hildebrand, Graham et al. 2020	
84008	neuron 84009	671028	Paper: Phelps, Hildebrand, Graham et al. 2020	
83842	neuron 83843	671028	Paper: Phelps, Hildebrand, Graham et al. 2020	
83814	neuron 83815	671028	Paper: Phelps, Hildebrand, Graham et al. 2020	
83592	neuron 83593	671028	Paper: Phelps, Hildebrand, Graham et al. 2020	
83502	neuron 83503	671028	Paper: Phelps, Hildebrand, Graham et al. 2020	
83367	neuron 83368	671028	Paper: Phelps, Hildebrand, Graham et al. 2020	
83340	neuron 83341	671028	Paper: Phelps, Hildebrand, Graham et al. 2020	
83134	neuron 83135	671028	Paper: Phelps, Hildebrand, Graham et al. 2020	
83121	neuron 83122	671028	Paper: Phelps, Hildebrand, Graham et al. 2020	
83103	neuron 83104	671028	Paper: Phelps, Hildebrand, Graham et al. 2020	
82231	neuron 82232	671028	Paper: Phelps, Hildebrand, Graham et al. 2020	
79253	neuron 79254	671028	Paper: Phelps, Hildebrand, Graham et al. 2020	
78972	neuron 78973	671028	Paper: Phelps, Hildebrand, Graham et al. 2020	
78962	neuron 78963	671028	Paper: Phelps, Hildebrand, Graham et al. 2020	
78955	neuron 78956	671028	Paper: Phelps, Hildebrand, Graham et al. 2020	
76000	neuron 76001	671028	Paper: Phelps, Hildebrand, Graham et al. 2020	
75907	neuron 75908	671028	Paper: Phelps, Hildebrand, Graham et al. 2020	
75720	neuron 75721	671028	Paper: Phelps, Hildebrand, Graham et al. 2020	
75687	neuron 75688	671028	Paper: Phelps, Hildebrand, Graham et al. 2020	
75678	neuron 75679	671028	Paper: Phelps, Hildebrand, Graham et al. 2020	
75668	neuron 75669	671028	Paper: Phelps, Hildebrand, Graham et al. 2020	
75657	neuron 75658	671028	Paper: Phelps, Hildebrand, Graham et al. 2020	
75639	neuron 75640	671028	Paper: Phelps, Hildebrand, Graham et al. 2020	
75629	neuron 75630	671028	Paper: Phelps, Hildebrand, Graham et al. 2020	
75608	neuron 75609	671028	Paper: Phelps, Hildebrand, Graham et al. 2020	
75600	neuron 75601	671028	Paper: Phelps, Hildebrand, Graham et al. 2020	
75594	neuron 75595	671028	Paper: Phelps, Hildebrand, Graham et al. 2020	
75577	neuron 75578	671028	Paper: Phelps, Hildebrand, Graham et al. 2020	
75545	neuron 75546	671028	Paper: Phelps, Hildebrand, Graham et al. 2020	
75529	neuron 75530	671028	Paper: Phelps, Hildebrand, Graham et al. 2020	
76007	neuron 76008	671028	Paper: Phelps, Hildebrand, Graham et al. 2020	
71131	neuron 71132	671028	Paper: Phelps, Hildebrand, Graham et al. 2020	
76546	neuron 76547	671028	Paper: Phelps, Hildebrand, Graham et al. 2020	
76663	neuron 76664	671028	Paper: Phelps, Hildebrand, Graham et al. 2020	
78948	neuron 78949	671028	Paper: Phelps, Hildebrand, Graham et al. 2020	
78941	neuron 78942	671028	Paper: Phelps, Hildebrand, Graham et al. 2020	
78931	Neuron 78932	671028	Paper: Phelps, Hildebrand, Graham et al. 2020	
78542	neuron 78543	671028	Paper: Phelps, Hildebrand, Graham et al. 2020	
78513	neuron 78514	671028	Paper: Phelps, Hildebrand, Graham et al. 2020	
78507	neuron 78508	671028	Paper: Phelps, Hildebrand, Graham et al. 2020	
78300	neuron 78301	671028	Paper: Phelps, Hildebrand, Graham et al. 2020	
77274	neuron 77275	671028	Paper: Phelps, Hildebrand, Graham et al. 2020	
77256	neuron 77257	671028	Paper: Phelps, Hildebrand, Graham et al. 2020	
77181	neuron 77182	671028	Paper: Phelps, Hildebrand, Graham et al. 2020	
77174	neuron 77175	671028	Paper: Phelps, Hildebrand, Graham et al. 2020	
77113	neuron 77114	671028	Paper: Phelps, Hildebrand, Graham et al. 2020	
77048	neuron 77049	671028	Paper: Phelps, Hildebrand, Graham et al. 2020	
76867	neuron 76868	671028	Paper: Phelps, Hildebrand, Graham et al. 2020	
76862	neuron 76863	671028	Paper: Phelps, Hildebrand, Graham et al. 2020	
76647	neuron 76648	671028	Paper: Phelps, Hildebrand, Graham et al. 2020	
71021	neuron 71022	671028	Paper: Phelps, Hildebrand, Graham et al. 2020	
70979	neuron 70980	671028	Paper: Phelps, Hildebrand, Graham et al. 2020	
70971	neuron 70972	671028	Paper: Phelps, Hildebrand, Graham et al. 2020	
47521	tergotrochanteral motor neuron_right	671028	Paper: Phelps, Hildebrand, Graham et al. 2020	
42928	neuron 42929	671028	Paper: Phelps, Hildebrand, Graham et al. 2020	
42922	neuron 42923	671028	Paper: Phelps, Hildebrand, Graham et al. 2020	
42918	neuron 42919	671028	Paper: Phelps, Hildebrand, Graham et al. 2020	
42914	neuron 42915	671028	Paper: Phelps, Hildebrand, Graham et al. 2020	
42910	neuron 42911	671028	Paper: Phelps, Hildebrand, Graham et al. 2020	
47531	neuron 47532	671028	Paper: Phelps, Hildebrand, Graham et al. 2020	
42906	neuron 42907	671028	Paper: Phelps, Hildebrand, Graham et al. 2020	
42325	neuron 42326	671028	Paper: Phelps, Hildebrand, Graham et al. 2020	
42314	neuron 42315	671028	Paper: Phelps, Hildebrand, Graham et al. 2020	
42296	neuron 42297	671028	Paper: Phelps, Hildebrand, Graham et al. 2020	
42109	neuron 42110	671028	Paper: Phelps, Hildebrand, Graham et al. 2020	
42095	neuron 42096	671028	Paper: Phelps, Hildebrand, Graham et al. 2020	
42082	neuron 42083	671028	Paper: Phelps, Hildebrand, Graham et al. 2020	
42902	neuron 42903	671028	Paper: Phelps, Hildebrand, Graham et al. 2020	
47542	neuron 47543	671028	Paper: Phelps, Hildebrand, Graham et al. 2020	
47576	neuron 47577	671028	Paper: Phelps, Hildebrand, Graham et al. 2020	
47840	neuron 47841	671028	Paper: Phelps, Hildebrand, Graham et al. 2020	
69567	neuron 69568	671028	Paper: Phelps, Hildebrand, Graham et al. 2020	
69550	neuron 69551	671028	Paper: Phelps, Hildebrand, Graham et al. 2020	
65855	neuron 65856	671028	Paper: Phelps, Hildebrand, Graham et al. 2020	
65806	neuron 65807	671028	Paper: Phelps, Hildebrand, Graham et al. 2020	
65781	neuron 65782	671028	Paper: Phelps, Hildebrand, Graham et al. 2020	
65770	neuron 65771	671028	Paper: Phelps, Hildebrand, Graham et al. 2020	
65762	neuron 65763	671028	Paper: Phelps, Hildebrand, Graham et al. 2020	
65754	neuron 65755	671028	Paper: Phelps, Hildebrand, Graham et al. 2020	
53001	neuron 53002	671028	Paper: Phelps, Hildebrand, Graham et al. 2020	
51197	neuron 51198	671028	Paper: Phelps, Hildebrand, Graham et al. 2020	
51189	neuron 51190	671028	Paper: Phelps, Hildebrand, Graham et al. 2020	
48238	neuron 48239	671028	Paper: Phelps, Hildebrand, Graham et al. 2020	
48229	neuron 48230	671028	Paper: Phelps, Hildebrand, Graham et al. 2020	
48222	neuron 48223	671028	Paper: Phelps, Hildebrand, Graham et al. 2020	
48215	neuron 48216	671028	Paper: Phelps, Hildebrand, Graham et al. 2020	
42074	neuron 42075	671028	Paper: Phelps, Hildebrand, Graham et al. 2020	
42065	neuron 42066	671028	Paper: Phelps, Hildebrand, Graham et al. 2020	
42054	neuron 42055	671028	Paper: Phelps, Hildebrand, Graham et al. 2020	
42035	neuron 42036	671028	Paper: Phelps, Hildebrand, Graham et al. 2020	
28322	neuron 28323	671028	Paper: Phelps, Hildebrand, Graham et al. 2020	
28318	neuron 28319	671028	Paper: Phelps, Hildebrand, Graham et al. 2020	
28314	neuron 28315	671028	Paper: Phelps, Hildebrand, Graham et al. 2020	
28291	neuron 28292	671028	Paper: Phelps, Hildebrand, Graham et al. 2020	
28282	neuron 28283	671028	Paper: Phelps, Hildebrand, Graham et al. 2020	
28162	neuron 28163	671028	Paper: Phelps, Hildebrand, Graham et al. 2020	
28096	neuron 28097	671028	Paper: Phelps, Hildebrand, Graham et al. 2020	
27920	neuron 27921	671028	Paper: Phelps, Hildebrand, Graham et al. 2020	
27215	neuron 27216	671028	Paper: Phelps, Hildebrand, Graham et al. 2020	
27003	neuron 27004	671028	Paper: Phelps, Hildebrand, Graham et al. 2020	
26961	neuron 26962	671028	Paper: Phelps, Hildebrand, Graham et al. 2020	
26883	neuron 26884	671028	Paper: Phelps, Hildebrand, Graham et al. 2020	
26841	neuron 26842	671028	Paper: Phelps, Hildebrand, Graham et al. 2020	
26834	neuron 26835	671028	Paper: Phelps, Hildebrand, Graham et al. 2020	
26820	neuron 26821	671028	Paper: Phelps, Hildebrand, Graham et al. 2020	
28333	neuron 28334	671028	Paper: Phelps, Hildebrand, Graham et al. 2020	
69576	neuron 69577	671028	Paper: Phelps, Hildebrand, Graham et al. 2020	
28369	neuron 28370	671028	Paper: Phelps, Hildebrand, Graham et al. 2020	
28385	neuron 28386	671028	Paper: Phelps, Hildebrand, Graham et al. 2020	
42031	neuron 42032	671028	Paper: Phelps, Hildebrand, Graham et al. 2020	
42003	neuron 42004	671028	Paper: Phelps, Hildebrand, Graham et al. 2020	
38012	neuron 38013	671028	Paper: Phelps, Hildebrand, Graham et al. 2020	
34069	neuron 34070	671028	Paper: Phelps, Hildebrand, Graham et al. 2020	
33305	neuron 33306	671028	Paper: Phelps, Hildebrand, Graham et al. 2020	
30720	neuron 30721	671028	Paper: Phelps, Hildebrand, Graham et al. 2020	
30395	neuron 30396	671028	Paper: Phelps, Hildebrand, Graham et al. 2020	
30294	neuron 30295	671028	Paper: Phelps, Hildebrand, Graham et al. 2020	
29825	neuron 29826	671028	Paper: Phelps, Hildebrand, Graham et al. 2020	
29809	neuron 29810	671028	Paper: Phelps, Hildebrand, Graham et al. 2020	
29781	neuron 29782	671028	Paper: Phelps, Hildebrand, Graham et al. 2020	
29626	neuron 29627	671028	Paper: Phelps, Hildebrand, Graham et al. 2020	
28501	neuron 28502	671028	Paper: Phelps, Hildebrand, Graham et al. 2020	
28400	neuron 28401	671028	Paper: Phelps, Hildebrand, Graham et al. 2020	
28390	neuron 28391	671028	Paper: Phelps, Hildebrand, Graham et al. 2020	
28380	neuron 28381	671028	Paper: Phelps, Hildebrand, Graham et al. 2020	
86243	neuron 86244	671028	Paper: Phelps, Hildebrand, Graham et al. 2020	
69598	neuron 69599	671028	Paper: Phelps, Hildebrand, Graham et al. 2020	
69623	neuron 69624	671028	Paper: Phelps, Hildebrand, Graham et al. 2020	
70692	neuron 70693	671028	Paper: Phelps, Hildebrand, Graham et al. 2020	
70667	neuron 70668	671028	Paper: Phelps, Hildebrand, Graham et al. 2020	
70646	neuron 70647	671028	Paper: Phelps, Hildebrand, Graham et al. 2020	
70639	neuron 70640	671028	Paper: Phelps, Hildebrand, Graham et al. 2020	
70635	neuron 70636	671028	Paper: Phelps, Hildebrand, Graham et al. 2020	
70588	neuron 70589	671028	Paper: Phelps, Hildebrand, Graham et al. 2020	
70711	neuron 70712	671028	Paper: Phelps, Hildebrand, Graham et al. 2020	
70533	neuron 70534	671028	Paper: Phelps, Hildebrand, Graham et al. 2020	
70467	neuron 70468	671028	Paper: Phelps, Hildebrand, Graham et al. 2020	
70443	neuron 70444	671028	Paper: Phelps, Hildebrand, Graham et al. 2020	
70435	neuron 70436	671028	Paper: Phelps, Hildebrand, Graham et al. 2020	
70429	neuron 70430	671028	Paper: Phelps, Hildebrand, Graham et al. 2020	
70423	neuron 70424	671028	Paper: Phelps, Hildebrand, Graham et al. 2020	
70406	neuron 70407	671028	Paper: Phelps, Hildebrand, Graham et al. 2020	
70529	neuron 70530	671028	Paper: Phelps, Hildebrand, Graham et al. 2020	
70733	neuron 70734	671028	Paper: Phelps, Hildebrand, Graham et al. 2020	
70741	neuron 70742	671028	Paper: Phelps, Hildebrand, Graham et al. 2020	
70754	neuron 70755	671028	Paper: Phelps, Hildebrand, Graham et al. 2020	
70956	neuron 70957	671028	Paper: Phelps, Hildebrand, Graham et al. 2020	
70925	neuron 70926	671028	Paper: Phelps, Hildebrand, Graham et al. 2020	
70921	neuron 70922	671028	Paper: Phelps, Hildebrand, Graham et al. 2020	
70911	neuron 70912	671028	Paper: Phelps, Hildebrand, Graham et al. 2020	
70905	neuron 70906	671028	Paper: Phelps, Hildebrand, Graham et al. 2020	
70881	neuron 70882	671028	Paper: Phelps, Hildebrand, Graham et al. 2020	
70869	neuron 70870	671028	Paper: Phelps, Hildebrand, Graham et al. 2020	
70863	neuron 70864	671028	Paper: Phelps, Hildebrand, Graham et al. 2020	
70842	neuron 70843	671028	Paper: Phelps, Hildebrand, Graham et al. 2020	
70834	neuron 70835	671028	Paper: Phelps, Hildebrand, Graham et al. 2020	
70830	neuron 70831	671028	Paper: Phelps, Hildebrand, Graham et al. 2020	
70808	neuron 70809	671028	Paper: Phelps, Hildebrand, Graham et al. 2020	
70789	neuron 70790	671028	Paper: Phelps, Hildebrand, Graham et al. 2020	
70775	neuron 70776	671028	Paper: Phelps, Hildebrand, Graham et al. 2020	
70770	neuron 70771	671028	Paper: Phelps, Hildebrand, Graham et al. 2020	
70388	neuron 70389	671028	Paper: Phelps, Hildebrand, Graham et al. 2020	
70372	neuron 70373	671028	Paper: Phelps, Hildebrand, Graham et al. 2020	
70332	neuron 70333	671028	Paper: Phelps, Hildebrand, Graham et al. 2020	
70328	neuron 70329	671028	Paper: Phelps, Hildebrand, Graham et al. 2020	
70011	neuron 70012	671028	Paper: Phelps, Hildebrand, Graham et al. 2020	
70007	neuron 70008	671028	Paper: Phelps, Hildebrand, Graham et al. 2020	
69998	peripherally synapsing interneuron_right	671028	Paper: Phelps, Hildebrand, Graham et al. 2020	
69877	neuron 69878	671028	Paper: Phelps, Hildebrand, Graham et al. 2020	
69866	neuron 69867	671028	Paper: Phelps, Hildebrand, Graham et al. 2020	
69853	neuron 69854	671028	Paper: Phelps, Hildebrand, Graham et al. 2020	
69841	neuron 69842	671028	Paper: Phelps, Hildebrand, Graham et al. 2020	
69815	neuron 69816	671028	Paper: Phelps, Hildebrand, Graham et al. 2020	
69725	neuron 69726	671028	Paper: Phelps, Hildebrand, Graham et al. 2020	
69709	neuron 69710	671028	Paper: Phelps, Hildebrand, Graham et al. 2020	
69683	neuron 69684	671028	Paper: Phelps, Hildebrand, Graham et al. 2020	
69672	neuron 69673	671028	Paper: Phelps, Hildebrand, Graham et al. 2020	
69660	neuron 69661	671028	Paper: Phelps, Hildebrand, Graham et al. 2020	
69647	neuron 69648	671028	Paper: Phelps, Hildebrand, Graham et al. 2020	
69635	neuron 69636	671028	Paper: Phelps, Hildebrand, Graham et al. 2020	
70015	neuron 70016	671028	Paper: Phelps, Hildebrand, Graham et al. 2020	
69611	neuron 69612	671028	Paper: Phelps, Hildebrand, Graham et al. 2020	
70019	neuron 70020	671028	Paper: Phelps, Hildebrand, Graham et al. 2020	
70058	neuron 70059	671028	Paper: Phelps, Hildebrand, Graham et al. 2020	
70315	neuron 70316	671028	Paper: Phelps, Hildebrand, Graham et al. 2020	
70309	neuron 70310	671028	Paper: Phelps, Hildebrand, Graham et al. 2020	
70292	neuron 70293	671028	Paper: Phelps, Hildebrand, Graham et al. 2020	
70280	neuron 70281	671028	Paper: Phelps, Hildebrand, Graham et al. 2020	
70276	neuron 70277	671028	Paper: Phelps, Hildebrand, Graham et al. 2020	
70256	neuron 70257	671028	Paper: Phelps, Hildebrand, Graham et al. 2020	
70244	neuron 70245	671028	Paper: Phelps, Hildebrand, Graham et al. 2020	
70240	neuron 70241	671028	Paper: Phelps, Hildebrand, Graham et al. 2020	
70227	neuron 70228	671028	Paper: Phelps, Hildebrand, Graham et al. 2020	
70193	neuron 70194	671028	Paper: Phelps, Hildebrand, Graham et al. 2020	
70176	neuron 70177	671028	Paper: Phelps, Hildebrand, Graham et al. 2020	
70165	neuron 70166	671028	Paper: Phelps, Hildebrand, Graham et al. 2020	
70132	neuron 70133	671028	Paper: Phelps, Hildebrand, Graham et al. 2020	
70087	neuron 70088	671028	Paper: Phelps, Hildebrand, Graham et al. 2020	
70075	neuron 70076	671028	Paper: Phelps, Hildebrand, Graham et al. 2020	
70023	tergotrochanteral motor neuron_left	671028	Paper: Phelps, Hildebrand, Graham et al. 2020	
86813	neuron 86814	671028	Paper: Phelps, Hildebrand, Graham et al. 2020	
87094	neuron 87095	671028	Paper: Phelps, Hildebrand, Graham et al. 2020	
87358	neuron 87359	671028	Paper: Phelps, Hildebrand, Graham et al. 2020	
118433	neuron 118434	671028	Paper: Phelps, Hildebrand, Graham et al. 2020	
118393	neuron 118394	671028	Paper: Phelps, Hildebrand, Graham et al. 2020	
118380	neuron 118381	671028	Paper: Phelps, Hildebrand, Graham et al. 2020	
118376	neuron 118377	671028	Paper: Phelps, Hildebrand, Graham et al. 2020	
118347	neuron 118348	671028	Paper: Phelps, Hildebrand, Graham et al. 2020	
118267	neuron 118268	671028	Paper: Phelps, Hildebrand, Graham et al. 2020	
118467	neuron 118468	671028	Paper: Phelps, Hildebrand, Graham et al. 2020	
118196	neuron 118197	671028	Paper: Phelps, Hildebrand, Graham et al. 2020	
117676	neuron 117677	671028	Paper: Phelps, Hildebrand, Graham et al. 2020	
117670	neuron 117671	671028	Paper: Phelps, Hildebrand, Graham et al. 2020	
117663	neuron 117664	671028	Paper: Phelps, Hildebrand, Graham et al. 2020	
117657	neuron 117658	671028	Paper: Phelps, Hildebrand, Graham et al. 2020	
117651	neuron 117652	671028	Paper: Phelps, Hildebrand, Graham et al. 2020	
117645	neuron 117646	671028	Paper: Phelps, Hildebrand, Graham et al. 2020	
117682	neuron 117683	671028	Paper: Phelps, Hildebrand, Graham et al. 2020	
118490	neuron 118491	671028	Paper: Phelps, Hildebrand, Graham et al. 2020	
118497	neuron 118498	671028	Paper: Phelps, Hildebrand, Graham et al. 2020	
120078	neuron 120079	671028	Paper: Phelps, Hildebrand, Graham et al. 2020	
123088	neuron 123089	671028	Paper: Phelps, Hildebrand, Graham et al. 2020	
123080	Neuron 123081	671028	Paper: Phelps, Hildebrand, Graham et al. 2020	
123055	neuron 123056	671028	Paper: Phelps, Hildebrand, Graham et al. 2020	
123028	neuron 123029	671028	Paper: Phelps, Hildebrand, Graham et al. 2020	
123006	neuron 123007	671028	Paper: Phelps, Hildebrand, Graham et al. 2020	
122984	neuron 122985	671028	Paper: Phelps, Hildebrand, Graham et al. 2020	
122918	neuron 122919	671028	Paper: Phelps, Hildebrand, Graham et al. 2020	
122872	neuron 122873	671028	Paper: Phelps, Hildebrand, Graham et al. 2020	
120475	neuron 120476	671028	Paper: Phelps, Hildebrand, Graham et al. 2020	
120442	neuron 120443	671028	Paper: Phelps, Hildebrand, Graham et al. 2020	
120400	neuron 120401	671028	Paper: Phelps, Hildebrand, Graham et al. 2020	
120368	neuron 120369	671028	Paper: Phelps, Hildebrand, Graham et al. 2020	
120175	neuron 120176	671028	Paper: Phelps, Hildebrand, Graham et al. 2020	
120146	neuron 120147	671028	Paper: Phelps, Hildebrand, Graham et al. 2020	
120112	neuron 120113	671028	Paper: Phelps, Hildebrand, Graham et al. 2020	
117639	neuron 117640	671028	Paper: Phelps, Hildebrand, Graham et al. 2020	
117470	neuron 117471	671028	Paper: Phelps, Hildebrand, Graham et al. 2020	
117008	neuron 117009	671028	Paper: Phelps, Hildebrand, Graham et al. 2020	
117000	neuron 117001	671028	Paper: Phelps, Hildebrand, Graham et al. 2020	
113773	neuron 100952	671028	Paper: Phelps, Hildebrand, Graham et al. 2020	
113763	neuron 103671	671028	Paper: Phelps, Hildebrand, Graham et al. 2020	
113753	neuron 100945	671028	Paper: Phelps, Hildebrand, Graham et al. 2020	
113742	neuron 102767	671028	Paper: Phelps, Hildebrand, Graham et al. 2020	
113731	neuron 102762	671028	Paper: Phelps, Hildebrand, Graham et al. 2020	
113721	neuron 100938	671028	Paper: Phelps, Hildebrand, Graham et al. 2020	
113710	neuron 103014	671028	Paper: Phelps, Hildebrand, Graham et al. 2020	
113700	neuron 102885	671028	Paper: Phelps, Hildebrand, Graham et al. 2020	
113677	neuron 103748	671028	Paper: Phelps, Hildebrand, Graham et al. 2020	
113664	neuron 100931	671028	Paper: Phelps, Hildebrand, Graham et al. 2020	
113654	neuron 103730	671028	Paper: Phelps, Hildebrand, Graham et al. 2020	
113643	neuron 100911	671028	Paper: Phelps, Hildebrand, Graham et al. 2020	
113632	neuron 100903	671028	Paper: Phelps, Hildebrand, Graham et al. 2020	
113621	neuron 104228	671028	Paper: Phelps, Hildebrand, Graham et al. 2020	
113611	neuron 104223	671028	Paper: Phelps, Hildebrand, Graham et al. 2020	
113785	neuron 100959	671028	Paper: Phelps, Hildebrand, Graham et al. 2020	
123098	neuron 123099	671028	Paper: Phelps, Hildebrand, Graham et al. 2020	
113795	neuron 102880	671028	Paper: Phelps, Hildebrand, Graham et al. 2020	
113857	Neuron 113858	671028	Paper: Phelps, Hildebrand, Graham et al. 2020	
116940	neuron 116941	671028	Paper: Phelps, Hildebrand, Graham et al. 2020	
116838	neuron 116839	671028	Paper: Phelps, Hildebrand, Graham et al. 2020	
116734	neuron 116735	671028	Paper: Phelps, Hildebrand, Graham et al. 2020	
116679	neuron 116680	671028	Paper: Phelps, Hildebrand, Graham et al. 2020	
116674	neuron 116675	671028	Paper: Phelps, Hildebrand, Graham et al. 2020	
116667	neuron 116668	671028	Paper: Phelps, Hildebrand, Graham et al. 2020	
115533	neuron 115534	671028	Paper: Phelps, Hildebrand, Graham et al. 2020	
115484	neuron 115485	671028	Paper: Phelps, Hildebrand, Graham et al. 2020	
114069	neuron 114070	671028	Paper: Phelps, Hildebrand, Graham et al. 2020	
113901	neuron 113902	671028	Paper: Phelps, Hildebrand, Graham et al. 2020	
113895	neuron 113896	671028	Paper: Phelps, Hildebrand, Graham et al. 2020	
113889	neuron 113890	671028	Paper: Phelps, Hildebrand, Graham et al. 2020	
113883	neuron 113884	671028	Paper: Phelps, Hildebrand, Graham et al. 2020	
113877	neuron 113878	671028	Paper: Phelps, Hildebrand, Graham et al. 2020	
113871	neuron 113872	671028	Paper: Phelps, Hildebrand, Graham et al. 2020	
113846	neuron 99646	671028	Paper: Phelps, Hildebrand, Graham et al. 2020	
113600	neuron 104218	671028	Paper: Phelps, Hildebrand, Graham et al. 2020	
123110	neuron 123111	671028	Paper: Phelps, Hildebrand, Graham et al. 2020	
123125	neuron 123126	671028	Paper: Phelps, Hildebrand, Graham et al. 2020	
189722	neuron 189723	671028	Paper: Phelps, Hildebrand, Graham et al. 2020	
189705	neuron 189706	671028	Paper: Phelps, Hildebrand, Graham et al. 2020	
189699	neuron 189700	671028	Paper: Phelps, Hildebrand, Graham et al. 2020	
189680	neuron 189681	671028	Paper: Phelps, Hildebrand, Graham et al. 2020	
189642	neuron 189643	671028	Paper: Phelps, Hildebrand, Graham et al. 2020	
189602	neuron 189603	671028	Paper: Phelps, Hildebrand, Graham et al. 2020	
189860	neuron 189861	671028	Paper: Phelps, Hildebrand, Graham et al. 2020	
189595	neuron 189596	671028	Paper: Phelps, Hildebrand, Graham et al. 2020	
189570	neuron 189571	671028	Paper: Phelps, Hildebrand, Graham et al. 2020	
189532	neuron 189533	671028	Paper: Phelps, Hildebrand, Graham et al. 2020	
189490	neuron 189491	671028	Paper: Phelps, Hildebrand, Graham et al. 2020	
189483	neuron 189484	671028	Paper: Phelps, Hildebrand, Graham et al. 2020	
189468	neuron 189469	671028	Paper: Phelps, Hildebrand, Graham et al. 2020	
189462	neuron 189463	671028	Paper: Phelps, Hildebrand, Graham et al. 2020	
189580	neuron 189581	671028	Paper: Phelps, Hildebrand, Graham et al. 2020	
189870	neuron 189871	671028	Paper: Phelps, Hildebrand, Graham et al. 2020	
189901	neuron 189902	671028	Paper: Phelps, Hildebrand, Graham et al. 2020	
189992	neuron 189993	671028	Paper: Phelps, Hildebrand, Graham et al. 2020	
243833	Neuron 243834	671028	Paper: Phelps, Hildebrand, Graham et al. 2020	
229149	neuron 229150	671028	Paper: Phelps, Hildebrand, Graham et al. 2020	
229141	neuron 229142	671028	Paper: Phelps, Hildebrand, Graham et al. 2020	
193608	neuron 193609	671028	Paper: Phelps, Hildebrand, Graham et al. 2020	
193452	neuron 193453	671028	Paper: Phelps, Hildebrand, Graham et al. 2020	
193446	neuron 193447	671028	Paper: Phelps, Hildebrand, Graham et al. 2020	
190435	neuron 190436	671028	Paper: Phelps, Hildebrand, Graham et al. 2020	
190210	neuron 190211	671028	Paper: Phelps, Hildebrand, Graham et al. 2020	
190182	neuron 190183	671028	Paper: Phelps, Hildebrand, Graham et al. 2020	
190142	neuron 190143	671028	Paper: Phelps, Hildebrand, Graham et al. 2020	
190105	neuron 190106	671028	Paper: Phelps, Hildebrand, Graham et al. 2020	
190086	neuron 190087	671028	Paper: Phelps, Hildebrand, Graham et al. 2020	
190062	neuron 190063	671028	Paper: Phelps, Hildebrand, Graham et al. 2020	
190027	neuron 190028	671028	Paper: Phelps, Hildebrand, Graham et al. 2020	
190003	neuron 190004	671028	Paper: Phelps, Hildebrand, Graham et al. 2020	
189397	neuron 189398	671028	Paper: Phelps, Hildebrand, Graham et al. 2020	
189391	neuron 189392	671028	Paper: Phelps, Hildebrand, Graham et al. 2020	
189386	neuron 189387	671028	Paper: Phelps, Hildebrand, Graham et al. 2020	
188441	neuron 188442	671028	Paper: Phelps, Hildebrand, Graham et al. 2020	
162501	neuron 162502	671028	Paper: Phelps, Hildebrand, Graham et al. 2020	
162497	neuron 162498	671028	Paper: Phelps, Hildebrand, Graham et al. 2020	
127704	neuron 127705	671028	Paper: Phelps, Hildebrand, Graham et al. 2020	
127220	neuron 127221	671028	Paper: Phelps, Hildebrand, Graham et al. 2020	
124101	Neuron 124102	671028	Paper: Phelps, Hildebrand, Graham et al. 2020	
123733	neuron 123734	671028	Paper: Phelps, Hildebrand, Graham et al. 2020	
123644	neuron 123645	671028	Paper: Phelps, Hildebrand, Graham et al. 2020	
123326	neuron 123327	671028	Paper: Phelps, Hildebrand, Graham et al. 2020	
123321	neuron 123322	671028	Paper: Phelps, Hildebrand, Graham et al. 2020	
123316	neuron 123317	671028	Paper: Phelps, Hildebrand, Graham et al. 2020	
123311	neuron 123312	671028	Paper: Phelps, Hildebrand, Graham et al. 2020	
123306	neuron 123307	671028	Paper: Phelps, Hildebrand, Graham et al. 2020	
123301	neuron 123302	671028	Paper: Phelps, Hildebrand, Graham et al. 2020	
123296	neuron 123297	671028	Paper: Phelps, Hildebrand, Graham et al. 2020	
123277	neuron 123278	671028	Paper: Phelps, Hildebrand, Graham et al. 2020	
162505	neuron 162506	671028	Paper: Phelps, Hildebrand, Graham et al. 2020	
123118	neuron 123119	671028	Paper: Phelps, Hildebrand, Graham et al. 2020	
162509	neuron 162510	671028	Paper: Phelps, Hildebrand, Graham et al. 2020	
162517	neuron 162518	671028	Paper: Phelps, Hildebrand, Graham et al. 2020	
179000	neuron 179001	671028	Paper: Phelps, Hildebrand, Graham et al. 2020	
176296	neuron 98720	671028	Paper: Phelps, Hildebrand, Graham et al. 2020	
176288	neuron 98264	671028	Paper: Phelps, Hildebrand, Graham et al. 2020	
176280	neuron 99253	671028	Paper: Phelps, Hildebrand, Graham et al. 2020	
176272	neuron 98292	671028	Paper: Phelps, Hildebrand, Graham et al. 2020	
176264	neuron 98282	671028	Paper: Phelps, Hildebrand, Graham et al. 2020	
176255	neuron 98274	671028	Paper: Phelps, Hildebrand, Graham et al. 2020	
162553	neuron 162554	671028	Paper: Phelps, Hildebrand, Graham et al. 2020	
162549	neuron 162550	671028	Paper: Phelps, Hildebrand, Graham et al. 2020	
162545	neuron 162546	671028	Paper: Phelps, Hildebrand, Graham et al. 2020	
162541	neuron 162542	671028	Paper: Phelps, Hildebrand, Graham et al. 2020	
162537	neuron 162538	671028	Paper: Phelps, Hildebrand, Graham et al. 2020	
162533	neuron 162534	671028	Paper: Phelps, Hildebrand, Graham et al. 2020	
162525	neuron 162526	671028	Paper: Phelps, Hildebrand, Graham et al. 2020	
162521	neuron 162522	671028	Paper: Phelps, Hildebrand, Graham et al. 2020	
162513	neuron 162514	671028	Paper: Phelps, Hildebrand, Graham et al. 2020	
26813	neuron 26814	671028	Paper: Phelps, Hildebrand, Graham et al. 2020	
113590	neuron 98713	671028	Paper: Phelps, Hildebrand, Graham et al. 2020	
113570	neuron 103574	671028	Paper: Phelps, Hildebrand, Graham et al. 2020	
105122	neuron 105123	671028	Paper: Phelps, Hildebrand, Graham et al. 2020	
105094	neuron 105095	671028	Paper: Phelps, Hildebrand, Graham et al. 2020	
105044	neuron 105045	671028	Paper: Phelps, Hildebrand, Graham et al. 2020	
104975	neuron 104976	671028	Paper: Phelps, Hildebrand, Graham et al. 2020	
104948	neuron 104949	671028	Paper: Phelps, Hildebrand, Graham et al. 2020	
104468	neuron 104469	671028	Paper: Phelps, Hildebrand, Graham et al. 2020	
105213	neuron 105214	671028	Paper: Phelps, Hildebrand, Graham et al. 2020	
104164	neuron 104165	671028	Paper: Phelps, Hildebrand, Graham et al. 2020	
104106	neuron 104107	671028	Paper: Phelps, Hildebrand, Graham et al. 2020	
104066	neuron 104067	671028	Paper: Phelps, Hildebrand, Graham et al. 2020	
104036	neuron 104037	671028	Paper: Phelps, Hildebrand, Graham et al. 2020	
104007	neuron 104008	671028	Paper: Phelps, Hildebrand, Graham et al. 2020	
103984	neuron 103985	671028	Paper: Phelps, Hildebrand, Graham et al. 2020	
103968	neuron 103969	671028	Paper: Phelps, Hildebrand, Graham et al. 2020	
104135	neuron 104136	671028	Paper: Phelps, Hildebrand, Graham et al. 2020	
105244	neuron 105245	671028	Paper: Phelps, Hildebrand, Graham et al. 2020	
105271	neuron 105272	671028	Paper: Phelps, Hildebrand, Graham et al. 2020	
105285	neuron 105286	671028	Paper: Phelps, Hildebrand, Graham et al. 2020	
106569	neuron 106570	671028	Paper: Phelps, Hildebrand, Graham et al. 2020	
106454	neuron 106455	671028	Paper: Phelps, Hildebrand, Graham et al. 2020	
106325	neuron 106326	671028	Paper: Phelps, Hildebrand, Graham et al. 2020	
106231	neuron 106232	671028	Paper: Phelps, Hildebrand, Graham et al. 2020	
106225	neuron 106226	671028	Paper: Phelps, Hildebrand, Graham et al. 2020	
106151	neuron 106152	671028	Paper: Phelps, Hildebrand, Graham et al. 2020	
106145	neuron 106146	671028	Paper: Phelps, Hildebrand, Graham et al. 2020	
106126	neuron 106127	671028	Paper: Phelps, Hildebrand, Graham et al. 2020	
106077	neuron 106078	671028	Paper: Phelps, Hildebrand, Graham et al. 2020	
106073	neuron 106074	671028	Paper: Phelps, Hildebrand, Graham et al. 2020	
106056	neuron 106057	671028	Paper: Phelps, Hildebrand, Graham et al. 2020	
106003	neuron 106004	671028	Paper: Phelps, Hildebrand, Graham et al. 2020	
105361	neuron 105362	671028	Paper: Phelps, Hildebrand, Graham et al. 2020	
105347	neuron 105348	671028	Paper: Phelps, Hildebrand, Graham et al. 2020	
105291	neuron 105292	671028	Paper: Phelps, Hildebrand, Graham et al. 2020	
103960	neuron 103961	671028	Paper: Phelps, Hildebrand, Graham et al. 2020	
103946	neuron 103947	671028	Paper: Phelps, Hildebrand, Graham et al. 2020	
103875	neuron 103876	671028	Paper: Phelps, Hildebrand, Graham et al. 2020	
103839	neuron 103840	671028	Paper: Phelps, Hildebrand, Graham et al. 2020	
94021	neuron 94022	671028	Paper: Phelps, Hildebrand, Graham et al. 2020	
93975	neuron 93976	671028	Paper: Phelps, Hildebrand, Graham et al. 2020	
93948	neuron 93949	671028	Paper: Phelps, Hildebrand, Graham et al. 2020	
93908	neuron 93909	671028	Paper: Phelps, Hildebrand, Graham et al. 2020	
93768	neuron 93769	671028	Paper: Phelps, Hildebrand, Graham et al. 2020	
93105	neuron 93106	671028	Paper: Phelps, Hildebrand, Graham et al. 2020	
93094	neuron 93095	671028	Paper: Phelps, Hildebrand, Graham et al. 2020	
89953	neuron 89954	671028	Paper: Phelps, Hildebrand, Graham et al. 2020	
89400	neuron 89401	671028	Paper: Phelps, Hildebrand, Graham et al. 2020	
89360	neuron 89361	671028	Paper: Phelps, Hildebrand, Graham et al. 2020	
88808	neuron 88809	671028	Paper: Phelps, Hildebrand, Graham et al. 2020	
87697	neuron 87698	671028	Paper: Phelps, Hildebrand, Graham et al. 2020	
87657	neuron 87658	671028	Paper: Phelps, Hildebrand, Graham et al. 2020	
87372	neuron 87373	671028	Paper: Phelps, Hildebrand, Graham et al. 2020	
87365	neuron 87366	671028	Paper: Phelps, Hildebrand, Graham et al. 2020	
96448	neuron 96449	671028	Paper: Phelps, Hildebrand, Graham et al. 2020	
106675	neuron 106676	671028	Paper: Phelps, Hildebrand, Graham et al. 2020	
96482	neuron 96483	671028	Paper: Phelps, Hildebrand, Graham et al. 2020	
96549	neuron 96550	671028	Paper: Phelps, Hildebrand, Graham et al. 2020	
103826	neuron 103827	671028	Paper: Phelps, Hildebrand, Graham et al. 2020	
102911	neuron 102912	671028	Paper: Phelps, Hildebrand, Graham et al. 2020	
102629	neuron 102630	671028	Paper: Phelps, Hildebrand, Graham et al. 2020	
102611	neuron 102612	671028	Paper: Phelps, Hildebrand, Graham et al. 2020	
102603	neuron 102604	671028	Paper: Phelps, Hildebrand, Graham et al. 2020	
101863	neuron 101864	671028	Paper: Phelps, Hildebrand, Graham et al. 2020	
101187	neuron 101188	671028	Paper: Phelps, Hildebrand, Graham et al. 2020	
101067	neuron 101068	671028	Paper: Phelps, Hildebrand, Graham et al. 2020	
101010	neuron 101011	671028	Paper: Phelps, Hildebrand, Graham et al. 2020	
96931	neuron 96932	671028	Paper: Phelps, Hildebrand, Graham et al. 2020	
96619	neuron 96620	671028	Paper: Phelps, Hildebrand, Graham et al. 2020	
96589	neuron 96590	671028	Paper: Phelps, Hildebrand, Graham et al. 2020	
96575	neuron 96576	671028	Paper: Phelps, Hildebrand, Graham et al. 2020	
96571	neuron 96572	671028	Paper: Phelps, Hildebrand, Graham et al. 2020	
96567	neuron 96568	671028	Paper: Phelps, Hildebrand, Graham et al. 2020	
96534	neuron 96535	671028	Paper: Phelps, Hildebrand, Graham et al. 2020	
113580	neuron 99352	671028	Paper: Phelps, Hildebrand, Graham et al. 2020	
106681	neuron 106682	671028	Paper: Phelps, Hildebrand, Graham et al. 2020	
107020	neuron 107021	671028	Paper: Phelps, Hildebrand, Graham et al. 2020	
113272	Neuron 98656	671028	Paper: Phelps, Hildebrand, Graham et al. 2020	
113259	neuron 99680	671028	Paper: Phelps, Hildebrand, Graham et al. 2020	
113247	neuron 98525	671028	Paper: Phelps, Hildebrand, Graham et al. 2020	
113235	neuron 99417	671028	Paper: Phelps, Hildebrand, Graham et al. 2020	
113223	neuron 100695	671028	Paper: Phelps, Hildebrand, Graham et al. 2020	
113211	neuron 100052	671028	Paper: Phelps, Hildebrand, Graham et al. 2020	
113284	neuron 99170	671028	Paper: Phelps, Hildebrand, Graham et al. 2020	
113198	neuron 98642	671028	Paper: Phelps, Hildebrand, Graham et al. 2020	
113170	neuron 98767	671028	Paper: Phelps, Hildebrand, Graham et al. 2020	
113158	neuron 100558	671028	Paper: Phelps, Hildebrand, Graham et al. 2020	
113146	neuron 100683	671028	Paper: Phelps, Hildebrand, Graham et al. 2020	
113135	neuron 99783	671028	Paper: Phelps, Hildebrand, Graham et al. 2020	
113123	neuron 102852	671028	Paper: Phelps, Hildebrand, Graham et al. 2020	
113111	neuron 98757	671028	Paper: Phelps, Hildebrand, Graham et al. 2020	
113185	neuron 99920	671028	Paper: Phelps, Hildebrand, Graham et al. 2020	
113296	neuron 99808	671028	Paper: Phelps, Hildebrand, Graham et al. 2020	
113308	neuron 99939	671028	Paper: Phelps, Hildebrand, Graham et al. 2020	
113320	neuron 101220	671028	Paper: Phelps, Hildebrand, Graham et al. 2020	
113560	neuron 103696	671028	Paper: Phelps, Hildebrand, Graham et al. 2020	
113549	neuron 104206	671028	Paper: Phelps, Hildebrand, Graham et al. 2020	
113496	neuron 104201	671028	Paper: Phelps, Hildebrand, Graham et al. 2020	
113485	neuron 104196	671028	Paper: Phelps, Hildebrand, Graham et al. 2020	
113475	neuron 99461	671028	Paper: Phelps, Hildebrand, Graham et al. 2020	
113465	neuron 102660	671028	Paper: Phelps, Hildebrand, Graham et al. 2020	
113443	neuron 99711	671028	Paper: Phelps, Hildebrand, Graham et al. 2020	
113429	neuron 100732	671028	Paper: Phelps, Hildebrand, Graham et al. 2020	
113417	neuron 99961	671028	Paper: Phelps, Hildebrand, Graham et al. 2020	
113405	neuron 102899	671028	Paper: Phelps, Hildebrand, Graham et al. 2020	
113393	neuron 99698	671028	Paper: Phelps, Hildebrand, Graham et al. 2020	
113381	neuron 98544	671028	Paper: Phelps, Hildebrand, Graham et al. 2020	
113368	neuron 100078	671028	Paper: Phelps, Hildebrand, Graham et al. 2020	
113356	neuron 100973	671028	Paper: Phelps, Hildebrand, Graham et al. 2020	
113344	neuron 99687	671028	Paper: Phelps, Hildebrand, Graham et al. 2020	
113099	neuron 100675	671028	Paper: Phelps, Hildebrand, Graham et al. 2020	
113087	neuron 99651	671028	Paper: Phelps, Hildebrand, Graham et al. 2020	
113075	neuron 100032	671028	Paper: Phelps, Hildebrand, Graham et al. 2020	
113063	neuron 99902	671028	Paper: Phelps, Hildebrand, Graham et al. 2020	
112817	neuron 99449	671028	Paper: Phelps, Hildebrand, Graham et al. 2020	
112575	neuron 112576	671028	Paper: Phelps, Hildebrand, Graham et al. 2020	
112543	neuron 112544	671028	Paper: Phelps, Hildebrand, Graham et al. 2020	
112538	neuron 112539	671028	Paper: Phelps, Hildebrand, Graham et al. 2020	
107571	neuron 107572	671028	Paper: Phelps, Hildebrand, Graham et al. 2020	
107377	neuron 107378	671028	Paper: Phelps, Hildebrand, Graham et al. 2020	
107371	neuron 107372	671028	Paper: Phelps, Hildebrand, Graham et al. 2020	
107347	neuron 107348	671028	Paper: Phelps, Hildebrand, Graham et al. 2020	
107313	neuron 107314	671028	Paper: Phelps, Hildebrand, Graham et al. 2020	
107302	neuron 107303	671028	Paper: Phelps, Hildebrand, Graham et al. 2020	
107221	neuron 107222	671028	Paper: Phelps, Hildebrand, Graham et al. 2020	
107216	neuron 107217	671028	Paper: Phelps, Hildebrand, Graham et al. 2020	
107131	neuron 107132	671028	Paper: Phelps, Hildebrand, Graham et al. 2020	
107096	neuron 107097	671028	Paper: Phelps, Hildebrand, Graham et al. 2020	
107037	neuron 107038	671028	Paper: Phelps, Hildebrand, Graham et al. 2020	
112831	neuron 99843	671028	Paper: Phelps, Hildebrand, Graham et al. 2020	
106982	neuron 106983	671028	Paper: Phelps, Hildebrand, Graham et al. 2020	
112843	neuron 99206	671028	Paper: Phelps, Hildebrand, Graham et al. 2020	
112869	neuron 99979	671028	Paper: Phelps, Hildebrand, Graham et al. 2020	
113051	neuron 99517	671028	Paper: Phelps, Hildebrand, Graham et al. 2020	
113038	neuron 100790	671028	Paper: Phelps, Hildebrand, Graham et al. 2020	
113026	neuron 99764	671028	Paper: Phelps, Hildebrand, Graham et al. 2020	
113014	neuron 99890	671028	Paper: Phelps, Hildebrand, Graham et al. 2020	
113002	neuron 100780	671028	Paper: Phelps, Hildebrand, Graham et al. 2020	
112990	neuron 102694	671028	Paper: Phelps, Hildebrand, Graham et al. 2020	
112978	neuron 100648	671028	Paper: Phelps, Hildebrand, Graham et al. 2020	
112965	neuron 99367	671028	Paper: Phelps, Hildebrand, Graham et al. 2020	
112953	neuron 100006	671028	Paper: Phelps, Hildebrand, Graham et al. 2020	
112941	neuron 99745	671028	Paper: Phelps, Hildebrand, Graham et al. 2020	
112929	neuron 99867	671028	Paper: Phelps, Hildebrand, Graham et al. 2020	
112917	neuron 100890	671028	Paper: Phelps, Hildebrand, Graham et al. 2020	
112905	neuron 102806	671028	Paper: Phelps, Hildebrand, Graham et al. 2020	
112893	neuron 100630	671028	Paper: Phelps, Hildebrand, Graham et al. 2020	
112881	neuron 99348	671028	Paper: Phelps, Hildebrand, Graham et al. 2020	
112855	neuron 99467	671028	Paper: Phelps, Hildebrand, Graham et al. 2020	
26806	neuron 26807	671028	Paper: Phelps, Hildebrand, Graham et al. 2020	
26799	neuron 26800	671028	Paper: Phelps, Hildebrand, Graham et al. 2020	
26785	neuron 26786	671028	Paper: Phelps, Hildebrand, Graham et al. 2020	
12274	neuron 12275	671028	Paper: Phelps, Hildebrand, Graham et al. 2020	
12266	neuron 12267	671028	Paper: Phelps, Hildebrand, Graham et al. 2020	
12261	neuron 12262	671028	Paper: Phelps, Hildebrand, Graham et al. 2020	
12256	neuron 12257	671028	Paper: Phelps, Hildebrand, Graham et al. 2020	
12242	neuron 12243	671028	Paper: Phelps, Hildebrand, Graham et al. 2020	
12238	neuron 12239	671028	Paper: Phelps, Hildebrand, Graham et al. 2020	
12320	neuron 12321	671028	Paper: Phelps, Hildebrand, Graham et al. 2020	
11943	neuron 11944	671028	Paper: Phelps, Hildebrand, Graham et al. 2020	
11816	neuron 11817	671028	Paper: Phelps, Hildebrand, Graham et al. 2020	
11811	neuron 11812	671028	Paper: Phelps, Hildebrand, Graham et al. 2020	
11806	neuron 11807	671028	Paper: Phelps, Hildebrand, Graham et al. 2020	
11801	neuron 11802	671028	Paper: Phelps, Hildebrand, Graham et al. 2020	
11796	neuron 11797	671028	Paper: Phelps, Hildebrand, Graham et al. 2020	
11791	neuron 11792	671028	Paper: Phelps, Hildebrand, Graham et al. 2020	
11933	neuron 11934	671028	Paper: Phelps, Hildebrand, Graham et al. 2020	
12401	neuron 12402	671028	Paper: Phelps, Hildebrand, Graham et al. 2020	
12424	neuron 12425	671028	Paper: Phelps, Hildebrand, Graham et al. 2020	
12441	neuron 12442	671028	Paper: Phelps, Hildebrand, Graham et al. 2020	
12963	neuron 12964	671028	Paper: Phelps, Hildebrand, Graham et al. 2020	
12916	peripherally synapsing interneuron_left	671028	Paper: Phelps, Hildebrand, Graham et al. 2020	
12821	neuron 12822	671028	Paper: Phelps, Hildebrand, Graham et al. 2020	
12813	neuron 12814	671028	Paper: Phelps, Hildebrand, Graham et al. 2020	
12802	neuron 12803	671028	Paper: Phelps, Hildebrand, Graham et al. 2020	
12785	neuron 12786	671028	Paper: Phelps, Hildebrand, Graham et al. 2020	
12781	neuron 12782	671028	Paper: Phelps, Hildebrand, Graham et al. 2020	
12766	neuron 12767	671028	Paper: Phelps, Hildebrand, Graham et al. 2020	
12735	neuron 12736	671028	Paper: Phelps, Hildebrand, Graham et al. 2020	
12707	neuron 12708	671028	Paper: Phelps, Hildebrand, Graham et al. 2020	
12637	neuron 12638	671028	Paper: Phelps, Hildebrand, Graham et al. 2020	
12602	neuron 12603	671028	Paper: Phelps, Hildebrand, Graham et al. 2020	
12478	neuron 12479	671028	Paper: Phelps, Hildebrand, Graham et al. 2020	
12472	neuron 12473	671028	Paper: Phelps, Hildebrand, Graham et al. 2020	
12450	neuron 12451	671028	Paper: Phelps, Hildebrand, Graham et al. 2020	
11786	neuron 11787	671028	Paper: Phelps, Hildebrand, Graham et al. 2020	
11773	neuron 11774	671028	Paper: Phelps, Hildebrand, Graham et al. 2020	
11769	neuron 11770	671028	Paper: Phelps, Hildebrand, Graham et al. 2020	
11747	neuron 11748	671028	Paper: Phelps, Hildebrand, Graham et al. 2020	
11338	neuron 11339	671028	Paper: Phelps, Hildebrand, Graham et al. 2020	
11319	neuron 11320	671028	Paper: Phelps, Hildebrand, Graham et al. 2020	
11298	neuron 11299	671028	Paper: Phelps, Hildebrand, Graham et al. 2020	
11284	neuron 11285	671028	Paper: Phelps, Hildebrand, Graham et al. 2020	
11212	neuron 11213	671028	Paper: Phelps, Hildebrand, Graham et al. 2020	
11181	neuron 11182	671028	Paper: Phelps, Hildebrand, Graham et al. 2020	
11171	neuron 11172	671028	Paper: Phelps, Hildebrand, Graham et al. 2020	
11126	neuron 11127	671028	Paper: Phelps, Hildebrand, Graham et al. 2020	
11061	neuron 11062	671028	Paper: Phelps, Hildebrand, Graham et al. 2020	
11051	neuron 11052	671028	Paper: Phelps, Hildebrand, Graham et al. 2020	
11042	neuron 11043	671028	Paper: Phelps, Hildebrand, Graham et al. 2020	
11010	neuron 11011	671028	Paper: Phelps, Hildebrand, Graham et al. 2020	
11001	neuron 11002	671028	Paper: Phelps, Hildebrand, Graham et al. 2020	
10985	neuron 10986	671028	Paper: Phelps, Hildebrand, Graham et al. 2020	
10970	neuron 10971	671028	Paper: Phelps, Hildebrand, Graham et al. 2020	
11348	neuron 11349	671028	Paper: Phelps, Hildebrand, Graham et al. 2020	
12968	neuron 12969	671028	Paper: Phelps, Hildebrand, Graham et al. 2020	
11379	neuron 11380	671028	Paper: Phelps, Hildebrand, Graham et al. 2020	
11402	neuron 11403	671028	Paper: Phelps, Hildebrand, Graham et al. 2020	
11743	neuron 11744	671028	Paper: Phelps, Hildebrand, Graham et al. 2020	
11739	neuron 11740	671028	Paper: Phelps, Hildebrand, Graham et al. 2020	
11714	neuron 11715	671028	Paper: Phelps, Hildebrand, Graham et al. 2020	
11697	neuron 11698	671028	Paper: Phelps, Hildebrand, Graham et al. 2020	
11681	neuron 11682	671028	Paper: Phelps, Hildebrand, Graham et al. 2020	
11656	neuron 11657	671028	Paper: Phelps, Hildebrand, Graham et al. 2020	
11615	neuron 11616	671028	Paper: Phelps, Hildebrand, Graham et al. 2020	
11607	neuron 11608	671028	Paper: Phelps, Hildebrand, Graham et al. 2020	
11596	neuron 11597	671028	Paper: Phelps, Hildebrand, Graham et al. 2020	
11497	neuron 11498	671028	Paper: Phelps, Hildebrand, Graham et al. 2020	
11492	neuron 11493	671028	Paper: Phelps, Hildebrand, Graham et al. 2020	
11487	neuron 11488	671028	Paper: Phelps, Hildebrand, Graham et al. 2020	
11467	neuron 11468	671028	Paper: Phelps, Hildebrand, Graham et al. 2020	
11439	neuron 11440	671028	Paper: Phelps, Hildebrand, Graham et al. 2020	
11412	neuron 11413	671028	Paper: Phelps, Hildebrand, Graham et al. 2020	
11391	neuron 11392	671028	Paper: Phelps, Hildebrand, Graham et al. 2020	
10840	neuron 10841	671028	Paper: Phelps, Hildebrand, Graham et al. 2020	
12989	neuron 12990	671028	Paper: Phelps, Hildebrand, Graham et al. 2020	
13018	neuron 13019	671028	Paper: Phelps, Hildebrand, Graham et al. 2020	
16759	neuron 16760	671028	Paper: Phelps, Hildebrand, Graham et al. 2020	
16754	neuron 16755	671028	Paper: Phelps, Hildebrand, Graham et al. 2020	
16704	neuron 16705	671028	Paper: Phelps, Hildebrand, Graham et al. 2020	
16681	neuron 16682	671028	Paper: Phelps, Hildebrand, Graham et al. 2020	
16581	neuron 16582	671028	Paper: Phelps, Hildebrand, Graham et al. 2020	
16241	neuron 16242	671028	Paper: Phelps, Hildebrand, Graham et al. 2020	
16764	neuron 16765	671028	Paper: Phelps, Hildebrand, Graham et al. 2020	
16222	neuron 16223	671028	Paper: Phelps, Hildebrand, Graham et al. 2020	
16184	neuron 16185	671028	Paper: Phelps, Hildebrand, Graham et al. 2020	
16070	neuron 16071	671028	Paper: Phelps, Hildebrand, Graham et al. 2020	
16054	neuron 16055	671028	Paper: Phelps, Hildebrand, Graham et al. 2020	
16049	neuron 16050	671028	Paper: Phelps, Hildebrand, Graham et al. 2020	
16045	neuron 16046	671028	Paper: Phelps, Hildebrand, Graham et al. 2020	
16040	neuron 16041	671028	Paper: Phelps, Hildebrand, Graham et al. 2020	
16217	neuron 16218	671028	Paper: Phelps, Hildebrand, Graham et al. 2020	
16769	neuron 16770	671028	Paper: Phelps, Hildebrand, Graham et al. 2020	
16801	neuron 16802	671028	Paper: Phelps, Hildebrand, Graham et al. 2020	
16810	neuron 16811	671028	Paper: Phelps, Hildebrand, Graham et al. 2020	
18194	neuron 18195	671028	Paper: Phelps, Hildebrand, Graham et al. 2020	
18190	neuron 18191	671028	Paper: Phelps, Hildebrand, Graham et al. 2020	
18034	neuron 18035	671028	Paper: Phelps, Hildebrand, Graham et al. 2020	
18025	neuron 18026	671028	Paper: Phelps, Hildebrand, Graham et al. 2020	
17999	neuron 18000	671028	Paper: Phelps, Hildebrand, Graham et al. 2020	
17897	neuron 17898	671028	Paper: Phelps, Hildebrand, Graham et al. 2020	
17764	neuron 17765	671028	Paper: Phelps, Hildebrand, Graham et al. 2020	
17664	neuron 17665	671028	Paper: Phelps, Hildebrand, Graham et al. 2020	
17386	neuron 17387	671028	Paper: Phelps, Hildebrand, Graham et al. 2020	
16879	neuron 16880	671028	Paper: Phelps, Hildebrand, Graham et al. 2020	
16873	neuron 16874	671028	Paper: Phelps, Hildebrand, Graham et al. 2020	
16856	neuron 16857	671028	Paper: Phelps, Hildebrand, Graham et al. 2020	
16850	neuron 16851	671028	Paper: Phelps, Hildebrand, Graham et al. 2020	
16832	neuron 16833	671028	Paper: Phelps, Hildebrand, Graham et al. 2020	
16828	neuron 16829	671028	Paper: Phelps, Hildebrand, Graham et al. 2020	
16025	neuron 16026	671028	Paper: Phelps, Hildebrand, Graham et al. 2020	
16011	neuron 16012	671028	Paper: Phelps, Hildebrand, Graham et al. 2020	
15679	neuron 15680	671028	Paper: Phelps, Hildebrand, Graham et al. 2020	
15516	neuron 15517	671028	Paper: Phelps, Hildebrand, Graham et al. 2020	
14561	neuron 14562	671028	Paper: Phelps, Hildebrand, Graham et al. 2020	
13957	neuron 13958	671028	Paper: Phelps, Hildebrand, Graham et al. 2020	
13950	neuron 13951	671028	Paper: Phelps, Hildebrand, Graham et al. 2020	
13746	neuron 13747	671028	Paper: Phelps, Hildebrand, Graham et al. 2020	
13188	neuron 13189	671028	Paper: Phelps, Hildebrand, Graham et al. 2020	
13169	neuron 13170	671028	Paper: Phelps, Hildebrand, Graham et al. 2020	
13094	neuron 13095	671028	Paper: Phelps, Hildebrand, Graham et al. 2020	
13078	neuron 13079	671028	Paper: Phelps, Hildebrand, Graham et al. 2020	
13069	neuron 13070	671028	Paper: Phelps, Hildebrand, Graham et al. 2020	
13053	neuron 13054	671028	Paper: Phelps, Hildebrand, Graham et al. 2020	
13048	neuron 13049	671028	Paper: Phelps, Hildebrand, Graham et al. 2020	
13044	neuron 13045	671028	Paper: Phelps, Hildebrand, Graham et al. 2020	
13035	neuron 13036	671028	Paper: Phelps, Hildebrand, Graham et al. 2020	
13030	neuron 13031	671028	Paper: Phelps, Hildebrand, Graham et al. 2020	
13024	neuron 13025	671028	Paper: Phelps, Hildebrand, Graham et al. 2020	
14712	neuron 14713	671028	Paper: Phelps, Hildebrand, Graham et al. 2020	
13012	neuron 13013	671028	Paper: Phelps, Hildebrand, Graham et al. 2020	
14720	neuron 14721	671028	Paper: Phelps, Hildebrand, Graham et al. 2020	
14820	neuron 14821	671028	Paper: Phelps, Hildebrand, Graham et al. 2020	
15510	neuron 15511	671028	Paper: Phelps, Hildebrand, Graham et al. 2020	
15504	neuron 15505	671028	Paper: Phelps, Hildebrand, Graham et al. 2020	
15498	neuron 15499	671028	Paper: Phelps, Hildebrand, Graham et al. 2020	
15212	neuron 15213	671028	Paper: Phelps, Hildebrand, Graham et al. 2020	
15163	neuron 15164	671028	Paper: Phelps, Hildebrand, Graham et al. 2020	
15125	neuron 15126	671028	Paper: Phelps, Hildebrand, Graham et al. 2020	
15098	neuron 15099	671028	Paper: Phelps, Hildebrand, Graham et al. 2020	
15083	neuron 15084	671028	Paper: Phelps, Hildebrand, Graham et al. 2020	
15047	neuron 15048	671028	Paper: Phelps, Hildebrand, Graham et al. 2020	
14969	neuron 14970	671028	Paper: Phelps, Hildebrand, Graham et al. 2020	
14948	neuron 14949	671028	Paper: Phelps, Hildebrand, Graham et al. 2020	
14939	neuron 14940	671028	Paper: Phelps, Hildebrand, Graham et al. 2020	
14905	neuron 14906	671028	Paper: Phelps, Hildebrand, Graham et al. 2020	
14897	neuron 14898	671028	Paper: Phelps, Hildebrand, Graham et al. 2020	
14892	neuron 14893	671028	Paper: Phelps, Hildebrand, Graham et al. 2020	
14766	neuron 14767	671028	Paper: Phelps, Hildebrand, Graham et al. 2020	
18201	neuron 18202	671028	Paper: Phelps, Hildebrand, Graham et al. 2020	
10828	neuron 10829	671028	Paper: Phelps, Hildebrand, Graham et al. 2020	
10801	neuron 10802	671028	Paper: Phelps, Hildebrand, Graham et al. 2020	
3822	neuron 3823	671028	Paper: Phelps, Hildebrand, Graham et al. 2020	
3817	neuron 3818	671028	Paper: Phelps, Hildebrand, Graham et al. 2020	
3807	neuron 3808	671028	Paper: Phelps, Hildebrand, Graham et al. 2020	
3802	neuron 3803	671028	Paper: Phelps, Hildebrand, Graham et al. 2020	
3792	neuron 3793	671028	Paper: Phelps, Hildebrand, Graham et al. 2020	
3787	neuron 3788	671028	Paper: Phelps, Hildebrand, Graham et al. 2020	
3832	neuron 3833	671028	Paper: Phelps, Hildebrand, Graham et al. 2020	
3039	neuron 3040	671028	Paper: Phelps, Hildebrand, Graham et al. 2020	
2713	neuron 2714	671028	Paper: Phelps, Hildebrand, Graham et al. 2020	
2235	neuron 2236	671028	Paper: Phelps, Hildebrand, Graham et al. 2020	
2231	neuron 2232	671028	Paper: Phelps, Hildebrand, Graham et al. 2020	
2219	neuron 2220	671028	Paper: Phelps, Hildebrand, Graham et al. 2020	
2215	neuron 2216	671028	Paper: Phelps, Hildebrand, Graham et al. 2020	
2211	neuron 2212	671028	Paper: Phelps, Hildebrand, Graham et al. 2020	
3005	neuron 3006	671028	Paper: Phelps, Hildebrand, Graham et al. 2020	
3837	neuron 3838	671028	Paper: Phelps, Hildebrand, Graham et al. 2020	
6105	neuron 6106	671028	Paper: Phelps, Hildebrand, Graham et al. 2020	
6121	neuron 6122	671028	Paper: Phelps, Hildebrand, Graham et al. 2020	
9174	neuron 9175	671028	Paper: Phelps, Hildebrand, Graham et al. 2020	
9170	neuron 9171	671028	Paper: Phelps, Hildebrand, Graham et al. 2020	
9028	neuron 9029	671028	Paper: Phelps, Hildebrand, Graham et al. 2020	
9024	neuron 9025	671028	Paper: Phelps, Hildebrand, Graham et al. 2020	
9020	neuron 9021	671028	Paper: Phelps, Hildebrand, Graham et al. 2020	
9016	neuron 9017	671028	Paper: Phelps, Hildebrand, Graham et al. 2020	
9012	neuron 9013	671028	Paper: Phelps, Hildebrand, Graham et al. 2020	
9008	neuron 9009	671028	Paper: Phelps, Hildebrand, Graham et al. 2020	
9004	neuron 9005	671028	Paper: Phelps, Hildebrand, Graham et al. 2020	
9000	neuron 9001	671028	Paper: Phelps, Hildebrand, Graham et al. 2020	
8995	neuron 8996	671028	Paper: Phelps, Hildebrand, Graham et al. 2020	
8991	neuron 8992	671028	Paper: Phelps, Hildebrand, Graham et al. 2020	
8564	neuron 8565	671028	Paper: Phelps, Hildebrand, Graham et al. 2020	
6717	Neuron 6718	671028	Paper: Phelps, Hildebrand, Graham et al. 2020	
6653	neuron 6654	671028	Paper: Phelps, Hildebrand, Graham et al. 2020	
2179	neuron 2180	671028	Paper: Phelps, Hildebrand, Graham et al. 2020	
584	neuron 585	671028	Paper: Phelps, Hildebrand, Graham et al. 2020	
580	neuron 581	671028	Paper: Phelps, Hildebrand, Graham et al. 2020	
572	neuron 573	671028	Paper: Phelps, Hildebrand, Graham et al. 2020	
467	neuron 468	671028	Paper: Phelps, Hildebrand, Graham et al. 2020	
463	neuron 464	671028	Paper: Phelps, Hildebrand, Graham et al. 2020	
459	neuron 460	671028	Paper: Phelps, Hildebrand, Graham et al. 2020	
451	neuron 452	671028	Paper: Phelps, Hildebrand, Graham et al. 2020	
434	neuron 435	671028	Paper: Phelps, Hildebrand, Graham et al. 2020	
418	neuron 419	671028	Paper: Phelps, Hildebrand, Graham et al. 2020	
386	neuron 387	671028	Paper: Phelps, Hildebrand, Graham et al. 2020	
358	neuron 359	671028	Paper: Phelps, Hildebrand, Graham et al. 2020	
346	neuron 347	671028	Paper: Phelps, Hildebrand, Graham et al. 2020	
342	neuron 343	671028	Paper: Phelps, Hildebrand, Graham et al. 2020	
338	neuron 339	671028	Paper: Phelps, Hildebrand, Graham et al. 2020	
330	neuron 331	671028	Paper: Phelps, Hildebrand, Graham et al. 2020	
326	neuron 327	671028	Paper: Phelps, Hildebrand, Graham et al. 2020	
322	neuron 323	671028	Paper: Phelps, Hildebrand, Graham et al. 2020	
318	neuron 319	671028	Paper: Phelps, Hildebrand, Graham et al. 2020	
471	neuron 472	671028	Paper: Phelps, Hildebrand, Graham et al. 2020	
9186	neuron 9187	671028	Paper: Phelps, Hildebrand, Graham et al. 2020	
475	neuron 476	671028	Paper: Phelps, Hildebrand, Graham et al. 2020	
483	neuron 484	671028	Paper: Phelps, Hildebrand, Graham et al. 2020	
568	neuron 569	671028	Paper: Phelps, Hildebrand, Graham et al. 2020	
560	neuron 561	671028	Paper: Phelps, Hildebrand, Graham et al. 2020	
556	neuron 557	671028	Paper: Phelps, Hildebrand, Graham et al. 2020	
547	neuron 548	671028	Paper: Phelps, Hildebrand, Graham et al. 2020	
543	neuron 544	671028	Paper: Phelps, Hildebrand, Graham et al. 2020	
539	neuron 540	671028	Paper: Phelps, Hildebrand, Graham et al. 2020	
531	neuron 532	671028	Paper: Phelps, Hildebrand, Graham et al. 2020	
523	neuron 524	671028	Paper: Phelps, Hildebrand, Graham et al. 2020	
515	neuron 516	671028	Paper: Phelps, Hildebrand, Graham et al. 2020	
511	neuron 512	671028	Paper: Phelps, Hildebrand, Graham et al. 2020	
503	neuron 504	671028	Paper: Phelps, Hildebrand, Graham et al. 2020	
499	neuron 500	671028	Paper: Phelps, Hildebrand, Graham et al. 2020	
495	neuron 496	671028	Paper: Phelps, Hildebrand, Graham et al. 2020	
491	neuron 492	671028	Paper: Phelps, Hildebrand, Graham et al. 2020	
487	neuron 488	671028	Paper: Phelps, Hildebrand, Graham et al. 2020	
479	neuron 480	671028	Paper: Phelps, Hildebrand, Graham et al. 2020	
10812	neuron 10813	671028	Paper: Phelps, Hildebrand, Graham et al. 2020	
9190	neuron 9191	671028	Paper: Phelps, Hildebrand, Graham et al. 2020	
9202	neuron 9203	671028	Paper: Phelps, Hildebrand, Graham et al. 2020	
10546	neuron 10547	671028	Paper: Phelps, Hildebrand, Graham et al. 2020	
10541	neuron 10542	671028	Paper: Phelps, Hildebrand, Graham et al. 2020	
10535	neuron 10536	671028	Paper: Phelps, Hildebrand, Graham et al. 2020	
10530	neuron 10531	671028	Paper: Phelps, Hildebrand, Graham et al. 2020	
10525	neuron 10526	671028	Paper: Phelps, Hildebrand, Graham et al. 2020	
10423	neuron 10424	671028	Paper: Phelps, Hildebrand, Graham et al. 2020	
10551	neuron 10552	671028	Paper: Phelps, Hildebrand, Graham et al. 2020	
10413	neuron 10414	671028	Paper: Phelps, Hildebrand, Graham et al. 2020	
10392	neuron 10393	671028	Paper: Phelps, Hildebrand, Graham et al. 2020	
10384	neuron 10385	671028	Paper: Phelps, Hildebrand, Graham et al. 2020	
10376	neuron 10377	671028	Paper: Phelps, Hildebrand, Graham et al. 2020	
10371	neuron 10372	671028	Paper: Phelps, Hildebrand, Graham et al. 2020	
10366	neuron 10367	671028	Paper: Phelps, Hildebrand, Graham et al. 2020	
10298	neuron 10299	671028	Paper: Phelps, Hildebrand, Graham et al. 2020	
10406	neuron 10407	671028	Paper: Phelps, Hildebrand, Graham et al. 2020	
10556	neuron 10557	671028	Paper: Phelps, Hildebrand, Graham et al. 2020	
10561	neuron 10562	671028	Paper: Phelps, Hildebrand, Graham et al. 2020	
10566	neuron 10567	671028	Paper: Phelps, Hildebrand, Graham et al. 2020	
10795	neuron 10796	671028	Paper: Phelps, Hildebrand, Graham et al. 2020	
10780	neuron 10781	671028	Paper: Phelps, Hildebrand, Graham et al. 2020	
10775	neuron 10776	671028	Paper: Phelps, Hildebrand, Graham et al. 2020	
10767	neuron 10768	671028	Paper: Phelps, Hildebrand, Graham et al. 2020	
10679	neuron 10680	671028	Paper: Phelps, Hildebrand, Graham et al. 2020	
10672	neuron 10673	671028	Paper: Phelps, Hildebrand, Graham et al. 2020	
10665	neuron 10666	671028	Paper: Phelps, Hildebrand, Graham et al. 2020	
10660	neuron 10661	671028	Paper: Phelps, Hildebrand, Graham et al. 2020	
10655	neuron 10656	671028	Paper: Phelps, Hildebrand, Graham et al. 2020	
10650	neuron 10651	671028	Paper: Phelps, Hildebrand, Graham et al. 2020	
10645	neuron 10646	671028	Paper: Phelps, Hildebrand, Graham et al. 2020	
10640	neuron 10641	671028	Paper: Phelps, Hildebrand, Graham et al. 2020	
10581	neuron 10582	671028	Paper: Phelps, Hildebrand, Graham et al. 2020	
10576	neuron 10577	671028	Paper: Phelps, Hildebrand, Graham et al. 2020	
10571	neuron 10572	671028	Paper: Phelps, Hildebrand, Graham et al. 2020	
10258	neuron 10259	671028	Paper: Phelps, Hildebrand, Graham et al. 2020	
10252	neuron 10253	671028	Paper: Phelps, Hildebrand, Graham et al. 2020	
10247	neuron 10248	671028	Paper: Phelps, Hildebrand, Graham et al. 2020	
10242	neuron 10243	671028	Paper: Phelps, Hildebrand, Graham et al. 2020	
9851	neuron 9852	671028	Paper: Phelps, Hildebrand, Graham et al. 2020	
9841	neuron 9842	671028	Paper: Phelps, Hildebrand, Graham et al. 2020	
9796	neuron 9797	671028	Paper: Phelps, Hildebrand, Graham et al. 2020	
9771	neuron 9772	671028	Paper: Phelps, Hildebrand, Graham et al. 2020	
9754	neuron 9755	671028	Paper: Phelps, Hildebrand, Graham et al. 2020	
9745	neuron 9746	671028	Paper: Phelps, Hildebrand, Graham et al. 2020	
9708	neuron 9709	671028	Paper: Phelps, Hildebrand, Graham et al. 2020	
9686	neuron 9687	671028	Paper: Phelps, Hildebrand, Graham et al. 2020	
9629	neuron 9630	671028	Paper: Phelps, Hildebrand, Graham et al. 2020	
9556	neuron 9557	671028	Paper: Phelps, Hildebrand, Graham et al. 2020	
9551	neuron 9552	671028	Paper: Phelps, Hildebrand, Graham et al. 2020	
9493	neuron 9494	671028	Paper: Phelps, Hildebrand, Graham et al. 2020	
9476	neuron 9477	671028	Paper: Phelps, Hildebrand, Graham et al. 2020	
9210	neuron 9211	671028	Paper: Phelps, Hildebrand, Graham et al. 2020	
9206	neuron 9207	671028	Paper: Phelps, Hildebrand, Graham et al. 2020	
9856	neuron 9857	671028	Paper: Phelps, Hildebrand, Graham et al. 2020	
9194	neuron 9195	671028	Paper: Phelps, Hildebrand, Graham et al. 2020	
9861	neuron 9862	671028	Paper: Phelps, Hildebrand, Graham et al. 2020	
9872	neuron 9873	671028	Paper: Phelps, Hildebrand, Graham et al. 2020	
10237	neuron 10238	671028	Paper: Phelps, Hildebrand, Graham et al. 2020	
10232	neuron 10233	671028	Paper: Phelps, Hildebrand, Graham et al. 2020	
10227	neuron 10228	671028	Paper: Phelps, Hildebrand, Graham et al. 2020	
10222	neuron 10223	671028	Paper: Phelps, Hildebrand, Graham et al. 2020	
10217	neuron 10218	671028	Paper: Phelps, Hildebrand, Graham et al. 2020	
10212	neuron 10213	671028	Paper: Phelps, Hildebrand, Graham et al. 2020	
10207	neuron 10208	671028	Paper: Phelps, Hildebrand, Graham et al. 2020	
9934	neuron 9935	671028	Paper: Phelps, Hildebrand, Graham et al. 2020	
9928	neuron 9929	671028	Paper: Phelps, Hildebrand, Graham et al. 2020	
9912	neuron 9913	671028	Paper: Phelps, Hildebrand, Graham et al. 2020	
9898	neuron 9899	671028	Paper: Phelps, Hildebrand, Graham et al. 2020	
9892	neuron 9893	671028	Paper: Phelps, Hildebrand, Graham et al. 2020	
9887	neuron 9888	671028	Paper: Phelps, Hildebrand, Graham et al. 2020	
9882	neuron 9883	671028	Paper: Phelps, Hildebrand, Graham et al. 2020	
9877	neuron 9878	671028	Paper: Phelps, Hildebrand, Graham et al. 2020	
9866	neuron 9867	671028	Paper: Phelps, Hildebrand, Graham et al. 2020	
244638	Neuron 244639	671028	Paper: Phelps, Hildebrand, Graham et al. 2020	
18205	neuron 18206	671028	Paper: Phelps, Hildebrand, Graham et al. 2020	
18341	neuron 18342	671028	Paper: Phelps, Hildebrand, Graham et al. 2020	
25130	neuron 25131	671028	Paper: Phelps, Hildebrand, Graham et al. 2020	
25126	neuron 25127	671028	Paper: Phelps, Hildebrand, Graham et al. 2020	
25119	neuron 25120	671028	Paper: Phelps, Hildebrand, Graham et al. 2020	
25105	neuron 25106	671028	Paper: Phelps, Hildebrand, Graham et al. 2020	
25095	neuron 25096	671028	Paper: Phelps, Hildebrand, Graham et al. 2020	
25084	neuron 25085	671028	Paper: Phelps, Hildebrand, Graham et al. 2020	
25140	neuron 25141	671028	Paper: Phelps, Hildebrand, Graham et al. 2020	
25070	neuron 25071	671028	Paper: Phelps, Hildebrand, Graham et al. 2020	
25053	neuron 25054	671028	Paper: Phelps, Hildebrand, Graham et al. 2020	
25046	neuron 25047	671028	Paper: Phelps, Hildebrand, Graham et al. 2020	
25042	neuron 25043	671028	Paper: Phelps, Hildebrand, Graham et al. 2020	
25032	neuron 25033	671028	Paper: Phelps, Hildebrand, Graham et al. 2020	
25021	neuron 25022	671028	Paper: Phelps, Hildebrand, Graham et al. 2020	
25014	neuron 25015	671028	Paper: Phelps, Hildebrand, Graham et al. 2020	
25063	neuron 25064	671028	Paper: Phelps, Hildebrand, Graham et al. 2020	
25161	neuron 25162	671028	Paper: Phelps, Hildebrand, Graham et al. 2020	
25165	neuron 25166	671028	Paper: Phelps, Hildebrand, Graham et al. 2020	
25205	neuron 25206	671028	Paper: Phelps, Hildebrand, Graham et al. 2020	
25417	neuron 25418	671028	Paper: Phelps, Hildebrand, Graham et al. 2020	
25403	neuron 25404	671028	Paper: Phelps, Hildebrand, Graham et al. 2020	
25374	neuron 25375	671028	Paper: Phelps, Hildebrand, Graham et al. 2020	
25349	neuron 25350	671028	Paper: Phelps, Hildebrand, Graham et al. 2020	
25335	neuron 25336	671028	Paper: Phelps, Hildebrand, Graham et al. 2020	
25311	neuron 25312	671028	Paper: Phelps, Hildebrand, Graham et al. 2020	
25304	neuron 25305	671028	Paper: Phelps, Hildebrand, Graham et al. 2020	
25299	neuron 25300	671028	Paper: Phelps, Hildebrand, Graham et al. 2020	
25285	neuron 25286	671028	Paper: Phelps, Hildebrand, Graham et al. 2020	
25275	neuron 25276	671028	Paper: Phelps, Hildebrand, Graham et al. 2020	
25264	neuron 25265	671028	Paper: Phelps, Hildebrand, Graham et al. 2020	
25257	neuron 25258	671028	Paper: Phelps, Hildebrand, Graham et al. 2020	
25249	neuron 25250	671028	Paper: Phelps, Hildebrand, Graham et al. 2020	
25229	neuron 25230	671028	Paper: Phelps, Hildebrand, Graham et al. 2020	
25214	neuron 25215	671028	Paper: Phelps, Hildebrand, Graham et al. 2020	
24987	neuron 24988	671028	Paper: Phelps, Hildebrand, Graham et al. 2020	
24963	neuron 24964	671028	Paper: Phelps, Hildebrand, Graham et al. 2020	
24956	neuron 24957	671028	Paper: Phelps, Hildebrand, Graham et al. 2020	
24952	neuron 24953	671028	Paper: Phelps, Hildebrand, Graham et al. 2020	
24529	neuron 24530	671028	Paper: Phelps, Hildebrand, Graham et al. 2020	
24501	neuron 24502	671028	Paper: Phelps, Hildebrand, Graham et al. 2020	
24488	neuron 24489	671028	Paper: Phelps, Hildebrand, Graham et al. 2020	
24475	neuron 24476	671028	Paper: Phelps, Hildebrand, Graham et al. 2020	
24430	neuron 24431	671028	Paper: Phelps, Hildebrand, Graham et al. 2020	
24425	neuron 24426	671028	Paper: Phelps, Hildebrand, Graham et al. 2020	
24405	neuron 24406	671028	Paper: Phelps, Hildebrand, Graham et al. 2020	
24376	neuron 24377	671028	Paper: Phelps, Hildebrand, Graham et al. 2020	
24349	neuron 24350	671028	Paper: Phelps, Hildebrand, Graham et al. 2020	
24335	neuron 24336	671028	Paper: Phelps, Hildebrand, Graham et al. 2020	
24300	neuron 24301	671028	Paper: Phelps, Hildebrand, Graham et al. 2020	
24290	neuron 24291	671028	Paper: Phelps, Hildebrand, Graham et al. 2020	
24286	neuron 24287	671028	Paper: Phelps, Hildebrand, Graham et al. 2020	
24111	neuron 24112	671028	Paper: Phelps, Hildebrand, Graham et al. 2020	
24058	neuron 24059	671028	Paper: Phelps, Hildebrand, Graham et al. 2020	
24596	neuron 24597	671028	Paper: Phelps, Hildebrand, Graham et al. 2020	
25424	neuron 25425	671028	Paper: Phelps, Hildebrand, Graham et al. 2020	
24645	neuron 24646	671028	Paper: Phelps, Hildebrand, Graham et al. 2020	
24711	neuron 24712	671028	Paper: Phelps, Hildebrand, Graham et al. 2020	
24938	neuron 24939	671028	Paper: Phelps, Hildebrand, Graham et al. 2020	
24916	neuron 24917	671028	Paper: Phelps, Hildebrand, Graham et al. 2020	
24900	neuron 24901	671028	Paper: Phelps, Hildebrand, Graham et al. 2020	
24893	neuron 24894	671028	Paper: Phelps, Hildebrand, Graham et al. 2020	
24886	neuron 24887	671028	Paper: Phelps, Hildebrand, Graham et al. 2020	
24882	neuron 24883	671028	Paper: Phelps, Hildebrand, Graham et al. 2020	
24874	neuron 24875	671028	Paper: Phelps, Hildebrand, Graham et al. 2020	
24861	neuron 24862	671028	Paper: Phelps, Hildebrand, Graham et al. 2020	
24854	neuron 24855	671028	Paper: Phelps, Hildebrand, Graham et al. 2020	
24844	neuron 24845	671028	Paper: Phelps, Hildebrand, Graham et al. 2020	
24837	neuron 24838	671028	Paper: Phelps, Hildebrand, Graham et al. 2020	
24830	neuron 24831	671028	Paper: Phelps, Hildebrand, Graham et al. 2020	
24816	neuron 24817	671028	Paper: Phelps, Hildebrand, Graham et al. 2020	
24738	neuron 24739	671028	Paper: Phelps, Hildebrand, Graham et al. 2020	
24734	neuron 24735	671028	Paper: Phelps, Hildebrand, Graham et al. 2020	
24655	neuron 24656	671028	Paper: Phelps, Hildebrand, Graham et al. 2020	
24047	neuron 24048	671028	Paper: Phelps, Hildebrand, Graham et al. 2020	
25498	neuron 25499	671028	Paper: Phelps, Hildebrand, Graham et al. 2020	
25536	neuron 25537	671028	Paper: Phelps, Hildebrand, Graham et al. 2020	
26166	neuron 26167	671028	Paper: Phelps, Hildebrand, Graham et al. 2020	
26158	neuron 26159	671028	Paper: Phelps, Hildebrand, Graham et al. 2020	
26145	neuron 26146	671028	Paper: Phelps, Hildebrand, Graham et al. 2020	
26138	neuron 26139	671028	Paper: Phelps, Hildebrand, Graham et al. 2020	
26124	neuron 26125	671028	Paper: Phelps, Hildebrand, Graham et al. 2020	
26117	neuron 26118	671028	Paper: Phelps, Hildebrand, Graham et al. 2020	
26173	neuron 26174	671028	Paper: Phelps, Hildebrand, Graham et al. 2020	
26110	neuron 26111	671028	Paper: Phelps, Hildebrand, Graham et al. 2020	
26088	neuron 26089	671028	Paper: Phelps, Hildebrand, Graham et al. 2020	
26081	neuron 26082	671028	Paper: Phelps, Hildebrand, Graham et al. 2020	
26077	neuron 26078	671028	Paper: Phelps, Hildebrand, Graham et al. 2020	
26070	neuron 26071	671028	Paper: Phelps, Hildebrand, Graham et al. 2020	
26061	neuron 26062	671028	Paper: Phelps, Hildebrand, Graham et al. 2020	
26054	neuron 26055	671028	Paper: Phelps, Hildebrand, Graham et al. 2020	
26103	neuron 26104	671028	Paper: Phelps, Hildebrand, Graham et al. 2020	
26180	neuron 26181	671028	Paper: Phelps, Hildebrand, Graham et al. 2020	
26194	neuron 26195	671028	Paper: Phelps, Hildebrand, Graham et al. 2020	
26198	neuron 26199	671028	Paper: Phelps, Hildebrand, Graham et al. 2020	
26778	neuron 26779	671028	Paper: Phelps, Hildebrand, Graham et al. 2020	
26771	neuron 26772	671028	Paper: Phelps, Hildebrand, Graham et al. 2020	
26715	neuron 26716	671028	Paper: Phelps, Hildebrand, Graham et al. 2020	
26708	neuron 26709	671028	Paper: Phelps, Hildebrand, Graham et al. 2020	
26568	neuron 26569	671028	Paper: Phelps, Hildebrand, Graham et al. 2020	
26438	neuron 26439	671028	Paper: Phelps, Hildebrand, Graham et al. 2020	
26431	neuron 26432	671028	Paper: Phelps, Hildebrand, Graham et al. 2020	
26417	neuron 26418	671028	Paper: Phelps, Hildebrand, Graham et al. 2020	
26389	neuron 26390	671028	Paper: Phelps, Hildebrand, Graham et al. 2020	
26382	neuron 26383	671028	Paper: Phelps, Hildebrand, Graham et al. 2020	
26375	neuron 26376	671028	Paper: Phelps, Hildebrand, Graham et al. 2020	
26276	neuron 26277	671028	Paper: Phelps, Hildebrand, Graham et al. 2020	
26269	neuron 26270	671028	Paper: Phelps, Hildebrand, Graham et al. 2020	
26262	neuron 26263	671028	Paper: Phelps, Hildebrand, Graham et al. 2020	
26241	neuron 26242	671028	Paper: Phelps, Hildebrand, Graham et al. 2020	
26048	neuron 26049	671028	Paper: Phelps, Hildebrand, Graham et al. 2020	
26039	neuron 26040	671028	Paper: Phelps, Hildebrand, Graham et al. 2020	
26033	neuron 26034	671028	Paper: Phelps, Hildebrand, Graham et al. 2020	
26028	neuron 26029	671028	Paper: Phelps, Hildebrand, Graham et al. 2020	
25827	neuron 25828	671028	Paper: Phelps, Hildebrand, Graham et al. 2020	
25807	neuron 25808	671028	Paper: Phelps, Hildebrand, Graham et al. 2020	
25799	neuron 25800	671028	Paper: Phelps, Hildebrand, Graham et al. 2020	
25766	neuron 25767	671028	Paper: Phelps, Hildebrand, Graham et al. 2020	
25752	neuron 25753	671028	Paper: Phelps, Hildebrand, Graham et al. 2020	
25742	neuron 25743	671028	Paper: Phelps, Hildebrand, Graham et al. 2020	
25723	neuron 25724	671028	Paper: Phelps, Hildebrand, Graham et al. 2020	
25709	neuron 25710	671028	Paper: Phelps, Hildebrand, Graham et al. 2020	
25664	neuron 25665	671028	Paper: Phelps, Hildebrand, Graham et al. 2020	
25622	neuron 25623	671028	Paper: Phelps, Hildebrand, Graham et al. 2020	
25601	neuron 25602	671028	Paper: Phelps, Hildebrand, Graham et al. 2020	
25597	neuron 25598	671028	Paper: Phelps, Hildebrand, Graham et al. 2020	
25590	neuron 25591	671028	Paper: Phelps, Hildebrand, Graham et al. 2020	
25562	neuron 25563	671028	Paper: Phelps, Hildebrand, Graham et al. 2020	
25543	neuron 25544	671028	Paper: Phelps, Hildebrand, Graham et al. 2020	
25834	neuron 25835	671028	Paper: Phelps, Hildebrand, Graham et al. 2020	
25528	neuron 25529	671028	Paper: Phelps, Hildebrand, Graham et al. 2020	
25841	neuron 25842	671028	Paper: Phelps, Hildebrand, Graham et al. 2020	
25855	neuron 25856	671028	Paper: Phelps, Hildebrand, Graham et al. 2020	
26020	neuron 26021	671028	Paper: Phelps, Hildebrand, Graham et al. 2020	
26011	neuron 26012	671028	Paper: Phelps, Hildebrand, Graham et al. 2020	
26006	neuron 26007	671028	Paper: Phelps, Hildebrand, Graham et al. 2020	
25997	neuron 25998	671028	Paper: Phelps, Hildebrand, Graham et al. 2020	
25993	neuron 25994	671028	Paper: Phelps, Hildebrand, Graham et al. 2020	
25979	neuron 25980	671028	Paper: Phelps, Hildebrand, Graham et al. 2020	
25969	neuron 25970	671028	Paper: Phelps, Hildebrand, Graham et al. 2020	
25958	neuron 25959	671028	Paper: Phelps, Hildebrand, Graham et al. 2020	
25929	neuron 25930	671028	Paper: Phelps, Hildebrand, Graham et al. 2020	
25918	neuron 25919	671028	Paper: Phelps, Hildebrand, Graham et al. 2020	
25908	neuron 25909	671028	Paper: Phelps, Hildebrand, Graham et al. 2020	
25890	neuron 25891	671028	Paper: Phelps, Hildebrand, Graham et al. 2020	
25876	neuron 25877	671028	Paper: Phelps, Hildebrand, Graham et al. 2020	
25869	neuron 25870	671028	Paper: Phelps, Hildebrand, Graham et al. 2020	
25862	neuron 25863	671028	Paper: Phelps, Hildebrand, Graham et al. 2020	
25848	neuron 25849	671028	Paper: Phelps, Hildebrand, Graham et al. 2020	
18215	neuron 18216	671028	Paper: Phelps, Hildebrand, Graham et al. 2020	
24040	neuron 24041	671028	Paper: Phelps, Hildebrand, Graham et al. 2020	
23995	neuron 23996	671028	Paper: Phelps, Hildebrand, Graham et al. 2020	
20949	neuron 20950	671028	Paper: Phelps, Hildebrand, Graham et al. 2020	
20936	neuron 20937	671028	Paper: Phelps, Hildebrand, Graham et al. 2020	
20925	neuron 20926	671028	Paper: Phelps, Hildebrand, Graham et al. 2020	
20917	neuron 20918	671028	Paper: Phelps, Hildebrand, Graham et al. 2020	
20889	neuron 20890	671028	Paper: Phelps, Hildebrand, Graham et al. 2020	
20866	neuron 20867	671028	Paper: Phelps, Hildebrand, Graham et al. 2020	
20956	neuron 20957	671028	Paper: Phelps, Hildebrand, Graham et al. 2020	
20854	neuron 20855	671028	Paper: Phelps, Hildebrand, Graham et al. 2020	
20839	neuron 20840	671028	Paper: Phelps, Hildebrand, Graham et al. 2020	
20120	neuron 20121	671028	Paper: Phelps, Hildebrand, Graham et al. 2020	
20113	neuron 20114	671028	Paper: Phelps, Hildebrand, Graham et al. 2020	
20084	neuron 20085	671028	Paper: Phelps, Hildebrand, Graham et al. 2020	
20074	neuron 20075	671028	Paper: Phelps, Hildebrand, Graham et al. 2020	
20067	neuron 20068	671028	Paper: Phelps, Hildebrand, Graham et al. 2020	
20847	neuron 20848	671028	Paper: Phelps, Hildebrand, Graham et al. 2020	
20968	neuron 20969	671028	Paper: Phelps, Hildebrand, Graham et al. 2020	
20975	neuron 20976	671028	Paper: Phelps, Hildebrand, Graham et al. 2020	
20982	neuron 20983	671028	Paper: Phelps, Hildebrand, Graham et al. 2020	
22133	neuron 22134	671028	Paper: Phelps, Hildebrand, Graham et al. 2020	
22119	neuron 22120	671028	Paper: Phelps, Hildebrand, Graham et al. 2020	
22089	neuron 22090	671028	Paper: Phelps, Hildebrand, Graham et al. 2020	
22034	neuron 22035	671028	Paper: Phelps, Hildebrand, Graham et al. 2020	
22018	neuron 22019	671028	Paper: Phelps, Hildebrand, Graham et al. 2020	
22004	neuron 22005	671028	Paper: Phelps, Hildebrand, Graham et al. 2020	
21993	neuron 21994	671028	Paper: Phelps, Hildebrand, Graham et al. 2020	
21957	neuron 21958	671028	Paper: Phelps, Hildebrand, Graham et al. 2020	
21901	neuron 21902	671028	Paper: Phelps, Hildebrand, Graham et al. 2020	
21894	neuron 21895	671028	Paper: Phelps, Hildebrand, Graham et al. 2020	
21873	neuron 21874	671028	Paper: Phelps, Hildebrand, Graham et al. 2020	
21337	neuron 21338	671028	Paper: Phelps, Hildebrand, Graham et al. 2020	
21243	neuron 21244	671028	Paper: Phelps, Hildebrand, Graham et al. 2020	
21097	neuron 21098	671028	Paper: Phelps, Hildebrand, Graham et al. 2020	
21086	Neuron 21087	671028	Paper: Phelps, Hildebrand, Graham et al. 2020	
19457	neuron 19458	671028	Paper: Phelps, Hildebrand, Graham et al. 2020	
19450	neuron 19451	671028	Paper: Phelps, Hildebrand, Graham et al. 2020	
19443	neuron 19444	671028	Paper: Phelps, Hildebrand, Graham et al. 2020	
19423	neuron 19424	671028	Paper: Phelps, Hildebrand, Graham et al. 2020	
18543	neuron 18544	671028	Paper: Phelps, Hildebrand, Graham et al. 2020	
18516	neuron 18517	671028	Paper: Phelps, Hildebrand, Graham et al. 2020	
18459	neuron 18460	671028	Paper: Phelps, Hildebrand, Graham et al. 2020	
18454	neuron 18455	671028	Paper: Phelps, Hildebrand, Graham et al. 2020	
18449	neuron 18450	671028	Paper: Phelps, Hildebrand, Graham et al. 2020	
18437	neuron 18438	671028	Paper: Phelps, Hildebrand, Graham et al. 2020	
18432	neuron 18433	671028	Paper: Phelps, Hildebrand, Graham et al. 2020	
18423	neuron 18424	671028	Paper: Phelps, Hildebrand, Graham et al. 2020	
18414	neuron 18415	671028	Paper: Phelps, Hildebrand, Graham et al. 2020	
18400	neuron 18401	671028	Paper: Phelps, Hildebrand, Graham et al. 2020	
18391	neuron 18392	671028	Paper: Phelps, Hildebrand, Graham et al. 2020	
18377	neuron 18378	671028	Paper: Phelps, Hildebrand, Graham et al. 2020	
18368	neuron 18369	671028	Paper: Phelps, Hildebrand, Graham et al. 2020	
18359	neuron 18360	671028	Paper: Phelps, Hildebrand, Graham et al. 2020	
18350	neuron 18351	671028	Paper: Phelps, Hildebrand, Graham et al. 2020	
18553	neuron 18554	671028	Paper: Phelps, Hildebrand, Graham et al. 2020	
22169	neuron 22170	671028	Paper: Phelps, Hildebrand, Graham et al. 2020	
18562	neuron 18563	671028	Paper: Phelps, Hildebrand, Graham et al. 2020	
18580	neuron 18581	671028	Paper: Phelps, Hildebrand, Graham et al. 2020	
19416	neuron 19417	671028	Paper: Phelps, Hildebrand, Graham et al. 2020	
19411	neuron 19412	671028	Paper: Phelps, Hildebrand, Graham et al. 2020	
19404	neuron 19405	671028	Paper: Phelps, Hildebrand, Graham et al. 2020	
19385	neuron 19386	671028	Paper: Phelps, Hildebrand, Graham et al. 2020	
19371	neuron 19372	671028	Paper: Phelps, Hildebrand, Graham et al. 2020	
19366	neuron 19367	671028	Paper: Phelps, Hildebrand, Graham et al. 2020	
19362	neuron 19363	671028	Paper: Phelps, Hildebrand, Graham et al. 2020	
19269	neuron 19270	671028	Paper: Phelps, Hildebrand, Graham et al. 2020	
19254	neuron 19255	671028	Paper: Phelps, Hildebrand, Graham et al. 2020	
19246	neuron 19247	671028	Paper: Phelps, Hildebrand, Graham et al. 2020	
18622	neuron 18623	671028	Paper: Phelps, Hildebrand, Graham et al. 2020	
18616	neuron 18617	671028	Paper: Phelps, Hildebrand, Graham et al. 2020	
18607	neuron 18608	671028	Paper: Phelps, Hildebrand, Graham et al. 2020	
18598	neuron 18599	671028	Paper: Phelps, Hildebrand, Graham et al. 2020	
18589	neuron 18590	671028	Paper: Phelps, Hildebrand, Graham et al. 2020	
18571	neuron 18572	671028	Paper: Phelps, Hildebrand, Graham et al. 2020	
24026	neuron 24027	671028	Paper: Phelps, Hildebrand, Graham et al. 2020	
22262	neuron 22263	671028	Paper: Phelps, Hildebrand, Graham et al. 2020	
22304	neuron 22305	671028	Paper: Phelps, Hildebrand, Graham et al. 2020	
23480	neuron 23481	671028	Paper: Phelps, Hildebrand, Graham et al. 2020	
23459	neuron 23460	671028	Paper: Phelps, Hildebrand, Graham et al. 2020	
23454	neuron 23455	671028	Paper: Phelps, Hildebrand, Graham et al. 2020	
23410	neuron 23411	671028	Paper: Phelps, Hildebrand, Graham et al. 2020	
23368	neuron 23369	671028	Paper: Phelps, Hildebrand, Graham et al. 2020	
23321	neuron 23322	671028	Paper: Phelps, Hildebrand, Graham et al. 2020	
23503	neuron 23504	671028	Paper: Phelps, Hildebrand, Graham et al. 2020	
23284	neuron 23285	671028	Paper: Phelps, Hildebrand, Graham et al. 2020	
23252	neuron 23253	671028	Paper: Phelps, Hildebrand, Graham et al. 2020	
23245	neuron 23246	671028	Paper: Phelps, Hildebrand, Graham et al. 2020	
23181	neuron 23182	671028	Paper: Phelps, Hildebrand, Graham et al. 2020	
23161	neuron 23162	671028	Paper: Phelps, Hildebrand, Graham et al. 2020	
23126	neuron 23127	671028	Paper: Phelps, Hildebrand, Graham et al. 2020	
23086	neuron 23087	671028	Paper: Phelps, Hildebrand, Graham et al. 2020	
23265	neuron 23266	671028	Paper: Phelps, Hildebrand, Graham et al. 2020	
23550	neuron 23551	671028	Paper: Phelps, Hildebrand, Graham et al. 2020	
23560	neuron 23561	671028	Paper: Phelps, Hildebrand, Graham et al. 2020	
23581	neuron 23582	671028	Paper: Phelps, Hildebrand, Graham et al. 2020	
23991	neuron 23992	671028	Paper: Phelps, Hildebrand, Graham et al. 2020	
23961	neuron 23962	671028	Paper: Phelps, Hildebrand, Graham et al. 2020	
23956	neuron 23957	671028	Paper: Phelps, Hildebrand, Graham et al. 2020	
23949	neuron 23950	671028	Paper: Phelps, Hildebrand, Graham et al. 2020	
23932	neuron 23933	671028	Paper: Phelps, Hildebrand, Graham et al. 2020	
23914	neuron 23915	671028	Paper: Phelps, Hildebrand, Graham et al. 2020	
23845	neuron 23846	671028	Paper: Phelps, Hildebrand, Graham et al. 2020	
23826	neuron 23827	671028	Paper: Phelps, Hildebrand, Graham et al. 2020	
23798	neuron 23799	671028	Paper: Phelps, Hildebrand, Graham et al. 2020	
23746	neuron 23747	671028	Paper: Phelps, Hildebrand, Graham et al. 2020	
23721	neuron 23722	671028	Paper: Phelps, Hildebrand, Graham et al. 2020	
23707	neuron 23708	671028	Paper: Phelps, Hildebrand, Graham et al. 2020	
23700	neuron 23701	671028	Paper: Phelps, Hildebrand, Graham et al. 2020	
23643	neuron 23644	671028	Paper: Phelps, Hildebrand, Graham et al. 2020	
23616	neuron 23617	671028	Paper: Phelps, Hildebrand, Graham et al. 2020	
23066	neuron 23067	671028	Paper: Phelps, Hildebrand, Graham et al. 2020	
23015	neuron 23016	671028	Paper: Phelps, Hildebrand, Graham et al. 2020	
23004	neuron 23005	671028	Paper: Phelps, Hildebrand, Graham et al. 2020	
22989	neuron 22990	671028	Paper: Phelps, Hildebrand, Graham et al. 2020	
22662	neuron 22663	671028	Paper: Phelps, Hildebrand, Graham et al. 2020	
22619	neuron 22620	671028	Paper: Phelps, Hildebrand, Graham et al. 2020	
22612	neuron 22613	671028	Paper: Phelps, Hildebrand, Graham et al. 2020	
22582	neuron 22583	671028	Paper: Phelps, Hildebrand, Graham et al. 2020	
22568	neuron 22569	671028	Paper: Phelps, Hildebrand, Graham et al. 2020	
22561	neuron 22562	671028	Paper: Phelps, Hildebrand, Graham et al. 2020	
22540	neuron 22541	671028	Paper: Phelps, Hildebrand, Graham et al. 2020	
22533	neuron 22534	671028	Paper: Phelps, Hildebrand, Graham et al. 2020	
22526	neuron 22527	671028	Paper: Phelps, Hildebrand, Graham et al. 2020	
22498	neuron 22499	671028	Paper: Phelps, Hildebrand, Graham et al. 2020	
22477	neuron 22478	671028	Paper: Phelps, Hildebrand, Graham et al. 2020	
22470	neuron 22471	671028	Paper: Phelps, Hildebrand, Graham et al. 2020	
22365	neuron 22366	671028	Paper: Phelps, Hildebrand, Graham et al. 2020	
22351	neuron 22352	671028	Paper: Phelps, Hildebrand, Graham et al. 2020	
22308	neuron 22309	671028	Paper: Phelps, Hildebrand, Graham et al. 2020	
22673	neuron 22674	671028	Paper: Phelps, Hildebrand, Graham et al. 2020	
22293	neuron 22294	671028	Paper: Phelps, Hildebrand, Graham et al. 2020	
22697	neuron 22698	671028	Paper: Phelps, Hildebrand, Graham et al. 2020	
22761	neuron 22762	671028	Paper: Phelps, Hildebrand, Graham et al. 2020	
22983	neuron 22984	671028	Paper: Phelps, Hildebrand, Graham et al. 2020	
22931	neuron 22932	671028	Paper: Phelps, Hildebrand, Graham et al. 2020	
22917	neuron 22918	671028	Paper: Phelps, Hildebrand, Graham et al. 2020	
22898	neuron 22899	671028	Paper: Phelps, Hildebrand, Graham et al. 2020	
22893	neuron 22894	671028	Paper: Phelps, Hildebrand, Graham et al. 2020	
22887	neuron 22888	671028	Paper: Phelps, Hildebrand, Graham et al. 2020	
22879	neuron 22880	671028	Paper: Phelps, Hildebrand, Graham et al. 2020	
22866	neuron 22867	671028	Paper: Phelps, Hildebrand, Graham et al. 2020	
22857	neuron 22858	671028	Paper: Phelps, Hildebrand, Graham et al. 2020	
22842	neuron 22843	671028	Paper: Phelps, Hildebrand, Graham et al. 2020	
22817	neuron 22818	671028	Paper: Phelps, Hildebrand, Graham et al. 2020	
22810	neuron 22811	671028	Paper: Phelps, Hildebrand, Graham et al. 2020	
22803	neuron 22804	671028	Paper: Phelps, Hildebrand, Graham et al. 2020	
22796	neuron 22797	671028	Paper: Phelps, Hildebrand, Graham et al. 2020	
22782	neuron 22783	671028	Paper: Phelps, Hildebrand, Graham et al. 2020	
22751	neuron 22752	671028	Paper: Phelps, Hildebrand, Graham et al. 2020	
252962	neuron 252963	671028	Paper: Phelps, Hildebrand, Graham et al. 2020	
